Date,Open,High,Low,Close,Adj Close,Volume,Dividends,Stock Splits,Capital Gains
1993-01-29,43.96875,43.96875,43.75,43.9375,24.11326789855957,1003200,0.0,0.0,0.0
1993-02-01,43.96875,44.25,43.96875,44.25,24.284761428833008,480500,0.0,0.0,0.0
1993-02-02,44.21875,44.375,44.125,44.34375,24.33621597290039,201300,0.0,0.0,0.0
1993-02-03,44.40625,44.84375,44.375,44.8125,24.59347152709961,529400,0.0,0.0,0.0
1993-02-04,44.96875,45.09375,44.46875,45.0,24.696369171142578,531500,0.0,0.0,0.0
1993-02-05,44.96875,45.0625,44.71875,44.96875,24.679214477539062,492100,0.0,0.0,0.0
1993-02-08,44.96875,45.125,44.90625,44.96875,24.679214477539062,596100,0.0,0.0,0.0
1993-02-09,44.8125,44.8125,44.5625,44.65625,24.507720947265625,122100,0.0,0.0,0.0
1993-02-10,44.65625,44.75,44.53125,44.71875,24.542020797729492,379600,0.0,0.0,0.0
1993-02-11,44.78125,45.125,44.78125,44.9375,24.662057876586914,19500,0.0,0.0,0.0
1993-02-12,44.875,44.875,44.59375,44.59375,24.473421096801758,42500,0.0,0.0,0.0
1993-02-16,44.46875,44.46875,43.40625,43.46875,23.856008529663086,374800,0.0,0.0,0.0
1993-02-17,43.46875,43.53125,43.28125,43.4375,23.838855743408203,210900,0.0,0.0,0.0
1993-02-18,43.9375,43.9375,42.8125,43.40625,23.82171058654785,378100,0.0,0.0,0.0
1993-02-19,43.40625,43.5625,43.34375,43.5625,23.907468795776367,34900,0.0,0.0,0.0
1993-02-22,43.6875,43.78125,43.5625,43.71875,23.99321746826172,513600,0.0,0.0,0.0
1993-02-23,43.84375,43.875,43.46875,43.6875,23.976058959960938,373700,0.0,0.0,0.0
1993-02-24,43.71875,44.25,43.71875,44.25,24.284761428833008,26300,0.0,0.0,0.0
1993-02-25,44.21875,44.375,44.125,44.34375,24.33621597290039,44500,0.0,0.0,0.0
1993-02-26,44.4375,44.4375,44.1875,44.40625,24.370515823364258,66200,0.0,0.0,0.0
1993-03-01,44.5625,44.5625,44.21875,44.28125,24.301908493041992,66500,0.0,0.0,0.0
1993-03-02,44.3125,44.9375,44.25,44.9375,24.662057876586914,182400,0.0,0.0,0.0
1993-03-03,45.0,45.15625,44.9375,45.125,24.76495933532715,280100,0.0,0.0,0.0
1993-03-04,45.1875,45.1875,44.875,44.875,24.627763748168945,89500,0.0,0.0,0.0
1993-03-05,44.9375,45.125,44.71875,44.75,24.559160232543945,40000,0.0,0.0,0.0
1993-03-08,44.84375,45.75,44.84375,45.75,25.10797691345215,50800,0.0,0.0,0.0
1993-03-09,45.65625,45.6875,45.5,45.59375,25.0222225189209,169300,0.0,0.0,0.0
1993-03-10,45.59375,45.6875,45.40625,45.6875,25.073680877685547,194400,0.0,0.0,0.0
1993-03-11,45.71875,45.84375,45.5,45.5625,25.005062103271484,70900,0.0,0.0,0.0
1993-03-12,45.1875,45.21875,44.8125,45.09375,24.747819900512695,643600,0.0,0.0,0.0
1993-03-15,45.0625,45.3125,45.0625,45.3125,24.867881774902344,310800,0.0,0.0,0.0
1993-03-16,45.3125,45.4375,45.3125,45.3125,24.867881774902344,30800,0.0,0.0,0.0
1993-03-17,45.25,45.25,44.96875,45.03125,24.713523864746094,21800,0.0,0.0,0.0
1993-03-18,45.21875,45.5,45.21875,45.3125,24.867881774902344,59300,0.0,0.0,0.0
1993-03-19,45.28125,45.28125,45.03125,45.03125,24.83024024963379,66900,0.213,0.0,0.0
1993-03-22,44.59375,44.875,44.5625,44.78125,24.692394256591797,183400,0.0,0.0,0.0
1993-03-23,44.90625,44.9375,44.8125,44.875,24.744081497192383,55200,0.0,0.0,0.0
1993-03-24,44.8125,45.0625,44.59375,44.875,24.744081497192383,37200,0.0,0.0,0.0
1993-03-25,44.90625,45.25,44.84375,45.15625,24.899169921875,110100,0.0,0.0,0.0
1993-03-26,45.125,45.15625,44.875,44.90625,24.76131248474121,101500,0.0,0.0,0.0
1993-03-29,44.9375,45.3125,44.9375,45.09375,24.864700317382812,87100,0.0,0.0,0.0
1993-03-30,45.15625,45.21875,45.09375,45.21875,24.933629989624023,56000,0.0,0.0,0.0
1993-03-31,45.34375,45.46875,45.1875,45.1875,24.916383743286133,111600,0.0,0.0,0.0
1993-04-01,45.25,45.25,44.9375,45.03125,24.83024024963379,129500,0.0,0.0,0.0
1993-04-02,44.65625,44.65625,44.09375,44.09375,24.31330680847168,59400,0.0,0.0,0.0
1993-04-05,44.4375,44.4375,44.1875,44.3125,24.433917999267578,172200,0.0,0.0,0.0
1993-04-06,44.40625,44.40625,44.0625,44.1875,24.364986419677734,129700,0.0,0.0,0.0
1993-04-07,44.25,44.34375,44.15625,44.34375,24.451154708862305,28000,0.0,0.0,0.0
1993-04-08,44.53125,44.53125,44.09375,44.28125,24.416683197021484,180800,0.0,0.0,0.0
1993-04-12,44.71875,44.9375,44.65625,44.90625,24.76131248474121,348500,0.0,0.0,0.0
1993-04-13,44.875,45.15625,44.84375,45.0,24.81300926208496,146100,0.0,0.0,0.0
1993-04-14,45.03125,45.0625,44.90625,44.9375,24.778541564941406,119600,0.0,0.0,0.0
1993-04-15,44.90625,45.03125,44.75,44.9375,24.778541564941406,148600,0.0,0.0,0.0
1993-04-16,44.96875,45.03125,44.875,44.9375,24.778541564941406,47900,0.0,0.0,0.0
1993-04-19,44.9375,45.0625,44.71875,44.75,24.67515754699707,157000,0.0,0.0,0.0
1993-04-20,44.6875,44.75,44.25,44.53125,24.554529190063477,279500,0.0,0.0,0.0
1993-04-21,44.625,44.625,44.375,44.5,24.53729820251465,67900,0.0,0.0,0.0
1993-04-22,44.3125,44.6875,43.9375,43.9375,24.227142333984375,97700,0.0,0.0,0.0
1993-04-23,43.84375,43.96875,43.6875,43.75,24.123769760131836,106000,0.0,0.0,0.0
1993-04-26,43.78125,43.9375,43.28125,43.40625,23.934213638305664,62600,0.0,0.0,0.0
1993-04-27,43.34375,43.875,43.34375,43.875,24.192689895629883,156800,0.0,0.0,0.0
1993-04-28,43.8125,43.90625,43.71875,43.78125,24.14097785949707,85900,0.0,0.0,0.0
1993-04-29,43.875,43.96875,43.625,43.96875,24.24437713623047,85000,0.0,0.0,0.0
1993-04-30,44.125,44.28125,44.03125,44.03125,24.27883529663086,88500,0.0,0.0,0.0
1993-05-03,44.09375,44.3125,43.90625,44.3125,24.433917999267578,80500,0.0,0.0,0.0
1993-05-04,44.40625,44.625,44.34375,44.46875,24.520078659057617,149100,0.0,0.0,0.0
1993-05-05,44.46875,44.75,44.46875,44.59375,24.58902931213379,109000,0.0,0.0,0.0
1993-05-06,44.53125,44.5625,44.40625,44.4375,24.502849578857422,54700,0.0,0.0,0.0
1993-05-07,44.46875,44.46875,44.28125,44.34375,24.451154708862305,68000,0.0,0.0,0.0
1993-05-10,44.40625,44.6875,44.40625,44.4375,24.502849578857422,113900,0.0,0.0,0.0
1993-05-11,44.4375,44.625,44.3125,44.625,24.606224060058594,42600,0.0,0.0,0.0
1993-05-12,44.4375,44.59375,44.4375,44.5625,24.57177734375,31000,0.0,0.0,0.0
1993-05-13,44.375,44.375,44.0,44.03125,24.27883529663086,129100,0.0,0.0,0.0
1993-05-14,44.03125,44.15625,43.96875,44.0,24.261594772338867,63500,0.0,0.0,0.0
1993-05-17,44.125,44.15625,43.9375,44.15625,24.347761154174805,34000,0.0,0.0,0.0
1993-05-18,44.1875,44.21875,43.96875,44.125,24.330541610717773,105200,0.0,0.0,0.0
1993-05-19,44.125,45.03125,43.84375,45.03125,24.83024024963379,50200,0.0,0.0,0.0
1993-05-20,45.03125,45.15625,44.9375,45.15625,24.899169921875,98200,0.0,0.0,0.0
1993-05-21,45.1875,45.25,44.71875,44.75,24.67515754699707,221400,0.0,0.0,0.0
1993-05-24,44.84375,45.09375,44.84375,44.9375,24.778541564941406,30500,0.0,0.0,0.0
1993-05-25,45.125,45.125,45.03125,45.03125,24.83024024963379,191800,0.0,0.0,0.0
1993-05-26,45.15625,45.625,45.125,45.59375,25.140413284301758,102400,0.0,0.0,0.0
1993-05-27,45.65625,45.65625,45.375,45.4375,25.054244995117188,53800,0.0,0.0,0.0
1993-05-28,45.40625,45.40625,45.0,45.21875,24.933629989624023,79100,0.0,0.0,0.0
1993-06-01,45.375,45.8125,45.3125,45.65625,25.174861907958984,28300,0.0,0.0,0.0
1993-06-02,45.53125,45.75,45.34375,45.59375,25.140413284301758,20300,0.0,0.0,0.0
1993-06-03,45.5,45.5,45.34375,45.4375,25.054244995117188,21600,0.0,0.0,0.0
1993-06-04,45.3125,45.3125,45.09375,45.28125,24.968088150024414,32000,0.0,0.0,0.0
1993-06-07,45.375,45.375,45.125,45.125,24.881925582885742,121400,0.0,0.0,0.0
1993-06-08,45.0,45.0,44.71875,44.71875,24.65792465209961,104500,0.0,0.0,0.0
1993-06-09,44.875,45.0625,44.8125,44.875,24.744081497192383,43300,0.0,0.0,0.0
1993-06-10,44.84375,44.9375,44.75,44.90625,24.76131248474121,17900,0.0,0.0,0.0
1993-06-11,45.0625,45.15625,44.90625,45.09375,24.864700317382812,647400,0.0,0.0,0.0
1993-06-14,45.15625,45.1875,45.03125,45.03125,24.83024024963379,64200,0.0,0.0,0.0
1993-06-15,45.09375,45.125,44.9375,44.9375,24.778541564941406,142400,0.0,0.0,0.0
1993-06-16,44.9375,45.03125,44.8125,45.03125,24.83024024963379,330900,0.0,0.0,0.0
1993-06-17,45.125,45.1875,45.03125,45.1875,24.916383743286133,37400,0.0,0.0,0.0
1993-06-18,44.84375,44.84375,44.5,44.5,24.71119499206543,58500,0.318,0.0,0.0
1993-06-21,44.625,44.625,44.53125,44.59375,24.763294219970703,29300,0.0,0.0,0.0
1993-06-22,44.65625,44.65625,44.5625,44.625,24.780616760253906,137500,0.0,0.0,0.0
1993-06-23,44.625,44.625,44.21875,44.21875,24.555034637451172,227600,0.0,0.0,0.0
1993-06-24,44.34375,44.8125,44.34375,44.8125,24.884737014770508,243700,0.0,0.0,0.0
1993-06-25,44.78125,44.90625,44.75,44.78125,24.867393493652344,44800,0.0,0.0,0.0
1993-06-28,45.0,45.28125,44.9375,45.28125,25.145048141479492,439900,0.0,0.0,0.0
1993-06-29,45.21875,45.21875,45.0,45.0625,25.023561477661133,207500,0.0,0.0,0.0
1993-06-30,45.125,45.21875,45.0,45.0625,25.023561477661133,437600,0.0,0.0,0.0
1993-07-01,45.125,45.125,44.875,44.9375,24.95415496826172,605700,0.0,0.0,0.0
1993-07-02,44.78125,44.8125,44.53125,44.6875,24.81533432006836,285400,0.0,0.0,0.0
1993-07-06,44.625,44.75,44.15625,44.21875,24.555034637451172,246400,0.0,0.0,0.0
1993-07-07,44.1875,44.40625,44.1875,44.34375,24.624441146850586,343700,0.0,0.0,0.0
1993-07-08,44.375,44.9375,44.3125,44.84375,24.902103424072266,248200,0.0,0.0,0.0
1993-07-09,44.84375,44.96875,44.75,44.96875,24.971511840820312,378200,0.0,0.0,0.0
1993-07-12,44.90625,44.96875,44.84375,44.9375,24.95415496826172,373700,0.0,0.0,0.0
1993-07-13,44.96875,45.09375,44.65625,44.90625,24.93680763244629,389600,0.0,0.0,0.0
1993-07-14,44.9375,45.1875,44.90625,45.0625,25.023561477661133,617300,0.0,0.0,0.0
1993-07-15,45.03125,45.03125,44.78125,44.875,24.919452667236328,443800,0.0,0.0,0.0
1993-07-16,44.90625,44.9375,44.6875,44.75,24.85003089904785,216400,0.0,0.0,0.0
1993-07-19,44.75,44.75,44.59375,44.71875,24.832683563232422,188200,0.0,0.0,0.0
1993-07-20,44.6875,44.84375,44.46875,44.84375,24.902103424072266,68500,0.0,0.0,0.0
1993-07-21,44.78125,44.8125,44.65625,44.8125,24.884737014770508,142700,0.0,0.0,0.0
1993-07-22,44.75,44.8125,44.5,44.5,24.71119499206543,632400,0.0,0.0,0.0
1993-07-23,44.59375,44.71875,44.5625,44.71875,24.832683563232422,286200,0.0,0.0,0.0
1993-07-26,44.84375,45.0625,44.84375,44.96875,24.971511840820312,121300,0.0,0.0,0.0
1993-07-27,45.0,45.03125,44.78125,44.9375,24.95415496826172,92800,0.0,0.0,0.0
1993-07-28,44.84375,44.9375,44.78125,44.84375,24.902103424072266,30800,0.0,0.0,0.0
1993-07-29,44.9375,45.21875,44.875,45.09375,25.040925979614258,331000,0.0,0.0,0.0
1993-07-30,45.09375,45.09375,44.78125,44.84375,24.902103424072266,75300,0.0,0.0,0.0
1993-08-02,44.90625,45.125,44.90625,44.96875,24.971511840820312,41300,0.0,0.0,0.0
1993-08-03,45.0625,45.1875,44.84375,45.0,24.988855361938477,81600,0.0,0.0,0.0
1993-08-04,45.0,45.09375,44.875,45.0,24.988855361938477,434000,0.0,0.0,0.0
1993-08-05,45.0,45.0,44.84375,44.90625,24.93680763244629,36800,0.0,0.0,0.0
1993-08-06,45.03125,45.0625,44.90625,44.96875,24.971511840820312,402300,0.0,0.0,0.0
1993-08-09,45.09375,45.34375,45.0,45.21875,25.110336303710938,828200,0.0,0.0,0.0
1993-08-10,45.1875,45.21875,45.125,45.1875,25.09296989440918,604900,0.0,0.0,0.0
1993-08-11,45.15625,45.3125,45.15625,45.1875,25.09296989440918,542200,0.0,0.0,0.0
1993-08-12,45.3125,45.3125,44.90625,45.0625,25.023561477661133,303700,0.0,0.0,0.0
1993-08-13,45.09375,45.15625,45.09375,45.125,25.05827522277832,103500,0.0,0.0,0.0
1993-08-16,45.15625,45.5,45.15625,45.375,25.197092056274414,241800,0.0,0.0,0.0
1993-08-17,45.34375,45.53125,45.34375,45.53125,25.28386116027832,369300,0.0,0.0,0.0
1993-08-18,45.6875,45.875,45.65625,45.78125,25.422698974609375,414300,0.0,0.0,0.0
1993-08-19,45.8125,45.8125,45.71875,45.78125,25.422698974609375,28500,0.0,0.0,0.0
1993-08-20,45.6875,45.8125,45.65625,45.8125,25.44005012512207,80700,0.0,0.0,0.0
1993-08-23,45.625,45.75,45.625,45.71875,25.387989044189453,15600,0.0,0.0,0.0
1993-08-24,45.71875,46.21875,45.71875,46.21875,25.66566276550293,273400,0.0,0.0,0.0
1993-08-25,46.21875,46.4375,46.15625,46.25,25.682985305786133,242300,0.0,0.0,0.0
1993-08-26,46.28125,46.53125,46.09375,46.28125,25.700342178344727,120000,0.0,0.0,0.0
1993-08-27,46.15625,46.25,46.15625,46.25,25.682985305786133,25700,0.0,0.0,0.0
1993-08-30,46.28125,46.5,46.28125,46.4375,25.787109375,183500,0.0,0.0,0.0
1993-08-31,46.40625,46.5625,46.34375,46.5625,25.856529235839844,66500,0.0,0.0,0.0
1993-09-01,46.40625,46.59375,46.40625,46.5,25.821823120117188,136500,0.0,0.0,0.0
1993-09-02,46.53125,46.59375,46.3125,46.34375,25.735063552856445,472400,0.0,0.0,0.0
1993-09-03,46.3125,46.4375,46.25,46.375,25.75240135192871,630500,0.0,0.0,0.0
1993-09-07,46.375,46.4375,46.0,46.0625,25.578882217407227,196400,0.0,0.0,0.0
1993-09-08,46.0625,46.0625,45.59375,45.90625,25.49210548400879,269900,0.0,0.0,0.0
1993-09-09,45.71875,46.03125,45.71875,46.0,25.544178009033203,239200,0.0,0.0,0.0
1993-09-10,46.125,46.4375,46.0625,46.40625,25.76976776123047,106500,0.0,0.0,0.0
1993-09-13,46.5625,46.5625,46.4375,46.4375,25.787109375,66900,0.0,0.0,0.0
1993-09-14,46.3125,46.3125,46.09375,46.25,25.682985305786133,184500,0.0,0.0,0.0
1993-09-15,46.0625,46.40625,45.90625,46.375,25.75240135192871,101000,0.0,0.0,0.0
1993-09-16,46.3125,46.34375,46.15625,46.1875,25.64828109741211,54300,0.0,0.0,0.0
1993-09-17,45.875,45.90625,45.75,45.8125,25.598552703857422,200900,0.286,0.0,0.0
1993-09-20,45.875,45.96875,45.4375,45.4375,25.38903045654297,57800,0.0,0.0,0.0
1993-09-21,45.5,45.5625,44.8125,45.28125,25.30172348022461,318200,0.0,0.0,0.0
1993-09-22,45.4375,45.71875,45.375,45.65625,25.511253356933594,439700,0.0,0.0,0.0
1993-09-23,45.78125,45.9375,45.71875,45.90625,25.65093994140625,88500,0.0,0.0,0.0
1993-09-24,45.84375,45.875,45.71875,45.78125,25.581104278564453,53500,0.0,0.0,0.0
1993-09-27,46.125,46.28125,46.125,46.28125,25.8604793548584,274600,0.0,0.0,0.0
1993-09-28,46.3125,46.3125,46.15625,46.1875,25.8080997467041,158300,0.0,0.0,0.0
1993-09-29,46.1875,46.3125,45.96875,46.03125,25.720794677734375,221000,0.0,0.0,0.0
1993-09-30,46.03125,46.125,45.84375,45.9375,25.668428421020508,99300,0.0,0.0,0.0
1993-10-01,45.875,46.21875,45.8125,46.15625,25.79062843322754,22700,0.0,0.0,0.0
1993-10-04,46.21875,46.21875,46.09375,46.21875,25.825563430786133,1038500,0.0,0.0,0.0
1993-10-05,46.3125,46.3125,46.0,46.15625,25.79062843322754,436500,0.0,0.0,0.0
1993-10-06,46.1875,46.375,46.125,46.125,25.77318000793457,209200,0.0,0.0,0.0
1993-10-07,46.1875,46.1875,45.96875,46.0,25.703330993652344,59400,0.0,0.0,0.0
1993-10-08,46.125,46.15625,45.71875,46.0625,25.738250732421875,54400,0.0,0.0,0.0
1993-10-11,46.15625,46.25,46.15625,46.15625,25.79062843322754,467100,0.0,0.0,0.0
1993-10-12,46.21875,46.25,46.1875,46.21875,25.825563430786133,26200,0.0,0.0,0.0
1993-10-13,46.25,46.25,46.15625,46.21875,25.825563430786133,139100,0.0,0.0,0.0
1993-10-14,46.40625,46.8125,46.28125,46.8125,26.15732192993164,108100,0.0,0.0,0.0
1993-10-15,47.03125,47.15625,46.90625,47.0625,26.297019958496094,1502500,0.0,0.0,0.0
1993-10-18,47.03125,47.03125,46.875,46.9375,26.227184295654297,722400,0.0,0.0,0.0
1993-10-19,46.875,46.96875,46.59375,46.59375,26.03509521484375,880100,0.0,0.0,0.0
1993-10-20,46.75,46.75,46.5625,46.65625,26.070024490356445,230400,0.0,0.0,0.0
1993-10-21,46.6875,46.6875,46.53125,46.59375,26.03509521484375,56200,0.0,0.0,0.0
1993-10-22,46.65625,46.84375,46.375,46.375,25.912878036499023,390700,0.0,0.0,0.0
1993-10-25,46.40625,46.5625,46.28125,46.5,25.98270606994629,114500,0.0,0.0,0.0
1993-10-26,46.46875,46.5,46.3125,46.46875,25.965251922607422,186200,0.0,0.0,0.0
1993-10-27,46.40625,46.53125,46.40625,46.5,25.98270606994629,118400,0.0,0.0,0.0
1993-10-28,46.5625,46.96875,46.5625,46.84375,26.174800872802734,129600,0.0,0.0,0.0
1993-10-29,46.8125,46.875,46.78125,46.84375,26.174800872802734,80700,0.0,0.0,0.0
1993-11-01,46.78125,47.0,46.78125,46.96875,26.244626998901367,36400,0.0,0.0,0.0
1993-11-02,46.90625,47.0,46.65625,46.9375,26.227184295654297,262100,0.0,0.0,0.0
1993-11-03,46.90625,46.90625,46.125,46.34375,25.895410537719727,479100,0.0,0.0,0.0
1993-11-04,46.34375,46.34375,45.8125,45.84375,25.61602020263672,130400,0.0,0.0,0.0
1993-11-05,45.71875,46.0625,45.53125,46.0625,25.738250732421875,363200,0.0,0.0,0.0
1993-11-08,46.09375,46.25,45.96875,46.125,25.77318000793457,367600,0.0,0.0,0.0
1993-11-09,46.4375,46.46875,46.125,46.15625,25.79062843322754,246900,0.0,0.0,0.0
1993-11-10,46.15625,46.5,46.03125,46.5,25.98270606994629,46500,0.0,0.0,0.0
1993-11-11,46.5,46.625,46.34375,46.375,25.912878036499023,88900,0.0,0.0,0.0
1993-11-12,46.46875,46.75,46.4375,46.59375,26.03509521484375,108200,0.0,0.0,0.0
1993-11-15,46.6875,46.6875,46.4375,46.5625,26.01765251159668,243300,0.0,0.0,0.0
1993-11-16,46.65625,46.8125,46.46875,46.78125,26.13986587524414,492600,0.0,0.0,0.0
1993-11-17,46.8125,46.8125,46.40625,46.53125,26.00016975402832,39600,0.0,0.0,0.0
1993-11-18,46.46875,46.5625,46.28125,46.40625,25.93031883239746,240800,0.0,0.0,0.0
1993-11-19,46.25,46.375,46.21875,46.3125,25.877952575683594,106000,0.0,0.0,0.0
1993-11-22,46.1875,46.21875,45.875,46.03125,25.720794677734375,165300,0.0,0.0,0.0
1993-11-23,46.28125,46.3125,46.03125,46.28125,25.8604793548584,89700,0.0,0.0,0.0
1993-11-24,46.40625,46.5,46.34375,46.46875,25.965251922607422,77200,0.0,0.0,0.0
1993-11-26,46.59375,46.59375,46.46875,46.5,25.98270606994629,1019800,0.0,0.0,0.0
1993-11-29,46.625,46.71875,46.3125,46.3125,25.877952575683594,517500,0.0,0.0,0.0
1993-11-30,46.28125,46.5625,46.25,46.34375,25.895410537719727,230000,0.0,0.0,0.0
1993-12-01,46.59375,46.625,46.40625,46.40625,25.93031883239746,379200,0.0,0.0,0.0
1993-12-02,46.5,46.5625,46.40625,46.53125,26.00016975402832,352000,0.0,0.0,0.0
1993-12-03,46.5,46.71875,46.5,46.71875,26.104944229125977,306000,0.0,0.0,0.0
1993-12-06,46.78125,46.9375,46.78125,46.875,26.192258834838867,99500,0.0,0.0,0.0
1993-12-07,46.875,46.90625,46.78125,46.84375,26.174800872802734,88800,0.0,0.0,0.0
1993-12-08,46.84375,46.84375,46.78125,46.84375,26.174800872802734,146700,0.0,0.0,0.0
1993-12-09,46.84375,46.90625,46.625,46.6875,26.087472915649414,416500,0.0,0.0,0.0
1993-12-10,46.71875,46.71875,46.5,46.59375,26.03509521484375,412900,0.0,0.0,0.0
1993-12-13,46.59375,46.875,46.53125,46.875,26.192258834838867,273200,0.0,0.0,0.0
1993-12-14,46.90625,46.90625,46.53125,46.53125,26.00016975402832,41900,0.0,0.0,0.0
1993-12-15,46.59375,46.625,46.46875,46.46875,25.965251922607422,82600,0.0,0.0,0.0
1993-12-16,46.65625,46.65625,46.5625,46.625,26.052549362182617,78200,0.0,0.0,0.0
1993-12-17,46.40625,46.59375,46.375,46.5625,26.195758819580078,104700,0.317,0.0,0.0
1993-12-20,46.53125,46.65625,46.5,46.625,26.23090362548828,68800,0.0,0.0,0.0
1993-12-21,46.5625,46.5625,46.40625,46.46875,26.143003463745117,205700,0.0,0.0,0.0
1993-12-22,46.59375,46.8125,46.5,46.78125,26.318788528442383,410300,0.0,0.0,0.0
1993-12-23,46.75,46.84375,46.6875,46.75,26.30121612548828,533800,0.0,0.0,0.0
1993-12-27,46.75,47.0,46.75,47.0,26.441865921020508,447100,0.0,0.0,0.0
1993-12-28,46.96875,47.125,46.9375,47.09375,26.494617462158203,880600,0.0,0.0,0.0
1993-12-29,47.125,47.15625,47.0,47.03125,26.459455490112305,266700,0.0,0.0,0.0
1993-12-30,47.0,47.0,46.75,46.84375,26.353960037231445,219900,0.0,0.0,0.0
1993-12-31,46.9375,47.0,46.5625,46.59375,26.213335037231445,312900,0.0,0.0,0.0
1994-01-03,46.59375,46.65625,46.40625,46.46875,26.143003463745117,960900,0.0,0.0,0.0
1994-01-04,46.53125,46.65625,46.46875,46.65625,26.248483657836914,164300,0.0,0.0,0.0
1994-01-05,46.71875,46.78125,46.53125,46.75,26.30121612548828,710900,0.0,0.0,0.0
1994-01-06,46.8125,46.84375,46.6875,46.75,26.30121612548828,201000,0.0,0.0,0.0
1994-01-07,46.84375,47.0625,46.71875,47.03125,26.459455490112305,775500,0.0,0.0,0.0
1994-01-10,47.09375,47.59375,46.96875,47.59375,26.77590560913086,593700,0.0,0.0,0.0
1994-01-11,47.5625,47.5625,47.34375,47.5,26.723161697387695,295200,0.0,0.0,0.0
1994-01-12,47.53125,47.53125,47.1875,47.34375,26.63527488708496,158400,0.0,0.0,0.0
1994-01-13,47.21875,47.3125,47.15625,47.21875,26.564945220947266,244300,0.0,0.0,0.0
1994-01-14,47.375,47.5,47.375,47.40625,26.670429229736328,137200,0.0,0.0,0.0
1994-01-17,47.40625,47.46875,47.3125,47.40625,26.670429229736328,17700,0.0,0.0,0.0
1994-01-18,47.46875,47.53125,47.375,47.46875,26.705596923828125,166400,0.0,0.0,0.0
1994-01-19,47.40625,47.46875,47.25,47.34375,26.63527488708496,200800,0.0,0.0,0.0
1994-01-20,47.40625,47.5,47.375,47.46875,26.705596923828125,281100,0.0,0.0,0.0
1994-01-21,47.53125,47.53125,47.34375,47.375,26.652854919433594,85600,0.0,0.0,0.0
1994-01-24,47.34375,47.5625,47.1875,47.1875,26.547359466552734,373800,0.0,0.0,0.0
1994-01-25,47.21875,47.25,47.09375,47.1875,26.547359466552734,310400,0.0,0.0,0.0
1994-01-26,47.1875,47.34375,47.125,47.3125,26.617673873901367,145100,0.0,0.0,0.0
1994-01-27,47.40625,47.8125,47.34375,47.75,26.863801956176758,344500,0.0,0.0,0.0
1994-01-28,47.9375,48.03125,47.875,47.875,26.934141159057617,356500,0.0,0.0,0.0
1994-01-31,48.0625,48.3125,48.0,48.21875,27.12752342224121,313800,0.0,0.0,0.0
1994-02-01,48.15625,48.15625,47.90625,47.96875,26.98689842224121,303600,0.0,0.0,0.0
1994-02-02,48.125,48.28125,48.09375,48.28125,27.162687301635742,307600,0.0,0.0,0.0
1994-02-03,48.1875,48.1875,47.90625,48.0625,27.039627075195312,466100,0.0,0.0,0.0
1994-02-04,48.0625,48.125,46.96875,46.96875,26.424297332763672,1403200,0.0,0.0,0.0
1994-02-07,46.84375,47.3125,46.84375,47.1875,26.547359466552734,516400,0.0,0.0,0.0
1994-02-08,47.28125,47.28125,47.03125,47.21875,26.564945220947266,188200,0.0,0.0,0.0
1994-02-09,47.25,47.4375,47.1875,47.40625,26.670429229736328,144600,0.0,0.0,0.0
1994-02-10,47.375,47.40625,47.0,47.0,26.441865921020508,883900,0.0,0.0,0.0
1994-02-11,47.03125,47.28125,46.8125,47.15625,26.529766082763672,519400,0.0,0.0,0.0
1994-02-14,47.0625,47.375,47.0,47.21875,26.564945220947266,2742100,0.0,0.0,0.0
1994-02-15,47.3125,47.5,47.25,47.46875,26.705596923828125,374700,0.0,0.0,0.0
1994-02-16,47.53125,47.53125,47.34375,47.4375,26.688011169433594,287600,0.0,0.0,0.0
1994-02-17,47.65625,47.6875,47.03125,47.15625,26.529766082763672,342400,0.0,0.0,0.0
1994-02-18,47.1875,47.21875,46.75,46.875,26.37154769897461,313300,0.0,0.0,0.0
1994-02-22,47.0,47.34375,47.0,47.34375,26.63527488708496,154500,0.0,0.0,0.0
1994-02-23,47.40625,47.4375,47.0625,47.21875,26.564945220947266,391700,0.0,0.0,0.0
1994-02-24,47.0625,47.0625,46.5625,46.59375,26.213335037231445,770800,0.0,0.0,0.0
1994-02-25,46.65625,46.8125,46.5625,46.8125,26.33639907836914,531300,0.0,0.0,0.0
1994-02-28,46.9375,47.0625,46.8125,46.8125,26.33639907836914,333000,0.0,0.0,0.0
1994-03-01,46.8125,46.90625,46.375,46.625,26.23090362548828,423600,0.0,0.0,0.0
1994-03-02,46.03125,46.6875,45.90625,46.6875,26.266077041625977,581500,0.0,0.0,0.0
1994-03-03,46.625,46.625,46.4375,46.5625,26.195758819580078,223200,0.0,0.0,0.0
1994-03-04,46.5625,46.8125,46.40625,46.6875,26.266077041625977,595800,0.0,0.0,0.0
1994-03-07,46.84375,47.0,46.84375,46.9375,26.40671730041504,539800,0.0,0.0,0.0
1994-03-08,46.96875,46.96875,46.6875,46.75,26.30121612548828,880300,0.0,0.0,0.0
1994-03-09,46.8125,47.0,46.59375,46.96875,26.424297332763672,2500100,0.0,0.0,0.0
1994-03-10,46.9375,46.9375,46.4375,46.59375,26.213335037231445,207400,0.0,0.0,0.0
1994-03-11,46.65625,46.90625,46.40625,46.84375,26.353960037231445,576600,0.0,0.0,0.0
1994-03-14,47.03125,47.03125,46.84375,46.90625,26.389127731323242,345900,0.0,0.0,0.0
1994-03-15,47.0,47.09375,46.84375,46.875,26.37154769897461,748600,0.0,0.0,0.0
1994-03-16,46.9375,47.25,46.78125,47.25,26.582515716552734,455500,0.0,0.0,0.0
1994-03-17,47.09375,47.3125,47.09375,47.25,26.582515716552734,133000,0.0,0.0,0.0
1994-03-18,46.75,47.03125,46.71875,46.96875,26.576725006103516,365500,0.271,0.0,0.0
1994-03-21,46.8125,46.9375,46.71875,46.84375,26.50599479675293,324800,0.0,0.0,0.0
1994-03-22,46.84375,47.0625,46.75,46.96875,26.576725006103516,435700,0.0,0.0,0.0
1994-03-23,46.9375,47.0625,46.90625,46.9375,26.559038162231445,698500,0.0,0.0,0.0
1994-03-24,46.75,46.84375,46.15625,46.375,26.24076271057129,1200500,0.0,0.0,0.0
1994-03-25,46.40625,46.53125,45.9375,45.9375,25.993196487426758,100900,0.0,0.0,0.0
1994-03-28,46.0,46.0625,45.59375,46.0,26.028566360473633,1117200,0.0,0.0,0.0
1994-03-29,46.0,46.03125,45.09375,45.09375,25.515779495239258,338400,0.0,0.0,0.0
1994-03-30,45.125,45.25,44.46875,44.46875,25.16213035583496,1123900,0.0,0.0,0.0
1994-03-31,44.46875,44.6875,43.53125,44.59375,25.23284912109375,788800,0.0,0.0,0.0
1994-04-04,43.34375,44.03125,43.34375,43.90625,24.84384536743164,2627300,0.0,0.0,0.0
1994-04-05,44.34375,44.8125,44.34375,44.8125,25.356643676757812,1179000,0.0,0.0,0.0
1994-04-06,44.875,44.90625,44.5,44.8125,25.356643676757812,516500,0.0,0.0,0.0
1994-04-07,44.78125,45.125,44.53125,45.03125,25.480398178100586,666100,0.0,0.0,0.0
1994-04-08,44.9375,44.9375,44.46875,44.6875,25.285907745361328,242400,0.0,0.0,0.0
1994-04-11,44.8125,45.0625,44.703125,44.875,25.391998291015625,203300,0.0,0.0,0.0
1994-04-12,44.921875,45.0,44.71875,44.8125,25.356643676757812,1409200,0.0,0.0,0.0
1994-04-13,44.796875,44.90625,44.25,44.578125,25.2239990234375,364100,0.0,0.0,0.0
1994-04-14,44.5,44.828125,44.40625,44.59375,25.23284912109375,419900,0.0,0.0,0.0
1994-04-15,44.578125,44.78125,44.515625,44.59375,25.23284912109375,387300,0.0,0.0,0.0
1994-04-18,44.640625,44.765625,44.15625,44.296875,25.064882278442383,369100,0.0,0.0,0.0
1994-04-19,44.25,44.53125,43.984375,44.359375,25.10025405883789,472200,0.0,0.0,0.0
1994-04-20,44.40625,44.515625,44.078125,44.3125,25.07371711730957,508000,0.0,0.0,0.0
1994-04-21,44.5,44.96875,44.34375,44.90625,25.409671783447266,200300,0.0,0.0,0.0
1994-04-22,45.015625,45.046875,44.734375,44.859375,25.38315773010254,301800,0.0,0.0,0.0
1994-04-25,44.84375,45.359375,44.84375,45.328125,25.648391723632812,394600,0.0,0.0,0.0
1994-04-26,45.265625,45.34375,45.1875,45.28125,25.621875762939453,399000,0.0,0.0,0.0
1994-04-28,45.1875,45.25,44.8125,44.953125,25.43621063232422,287000,0.0,0.0,0.0
1994-04-29,44.875,45.15625,44.8125,45.09375,25.515779495239258,481900,0.0,0.0,0.0
1994-05-02,45.09375,45.71875,44.9375,45.375,25.67491340637207,275000,0.0,0.0,0.0
1994-05-03,45.390625,45.40625,45.0625,45.328125,25.648391723632812,183400,0.0,0.0,0.0
1994-05-04,45.421875,45.421875,45.078125,45.25,25.604188919067383,401900,0.0,0.0,0.0
1994-05-05,45.296875,45.375,45.1875,45.1875,25.568819046020508,659800,0.0,0.0,0.0
1994-05-06,44.96875,44.96875,44.59375,44.75,25.32126808166504,216300,0.0,0.0,0.0
1994-05-09,44.625,44.75,44.28125,44.359375,25.10025405883789,499300,0.0,0.0,0.0
1994-05-10,44.578125,44.84375,44.546875,44.703125,25.294729232788086,583400,0.0,0.0,0.0
1994-05-11,44.65625,44.71875,44.171875,44.296875,25.064882278442383,210600,0.0,0.0,0.0
1994-05-12,44.578125,44.625,44.40625,44.515625,25.188650131225586,305200,0.0,0.0,0.0
1994-05-13,44.640625,44.640625,44.296875,44.515625,25.188650131225586,321300,0.0,0.0,0.0
1994-05-16,44.609375,44.75,44.515625,44.53125,25.197498321533203,450400,0.0,0.0,0.0
1994-05-17,44.5625,45.1875,44.5,45.1875,25.568819046020508,470200,0.0,0.0,0.0
1994-05-18,45.21875,45.6875,45.015625,45.515625,25.75448226928711,824800,0.0,0.0,0.0
1994-05-19,45.421875,45.859375,45.421875,45.734375,25.87825584411621,531000,0.0,0.0,0.0
1994-05-20,45.65625,45.6875,45.5,45.5625,25.781009674072266,370400,0.0,0.0,0.0
1994-05-23,45.515625,45.53125,45.34375,45.484375,25.73680877685547,262700,0.0,0.0,0.0
1994-05-24,45.609375,45.84375,45.609375,45.671875,25.842893600463867,549600,0.0,0.0,0.0
1994-05-25,45.5,45.828125,45.34375,45.796875,25.913625717163086,738200,0.0,0.0,0.0
1994-05-26,45.78125,45.9375,45.734375,45.828125,25.93132209777832,369600,0.0,0.0,0.0
1994-05-27,45.75,45.875,45.671875,45.875,25.957828521728516,162000,0.0,0.0,0.0
1994-05-31,45.734375,45.90625,45.65625,45.8125,25.922475814819336,160000,0.0,0.0,0.0
1994-06-01,45.703125,46.015625,45.5625,46.015625,26.037403106689453,200500,0.0,0.0,0.0
1994-06-02,46.046875,46.046875,45.890625,45.96875,26.010862350463867,55100,0.0,0.0,0.0
1994-06-03,46.0,46.390625,45.859375,46.234375,26.16118621826172,550400,0.0,0.0,0.0
1994-06-06,46.328125,46.46875,46.1875,46.21875,26.152341842651367,99300,0.0,0.0,0.0
1994-06-07,46.140625,46.21875,46.03125,46.15625,26.11698341369629,120600,0.0,0.0,0.0
1994-06-08,46.265625,46.265625,45.78125,45.78125,25.90480613708496,131900,0.0,0.0,0.0
1994-06-09,45.984375,46.03125,45.890625,46.03125,26.046241760253906,80500,0.0,0.0,0.0
1994-06-10,46.078125,46.203125,46.078125,46.109375,26.090444564819336,83100,0.0,0.0,0.0
1994-06-13,46.046875,46.1875,46.03125,46.171875,26.125825881958008,109700,0.0,0.0,0.0
1994-06-14,46.3125,46.546875,46.3125,46.53125,26.329160690307617,161000,0.0,0.0,0.0
1994-06-15,46.546875,46.5625,46.3125,46.34375,26.22307586669922,142800,0.0,0.0,0.0
1994-06-16,46.34375,46.46875,46.296875,46.4375,26.276121139526367,44000,0.0,0.0,0.0
1994-06-17,46.15625,46.203125,45.8125,45.875,26.129438400268555,403800,0.305,0.0,0.0
1994-06-20,45.546875,45.625,45.4375,45.484375,25.906949996948242,137400,0.0,0.0,0.0
1994-06-21,45.453125,45.453125,44.90625,45.09375,25.684463500976562,139200,0.0,0.0,0.0
1994-06-22,45.21875,45.421875,45.171875,45.265625,25.782363891601562,279900,0.0,0.0,0.0
1994-06-23,45.34375,45.40625,44.9375,45.0,25.631072998046875,922500,0.0,0.0,0.0
1994-06-24,44.78125,44.78125,44.0,44.0625,25.09709930419922,353800,0.0,0.0,0.0
1994-06-27,44.234375,44.828125,44.015625,44.828125,25.533170700073242,371200,0.0,0.0,0.0
1994-06-28,44.84375,44.84375,44.25,44.609375,25.408578872680664,5382300,0.0,0.0,0.0
1994-06-29,44.671875,45.015625,44.625,44.75,25.488679885864258,311800,0.0,0.0,0.0
1994-06-30,44.828125,44.84375,44.3125,44.46875,25.328475952148438,271900,0.0,0.0,0.0
1994-07-01,44.6875,44.6875,44.375,44.5625,25.381866455078125,406900,0.0,0.0,0.0
1994-07-05,44.65625,44.859375,44.515625,44.796875,25.515377044677734,112000,0.0,0.0,0.0
1994-07-06,44.625,44.8125,44.46875,44.734375,25.47976303100586,174800,0.0,0.0,0.0
1994-07-07,44.734375,44.921875,44.6875,44.921875,25.586570739746094,66700,0.0,0.0,0.0
1994-07-08,44.640625,44.984375,44.625,44.90625,25.577665328979492,148400,0.0,0.0,0.0
1994-07-11,44.9375,45.015625,44.53125,44.75,25.488679885864258,124000,0.0,0.0,0.0
1994-07-12,44.765625,44.828125,44.515625,44.8125,25.524274826049805,257300,0.0,0.0,0.0
1994-07-13,44.828125,45.03125,44.828125,44.890625,25.568761825561523,532700,0.0,0.0,0.0
1994-07-14,45.109375,45.46875,45.078125,45.375,25.84465980529785,494200,0.0,0.0,0.0
1994-07-15,45.34375,45.484375,45.328125,45.390625,25.85357093811035,49100,0.0,0.0,0.0
1994-07-18,45.390625,45.578125,45.390625,45.46875,25.898052215576172,72300,0.0,0.0,0.0
1994-07-19,45.546875,45.5625,45.375,45.375,25.84465980529785,609500,0.0,0.0,0.0
1994-07-20,45.40625,45.40625,45.0625,45.171875,25.72897720336914,185300,0.0,0.0,0.0
1994-07-21,45.171875,45.296875,45.078125,45.265625,25.782363891601562,86300,0.0,0.0,0.0
1994-07-22,45.375,45.40625,45.25,45.34375,25.826871871948242,151600,0.0,0.0,0.0
1994-07-25,45.359375,45.453125,45.3125,45.40625,25.862468719482422,120900,0.0,0.0,0.0
1994-07-26,45.390625,45.421875,45.3125,45.359375,25.835756301879883,489600,0.0,0.0,0.0
1994-07-27,45.359375,45.359375,45.171875,45.359375,25.835756301879883,83200,0.0,0.0,0.0
1994-07-28,45.359375,45.578125,45.359375,45.453125,25.8891658782959,828200,0.0,0.0,0.0
1994-07-29,45.765625,46.046875,45.75,45.90625,26.147247314453125,459100,0.0,0.0,0.0
1994-08-01,45.9375,46.15625,45.890625,46.125,26.271854400634766,486300,0.0,0.0,0.0
1994-08-02,46.28125,46.375,46.03125,46.1875,26.307451248168945,505500,0.0,0.0,0.0
1994-08-03,46.171875,46.234375,46.09375,46.203125,26.316343307495117,144100,0.0,0.0,0.0
1994-08-04,46.171875,46.21875,45.921875,45.9375,26.165063858032227,231700,0.0,0.0,0.0
1994-08-05,45.703125,45.84375,45.65625,45.78125,26.07605743408203,138400,0.0,0.0,0.0
1994-08-08,45.828125,45.9375,45.78125,45.890625,26.13833236694336,328600,0.0,0.0,0.0
1994-08-09,45.71875,45.96875,45.71875,45.96875,26.182846069335938,105900,0.0,0.0,0.0
1994-08-10,46.0,46.1875,45.9375,46.140625,26.280744552612305,840300,0.0,0.0,0.0
1994-08-11,46.03125,46.234375,45.734375,45.96875,26.182846069335938,876200,0.0,0.0,0.0
1994-08-12,46.046875,46.34375,46.046875,46.328125,26.387544631958008,184100,0.0,0.0,0.0
1994-08-15,46.375,46.484375,46.3125,46.3125,26.378637313842773,325900,0.0,0.0,0.0
1994-08-16,46.34375,46.6875,46.15625,46.640625,26.565536499023438,1089500,0.0,0.0,0.0
1994-08-17,46.703125,46.734375,46.578125,46.609375,26.54773712158203,133700,0.0,0.0,0.0
1994-08-18,46.453125,46.5625,46.40625,46.453125,26.458738327026367,620000,0.0,0.0,0.0
1994-08-19,46.46875,46.515625,46.3125,46.421875,26.44094467163086,103200,0.0,0.0,0.0
1994-08-22,46.4375,46.4375,46.28125,46.375,26.414249420166016,79700,0.0,0.0,0.0
1994-08-23,46.578125,46.859375,46.515625,46.640625,26.565536499023438,268600,0.0,0.0,0.0
1994-08-24,46.6875,47.140625,46.671875,47.140625,26.8503360748291,254700,0.0,0.0,0.0
1994-08-25,47.09375,47.203125,46.890625,47.015625,26.779130935668945,147400,0.0,0.0,0.0
1994-08-26,47.125,47.78125,47.125,47.6875,27.161800384521484,339500,0.0,0.0,0.0
1994-08-29,47.8125,47.984375,47.640625,47.65625,27.144020080566406,350300,0.0,0.0,0.0
1994-08-30,47.640625,47.859375,47.578125,47.78125,27.215208053588867,36000,0.0,0.0,0.0
1994-08-31,47.703125,47.890625,47.59375,47.65625,27.144020080566406,356200,0.0,0.0,0.0
1994-09-01,47.5,47.53125,47.328125,47.5,27.055021286010742,294600,0.0,0.0,0.0
1994-09-02,47.71875,47.71875,47.21875,47.296875,26.939319610595703,99600,0.0,0.0,0.0
1994-09-06,47.265625,47.359375,47.125,47.3125,26.948230743408203,229800,0.0,0.0,0.0
1994-09-07,47.421875,47.421875,47.21875,47.265625,26.921518325805664,27900,0.0,0.0,0.0
1994-09-08,47.359375,47.5625,47.34375,47.5,27.055021286010742,284800,0.0,0.0,0.0
1994-09-09,47.03125,47.125,46.8125,47.0,26.77022933959961,488400,0.0,0.0,0.0
1994-09-12,47.0,47.0625,46.78125,46.859375,26.69014549255371,129400,0.0,0.0,0.0
1994-09-13,46.953125,47.125,46.859375,47.0,26.77022933959961,389200,0.0,0.0,0.0
1994-09-14,46.84375,47.109375,46.84375,47.046875,26.796934127807617,423500,0.0,0.0,0.0
1994-09-15,47.171875,47.640625,47.171875,47.640625,27.135114669799805,779800,0.0,0.0,0.0
1994-09-16,47.0,47.140625,46.84375,47.015625,26.942001342773438,571300,0.288,0.0,0.0
1994-09-19,47.125,47.328125,47.015625,47.0625,26.968854904174805,167300,0.0,0.0,0.0
1994-09-20,46.8125,46.859375,46.171875,46.171875,26.458494186401367,355600,0.0,0.0,0.0
1994-09-21,46.3125,46.3125,45.734375,46.171875,26.458494186401367,397500,0.0,0.0,0.0
1994-09-22,46.28125,46.28125,46.015625,46.0625,26.39580726623535,266400,0.0,0.0,0.0
1994-09-23,46.078125,46.171875,45.828125,45.90625,26.306293487548828,176600,0.0,0.0,0.0
1994-09-26,46.078125,46.171875,45.984375,46.140625,26.440597534179688,223000,0.0,0.0,0.0
1994-09-27,46.140625,46.265625,46.0,46.109375,26.422691345214844,479500,0.0,0.0,0.0
1994-09-28,46.359375,46.53125,46.328125,46.46875,26.628623962402344,324000,0.0,0.0,0.0
1994-09-29,46.46875,46.46875,46.09375,46.234375,26.494306564331055,195900,0.0,0.0,0.0
1994-09-30,46.21875,46.4375,46.171875,46.171875,26.458494186401367,5200,0.0,0.0,0.0
1994-10-03,46.203125,46.25,45.984375,46.0625,26.39580726623535,72600,0.0,0.0,0.0
1994-10-04,46.296875,46.296875,45.34375,45.375,26.001846313476562,84200,0.0,0.0,0.0
1994-10-05,45.296875,45.390625,45.0,45.390625,26.010793685913086,461900,0.0,0.0,0.0
1994-10-06,45.421875,45.453125,45.171875,45.25,25.930233001708984,345200,0.0,0.0,0.0
1994-10-07,45.25,45.578125,45.203125,45.453125,26.046621322631836,188700,0.0,0.0,0.0
1994-10-10,45.65625,46.015625,45.640625,45.9375,26.32418441772461,213600,0.0,0.0,0.0
1994-10-11,46.140625,46.75,46.140625,46.625,26.718143463134766,461400,0.0,0.0,0.0
1994-10-12,46.6875,46.75,46.578125,46.6875,26.753978729248047,162400,0.0,0.0,0.0
1994-10-13,47.21875,47.328125,46.796875,46.84375,26.8435001373291,1564500,0.0,0.0,0.0
1994-10-14,47.0,47.0625,46.6875,47.046875,26.959911346435547,72800,0.0,0.0,0.0
1994-10-17,47.0,47.0625,46.90625,46.953125,26.90618324279785,282300,0.0,0.0,0.0
1994-10-18,46.90625,46.90625,46.6875,46.84375,26.8435001373291,132100,0.0,0.0,0.0
1994-10-19,46.671875,47.234375,46.65625,47.0625,26.968854904174805,136700,0.0,0.0,0.0
1994-10-20,47.0625,47.0625,46.609375,46.75,26.789806365966797,290300,0.0,0.0,0.0
1994-10-21,46.625,46.6875,46.359375,46.5625,26.68233299255371,87800,0.0,0.0,0.0
1994-10-24,46.578125,46.765625,46.15625,46.171875,26.458494186401367,149600,0.0,0.0,0.0
1994-10-25,46.015625,46.3125,46.0,46.21875,26.485355377197266,91800,0.0,0.0,0.0
1994-10-26,46.390625,46.4375,46.171875,46.390625,26.5838565826416,201000,0.0,0.0,0.0
1994-10-27,46.5625,46.671875,46.453125,46.671875,26.745019912719727,210300,0.0,0.0,0.0
1994-10-28,46.765625,47.703125,46.765625,47.65625,27.30910873413086,192100,0.0,0.0,0.0
1994-10-31,47.546875,47.59375,47.46875,47.484375,27.210617065429688,36300,0.0,0.0,0.0
1994-11-01,47.28125,47.28125,46.9375,46.953125,26.90618324279785,435200,0.0,0.0,0.0
1994-11-02,46.8125,47.234375,46.6875,46.6875,26.753978729248047,115600,0.0,0.0,0.0
1994-11-03,46.84375,47.015625,46.78125,46.9375,26.89724349975586,87000,0.0,0.0,0.0
1994-11-04,47.15625,47.15625,46.328125,46.328125,26.548030853271484,124400,0.0,0.0,0.0
1994-11-07,46.4375,46.59375,46.3125,46.46875,26.628623962402344,115000,0.0,0.0,0.0
1994-11-08,46.625,46.984375,46.546875,46.828125,26.834548950195312,308300,0.0,0.0,0.0
1994-11-09,47.328125,47.328125,46.5,46.90625,26.879337310791016,318500,0.0,0.0,0.0
1994-11-10,46.9375,47.03125,46.546875,46.578125,26.69129180908203,172100,0.0,0.0,0.0
1994-11-11,46.515625,46.5625,46.28125,46.40625,26.59279441833496,302200,0.0,0.0,0.0
1994-11-14,46.609375,46.859375,46.609375,46.84375,26.8435001373291,181400,0.0,0.0,0.0
1994-11-15,46.796875,47.09375,46.328125,46.6875,26.753978729248047,316900,0.0,0.0,0.0
1994-11-16,46.765625,46.84375,46.609375,46.84375,26.8435001373291,106900,0.0,0.0,0.0
1994-11-17,46.875,46.875,46.34375,46.53125,26.664432525634766,104700,0.0,0.0,0.0
1994-11-18,46.546875,46.625,46.265625,46.46875,26.628623962402344,269300,0.0,0.0,0.0
1994-11-21,46.4375,46.578125,46.0,46.0,26.360013961791992,283100,0.0,0.0,0.0
1994-11-22,45.828125,46.0,45.0,45.0,25.78696060180664,483600,0.0,0.0,0.0
1994-11-23,45.03125,45.265625,44.609375,45.25,25.930233001708984,601600,0.0,0.0,0.0
1994-11-25,45.28125,45.53125,45.28125,45.46875,26.055583953857422,77300,0.0,0.0,0.0
1994-11-28,45.453125,45.6875,45.34375,45.671875,26.171977996826172,79900,0.0,0.0,0.0
1994-11-29,45.65625,45.75,45.5,45.65625,26.16301727294922,105500,0.0,0.0,0.0
1994-11-30,45.890625,45.953125,45.59375,45.59375,26.127199172973633,218800,0.0,0.0,0.0
1994-12-01,45.640625,45.640625,45.046875,45.140625,25.867528915405273,439000,0.0,0.0,0.0
1994-12-02,45.046875,45.5625,45.046875,45.5625,26.109304428100586,318500,0.0,0.0,0.0
1994-12-05,45.65625,45.8125,45.5,45.609375,26.13615608215332,139200,0.0,0.0,0.0
1994-12-06,45.4375,45.65625,45.359375,45.640625,26.154075622558594,249900,0.0,0.0,0.0
1994-12-07,45.359375,45.5,45.265625,45.3125,25.966035842895508,531900,0.0,0.0,0.0
1994-12-08,45.5,45.5625,44.75,44.875,25.715333938598633,261500,0.0,0.0,0.0
1994-12-09,44.875,45.078125,44.6875,45.046875,25.813814163208008,235900,0.0,0.0,0.0
1994-12-12,44.953125,45.34375,44.953125,45.34375,25.98395347595215,151100,0.0,0.0,0.0
1994-12-13,45.3125,45.53125,45.3125,45.515625,26.082439422607422,70900,0.0,0.0,0.0
1994-12-14,45.453125,45.953125,45.453125,45.75,26.216739654541016,203300,0.0,0.0,0.0
1994-12-15,45.8125,46.03125,45.8125,45.890625,26.297332763671875,130100,0.0,0.0,0.0
1994-12-16,45.671875,45.84375,45.625,45.75,26.42577362060547,266100,0.363,0.0,0.0
1994-12-19,45.75,45.84375,45.609375,45.8125,26.461885452270508,1120200,0.0,0.0,0.0
1994-12-20,45.859375,45.890625,45.671875,45.671875,26.380643844604492,675600,0.0,0.0,0.0
1994-12-21,45.703125,46.265625,45.703125,46.15625,26.660419464111328,544500,0.0,0.0,0.0
1994-12-22,46.15625,46.203125,45.96875,46.015625,26.579204559326172,222000,0.0,0.0,0.0
1994-12-23,45.984375,46.171875,45.984375,46.0625,26.606290817260742,125800,0.0,0.0,0.0
1994-12-27,46.21875,46.40625,46.1875,46.3125,26.750688552856445,95200,0.0,0.0,0.0
1994-12-28,46.359375,46.359375,45.96875,46.078125,26.61530303955078,358200,0.0,0.0,0.0
1994-12-29,46.25,46.25,46.0625,46.109375,26.633358001708984,220100,0.0,0.0,0.0
1994-12-30,46.203125,46.25,45.5625,45.5625,26.31747055053711,2209500,0.0,0.0,0.0
1995-01-03,45.703125,45.84375,45.6875,45.78125,26.443830490112305,324300,0.0,0.0,0.0
1995-01-04,45.984375,46.0,45.75,46.0,26.57018280029297,351800,0.0,0.0,0.0
1995-01-05,46.03125,46.109375,45.953125,46.0,26.57018280029297,89800,0.0,0.0,0.0
1995-01-06,46.09375,46.25,45.90625,46.046875,26.597253799438477,448400,0.0,0.0,0.0
1995-01-09,46.03125,46.09375,46.0,46.09375,26.624319076538086,36800,0.0,0.0,0.0
1995-01-10,46.203125,46.390625,46.140625,46.140625,26.651405334472656,229800,0.0,0.0,0.0
1995-01-11,46.296875,46.296875,45.8125,46.171875,26.669458389282227,222400,0.0,0.0,0.0
1995-01-12,46.125,46.21875,46.03125,46.1875,26.67849349975586,40300,0.0,0.0,0.0
1995-01-13,46.4375,46.734375,46.375,46.734375,26.994365692138672,170600,0.0,0.0,0.0
1995-01-16,46.71875,47.03125,46.71875,47.015625,27.156808853149414,105100,0.0,0.0,0.0
1995-01-17,46.921875,47.0625,46.859375,47.03125,27.16584587097168,89500,0.0,0.0,0.0
1995-01-18,47.0,47.078125,46.875,46.984375,27.138769149780273,84500,0.0,0.0,0.0
1995-01-19,46.828125,46.875,46.6875,46.71875,26.98533821105957,139100,0.0,0.0,0.0
1995-01-20,46.65625,46.671875,46.453125,46.546875,26.886070251464844,78700,0.0,0.0,0.0
1995-01-23,46.234375,46.6875,46.203125,46.6875,26.9672908782959,53700,0.0,0.0,0.0
1995-01-24,46.671875,46.75,46.640625,46.75,27.00340461730957,32400,0.0,0.0,0.0
1995-01-25,46.515625,47.046875,46.515625,46.875,27.075576782226562,15700,0.0,0.0,0.0
1995-01-26,46.84375,46.984375,46.75,46.921875,27.10267448425293,9800,0.0,0.0,0.0
1995-01-27,47.234375,47.234375,46.921875,47.109375,27.210968017578125,91200,0.0,0.0,0.0
1995-01-30,47.015625,47.046875,46.84375,46.90625,27.093645095825195,26600,0.0,0.0,0.0
1995-01-31,47.0,47.171875,46.921875,47.09375,27.201948165893555,127500,0.0,0.0,0.0
1995-02-01,47.15625,47.328125,47.0,47.078125,27.19292640686035,380200,0.0,0.0,0.0
1995-02-02,47.0625,47.359375,47.0625,47.359375,27.355363845825195,131700,0.0,0.0,0.0
1995-02-03,47.65625,48.109375,47.578125,48.03125,27.743450164794922,405100,0.0,0.0,0.0
1995-02-06,48.015625,48.375,47.96875,48.234375,27.86077308654785,405400,0.0,0.0,0.0
1995-02-07,48.3125,48.3125,48.140625,48.296875,27.896873474121094,702900,0.0,0.0,0.0
1995-02-08,48.234375,48.46875,48.203125,48.296875,27.896873474121094,521500,0.0,0.0,0.0
1995-02-09,48.21875,48.296875,48.125,48.296875,27.896873474121094,390700,0.0,0.0,0.0
1995-02-10,48.234375,48.359375,48.09375,48.359375,27.932987213134766,148300,0.0,0.0,0.0
1995-02-13,48.328125,48.46875,48.328125,48.375,27.942001342773438,79700,0.0,0.0,0.0
1995-02-14,48.53125,48.53125,48.25,48.4375,27.97812271118164,170200,0.0,0.0,0.0
1995-02-15,48.4375,48.765625,48.390625,48.703125,28.13153839111328,431500,0.0,0.0,0.0
1995-02-16,48.640625,48.6875,48.5,48.640625,28.095436096191406,99300,0.0,0.0,0.0
1995-02-17,48.59375,48.625,48.4375,48.453125,27.987138748168945,49100,0.0,0.0,0.0
1995-02-21,48.453125,48.53125,48.421875,48.4375,27.97812271118164,168000,0.0,0.0,0.0
1995-02-22,48.484375,48.796875,48.453125,48.796875,28.185691833496094,386400,0.0,0.0,0.0
1995-02-23,48.984375,49.15625,48.859375,48.875,28.230804443359375,402800,0.0,0.0,0.0
1995-02-24,48.9375,49.015625,48.8125,49.0,28.303028106689453,307600,0.0,0.0,0.0
1995-02-27,48.859375,49.0,48.53125,48.609375,28.077392578125,280900,0.0,0.0,0.0
1995-02-28,48.5625,49.015625,48.5625,49.015625,28.312034606933594,493500,0.0,0.0,0.0
1995-03-01,48.96875,49.03125,48.65625,48.703125,28.13153839111328,242600,0.0,0.0,0.0
1995-03-02,48.6875,48.765625,48.546875,48.765625,28.167640686035156,488600,0.0,0.0,0.0
1995-03-03,48.609375,48.78125,48.484375,48.78125,28.176658630371094,290000,0.0,0.0,0.0
1995-03-06,48.453125,48.8125,48.390625,48.8125,28.19472312927246,85700,0.0,0.0,0.0
1995-03-07,48.640625,48.75,48.21875,48.4375,27.97812271118164,180900,0.0,0.0,0.0
1995-03-08,48.515625,48.625,48.34375,48.5625,28.05031394958496,155900,0.0,0.0,0.0
1995-03-09,48.546875,48.59375,48.421875,48.546875,28.04128074645996,63500,0.0,0.0,0.0
1995-03-10,48.59375,49.390625,48.53125,49.265625,28.45644187927246,192100,0.0,0.0,0.0
1995-03-13,49.234375,49.390625,49.171875,49.21875,28.42936897277832,261300,0.0,0.0,0.0
1995-03-14,49.359375,49.640625,49.359375,49.578125,28.636943817138672,223300,0.0,0.0,0.0
1995-03-15,49.5,49.578125,49.296875,49.484375,28.582796096801758,278500,0.0,0.0,0.0
1995-03-16,49.4375,49.8125,49.4375,49.78125,28.7542724609375,20400,0.0,0.0,0.0
1995-03-17,49.4375,49.625,49.40625,49.5625,28.782873153686523,89900,0.268,0.0,0.0
1995-03-20,49.625,49.625,49.46875,49.5625,28.782873153686523,91700,0.0,0.0,0.0
1995-03-21,49.5625,49.875,49.359375,49.4375,28.710285186767578,104400,0.0,0.0,0.0
1995-03-22,49.53125,49.53125,49.328125,49.484375,28.73751449584961,74900,0.0,0.0,0.0
1995-03-23,49.421875,49.65625,49.359375,49.515625,28.755651473999023,220500,0.0,0.0,0.0
1995-03-24,49.671875,50.21875,49.671875,50.21875,29.16399574279785,134000,0.0,0.0,0.0
1995-03-27,50.296875,50.421875,50.171875,50.421875,29.281957626342773,132100,0.0,0.0,0.0
1995-03-28,50.296875,50.421875,50.234375,50.421875,29.281957626342773,121900,0.0,0.0,0.0
1995-03-29,50.375,50.890625,50.125,50.40625,29.27288818359375,246100,0.0,0.0,0.0
1995-03-30,50.515625,50.515625,50.109375,50.3125,29.218441009521484,298400,0.0,0.0,0.0
1995-03-31,49.921875,50.171875,49.546875,50.109375,29.100467681884766,541300,0.0,0.0,0.0
1995-04-03,50.09375,50.234375,50.0625,50.234375,29.173063278198242,193300,0.0,0.0,0.0
1995-04-04,50.25,50.5625,50.25,50.5625,29.36361312866211,66900,0.0,0.0,0.0
1995-04-05,50.453125,50.609375,50.421875,50.5625,29.36361312866211,107200,0.0,0.0,0.0
1995-04-06,50.6875,50.796875,50.59375,50.75,29.47251319885254,352500,0.0,0.0,0.0
1995-04-07,50.859375,50.859375,50.46875,50.703125,29.445283889770508,361400,0.0,0.0,0.0
1995-04-10,50.625,50.796875,50.59375,50.796875,29.499736785888672,285400,0.0,0.0,0.0
1995-04-11,50.921875,50.9375,50.59375,50.625,29.399911880493164,250300,0.0,0.0,0.0
1995-04-12,50.703125,50.796875,50.609375,50.796875,29.499736785888672,150900,0.0,0.0,0.0
1995-04-13,50.890625,51.09375,50.859375,51.078125,29.66306495666504,243400,0.0,0.0,0.0
1995-04-17,51.265625,51.3125,50.625,50.78125,29.49066162109375,178900,0.0,0.0,0.0
1995-04-18,50.828125,50.828125,50.484375,50.609375,29.39083480834961,329500,0.0,0.0,0.0
1995-04-19,50.609375,50.71875,50.296875,50.5625,29.36361312866211,223000,0.0,0.0,0.0
1995-04-20,50.703125,50.78125,50.4375,50.640625,29.40899085998535,207900,0.0,0.0,0.0
1995-04-21,50.65625,50.90625,50.65625,50.890625,29.554170608520508,145000,0.0,0.0,0.0
1995-04-24,50.859375,51.484375,50.859375,51.484375,29.898984909057617,169000,0.0,0.0,0.0
1995-04-25,51.40625,51.484375,51.3125,51.34375,29.81732177734375,293200,0.0,0.0,0.0
1995-04-26,51.25,51.421875,51.125,51.390625,29.84453773498535,204400,0.0,0.0,0.0
1995-04-27,51.3125,51.546875,51.28125,51.515625,29.917133331298828,502200,0.0,0.0,0.0
1995-04-28,51.5,51.671875,51.171875,51.59375,29.96250343322754,130800,0.0,0.0,0.0
1995-05-01,51.546875,51.65625,51.453125,51.453125,29.88085174560547,518700,0.0,0.0,0.0
1995-05-02,51.5,51.640625,51.390625,51.5625,29.94434356689453,228400,0.0,0.0,0.0
1995-05-03,51.734375,52.28125,51.734375,52.28125,30.36174774169922,724700,0.0,0.0,0.0
1995-05-04,52.34375,52.6875,52.125,52.25,30.34361457824707,311400,0.0,0.0,0.0
1995-05-05,52.46875,52.46875,52.078125,52.1875,30.30731773376465,314900,0.0,0.0,0.0
1995-05-08,52.140625,52.734375,52.09375,52.5625,30.525110244750977,183100,0.0,0.0,0.0
1995-05-09,52.78125,52.84375,52.4375,52.515625,30.49787139892578,180600,0.0,0.0,0.0
1995-05-10,52.65625,52.671875,52.328125,52.578125,30.534177780151367,330300,0.0,0.0,0.0
1995-05-11,52.65625,52.71875,52.484375,52.71875,30.615833282470703,351700,0.0,0.0,0.0
1995-05-12,52.515625,52.875,52.5,52.75,30.634002685546875,94600,0.0,0.0,0.0
1995-05-15,52.890625,53.0,52.78125,53.0,30.779178619384766,147200,0.0,0.0,0.0
1995-05-16,52.984375,53.15625,52.890625,53.03125,30.797321319580078,221600,0.0,0.0,0.0
1995-05-17,53.03125,53.046875,52.78125,52.828125,30.67934226989746,189200,0.0,0.0,0.0
1995-05-18,52.734375,52.765625,52.0625,52.0625,30.2347354888916,577800,0.0,0.0,0.0
1995-05-19,51.984375,52.1875,51.90625,52.09375,30.25286865234375,363900,0.0,0.0,0.0
1995-05-22,52.265625,52.75,52.234375,52.671875,30.588611602783203,216000,0.0,0.0,0.0
1995-05-23,52.765625,53.15625,52.609375,53.15625,30.869915008544922,136800,0.0,0.0,0.0
1995-05-24,53.25,53.421875,52.796875,53.125,30.85176658630371,370800,0.0,0.0,0.0
1995-05-25,52.96875,53.21875,52.71875,53.171875,30.878992080688477,379900,0.0,0.0,0.0
1995-05-26,52.96875,52.984375,52.359375,52.5625,30.525110244750977,518600,0.0,0.0,0.0
1995-05-30,52.6875,52.828125,52.375,52.546875,30.51604652404785,61500,0.0,0.0,0.0
1995-05-31,52.453125,53.640625,52.453125,53.640625,31.15119743347168,564500,0.0,0.0,0.0
1995-06-01,53.40625,53.90625,53.25,53.5,31.069520950317383,810100,0.0,0.0,0.0
1995-06-02,53.28125,53.921875,53.09375,53.546875,31.096750259399414,112900,0.0,0.0,0.0
1995-06-05,53.546875,54.046875,53.5,53.875,31.287321090698242,257200,0.0,0.0,0.0
1995-06-06,53.828125,54.015625,53.78125,53.78125,31.232872009277344,165800,0.0,0.0,0.0
1995-06-07,53.671875,53.703125,53.4375,53.5,31.069520950317383,41900,0.0,0.0,0.0
1995-06-08,53.484375,53.640625,53.375,53.375,30.99695587158203,141100,0.0,0.0,0.0
1995-06-09,53.265625,53.328125,52.75,53.0625,30.815475463867188,304900,0.0,0.0,0.0
1995-06-12,53.234375,53.578125,53.203125,53.359375,30.987871170043945,378500,0.0,0.0,0.0
1995-06-13,53.609375,53.96875,53.5625,53.9375,31.32362174987793,120000,0.0,0.0,0.0
1995-06-14,53.859375,53.953125,53.6875,53.890625,31.29639434814453,389400,0.0,0.0,0.0
1995-06-15,53.96875,54.234375,53.875,54.125,31.43250274658203,274500,0.0,0.0,0.0
1995-06-16,53.703125,53.96875,53.703125,53.96875,31.525819778442383,325100,0.316,0.0,0.0
1995-06-19,54.125,54.609375,54.09375,54.578125,31.881772994995117,134600,0.0,0.0,0.0
1995-06-20,54.421875,54.609375,54.390625,54.4375,31.799623489379883,287800,0.0,0.0,0.0
1995-06-21,54.609375,54.65625,54.40625,54.40625,31.781373977661133,158200,0.0,0.0,0.0
1995-06-22,54.640625,55.15625,54.640625,55.125,32.20124816894531,297000,0.0,0.0,0.0
1995-06-23,55.0,55.03125,54.84375,55.015625,32.13735580444336,315400,0.0,0.0,0.0
1995-06-26,54.859375,54.953125,54.359375,54.359375,31.75400733947754,132900,0.0,0.0,0.0
1995-06-27,54.34375,54.703125,54.21875,54.25,31.69011116027832,127700,0.0,0.0,0.0
1995-06-28,54.25,54.75,54.078125,54.53125,31.854393005371094,212600,0.0,0.0,0.0
1995-06-29,54.53125,54.671875,54.0625,54.4375,31.799623489379883,89200,0.0,0.0,0.0
1995-06-30,54.546875,54.734375,54.296875,54.40625,31.781373977661133,714100,0.0,0.0,0.0
1995-07-03,54.46875,54.609375,54.46875,54.609375,31.900049209594727,9500,0.0,0.0,0.0
1995-07-05,54.765625,55.0625,54.640625,54.8125,32.01869583129883,409300,0.0,0.0,0.0
1995-07-06,54.828125,55.515625,54.71875,55.515625,32.4294319152832,202500,0.0,0.0,0.0
1995-07-07,55.40625,55.78125,55.375,55.765625,32.575469970703125,481700,0.0,0.0,0.0
1995-07-10,55.8125,55.953125,55.703125,55.796875,32.59373092651367,400400,0.0,0.0,0.0
1995-07-11,55.75,55.796875,55.453125,55.53125,32.43853759765625,420500,0.0,0.0,0.0
1995-07-12,55.640625,56.3125,55.53125,56.21875,32.84015655517578,203400,0.0,0.0,0.0
1995-07-13,56.140625,56.265625,56.03125,56.09375,32.767127990722656,215600,0.0,0.0,0.0
1995-07-14,55.796875,56.09375,55.75,56.046875,32.739742279052734,543700,0.0,0.0,0.0
1995-07-17,56.125,56.421875,56.078125,56.359375,32.92230224609375,171500,0.0,0.0,0.0
1995-07-18,56.265625,56.265625,55.828125,55.875,32.63935852050781,221200,0.0,0.0,0.0
1995-07-19,55.65625,55.71875,54.203125,55.265625,32.283382415771484,486600,0.0,0.0,0.0
1995-07-20,55.328125,55.578125,55.03125,55.46875,32.40203857421875,318900,0.0,0.0,0.0
1995-07-21,55.421875,55.625,55.1875,55.40625,32.36553192138672,94000,0.0,0.0,0.0
1995-07-24,55.484375,55.875,55.484375,55.8125,32.60283279418945,108400,0.0,0.0,0.0
1995-07-25,55.875,56.3125,55.703125,56.234375,32.84928894042969,107400,0.0,0.0,0.0
1995-07-26,56.203125,56.46875,56.171875,56.1875,32.82191467285156,167800,0.0,0.0,0.0
1995-07-27,56.453125,56.703125,56.453125,56.65625,33.0957145690918,187700,0.0,0.0,0.0
1995-07-28,56.703125,56.703125,56.25,56.296875,32.88577651977539,415600,0.0,0.0,0.0
1995-07-31,56.34375,56.390625,56.03125,56.15625,32.803653717041016,342500,0.0,0.0,0.0
1995-08-01,56.234375,56.234375,55.75,56.0625,32.748878479003906,141000,0.0,0.0,0.0
1995-08-02,56.390625,56.796875,55.84375,55.9375,32.67586898803711,240400,0.0,0.0,0.0
1995-08-03,55.546875,55.953125,55.453125,55.921875,32.66672134399414,1193600,0.0,0.0,0.0
1995-08-04,56.03125,56.078125,55.921875,55.984375,32.70323181152344,240500,0.0,0.0,0.0
1995-08-07,56.109375,56.28125,56.078125,56.109375,32.7762451171875,193100,0.0,0.0,0.0
1995-08-08,56.140625,56.3125,55.9375,56.109375,32.7762451171875,951900,0.0,0.0,0.0
1995-08-09,56.296875,56.296875,56.046875,56.09375,32.767127990722656,107100,0.0,0.0,0.0
1995-08-10,56.15625,56.28125,55.734375,55.96875,32.694114685058594,280800,0.0,0.0,0.0
1995-08-11,55.921875,55.984375,55.421875,55.65625,32.51155471801758,257200,0.0,0.0,0.0
1995-08-14,55.796875,56.15625,55.671875,56.15625,32.803653717041016,254800,0.0,0.0,0.0
1995-08-15,56.140625,56.140625,55.65625,56.046875,32.739742279052734,44400,0.0,0.0,0.0
1995-08-16,56.0,56.203125,55.9375,56.203125,32.8310432434082,374900,0.0,0.0,0.0
1995-08-17,56.234375,56.234375,55.90625,56.109375,32.7762451171875,353800,0.0,0.0,0.0
1995-08-18,56.390625,56.40625,56.125,56.171875,32.812774658203125,85400,0.0,0.0,0.0
1995-08-21,56.40625,56.640625,56.0,56.015625,32.72151565551758,266700,0.0,0.0,0.0
1995-08-22,56.09375,56.21875,55.8125,56.125,32.785369873046875,220200,0.0,0.0,0.0
1995-08-23,56.171875,56.203125,55.921875,55.921875,32.66672134399414,176500,0.0,0.0,0.0
1995-08-24,55.9375,56.09375,55.75,55.984375,32.70323181152344,167400,0.0,0.0,0.0
1995-08-25,56.078125,56.390625,56.078125,56.296875,32.88577651977539,195000,0.0,0.0,0.0
1995-08-28,56.453125,56.453125,56.0,56.09375,32.767127990722656,293000,0.0,0.0,0.0
1995-08-29,56.15625,56.25,55.765625,56.234375,32.84928894042969,1133100,0.0,0.0,0.0
1995-08-30,56.28125,56.421875,56.21875,56.359375,32.92230224609375,437400,0.0,0.0,0.0
1995-08-31,56.34375,56.5,56.296875,56.40625,32.94968032836914,491900,0.0,0.0,0.0
1995-09-01,56.390625,56.75,56.34375,56.65625,33.0957145690918,629900,0.0,0.0,0.0
1995-09-05,56.828125,57.21875,56.734375,57.1875,33.406036376953125,272200,0.0,0.0,0.0
1995-09-06,57.234375,57.359375,57.21875,57.296875,33.46994400024414,214500,0.0,0.0,0.0
1995-09-07,57.359375,57.390625,57.25,57.328125,33.48819351196289,258800,0.0,0.0,0.0
1995-09-08,57.546875,57.546875,57.171875,57.546875,33.6159782409668,107300,0.0,0.0,0.0
1995-09-11,57.640625,57.8125,57.640625,57.703125,33.7072639465332,260700,0.0,0.0,0.0
1995-09-12,57.71875,57.96875,57.578125,57.96875,33.8624153137207,139500,0.0,0.0,0.0
1995-09-13,57.90625,58.3125,57.890625,58.234375,34.01756286621094,239800,0.0,0.0,0.0
1995-09-14,58.4375,58.8125,58.28125,58.765625,34.32790756225586,457600,0.0,0.0,0.0
1995-09-15,58.40625,58.578125,58.203125,58.4375,34.31844711303711,431200,0.312,0.0,0.0
1995-09-18,58.234375,58.265625,57.9375,58.21875,34.18998336791992,307500,0.0,0.0,0.0
1995-09-19,58.328125,58.53125,58.125,58.5,34.35513687133789,549600,0.0,0.0,0.0
1995-09-20,58.59375,58.78125,58.546875,58.78125,34.52029800415039,290800,0.0,0.0,0.0
1995-09-21,58.703125,58.75,58.0625,58.296875,34.23586654663086,508500,0.0,0.0,0.0
1995-09-22,57.828125,58.375,57.78125,58.3125,34.245033264160156,449900,0.0,0.0,0.0
1995-09-25,58.375,58.375,58.015625,58.21875,34.18998336791992,130000,0.0,0.0,0.0
1995-09-26,58.390625,58.53125,58.0625,58.203125,34.18080139160156,466600,0.0,0.0,0.0
1995-09-27,57.953125,58.1875,57.59375,58.15625,34.15326690673828,654400,0.0,0.0,0.0
1995-09-28,58.203125,58.59375,58.15625,58.59375,34.41019821166992,456200,0.0,0.0,0.0
1995-09-29,58.546875,58.90625,58.40625,58.484375,34.345985412597656,606600,0.0,0.0,0.0
1995-10-02,58.484375,58.625,58.046875,58.1875,34.17161560058594,293100,0.0,0.0,0.0
1995-10-03,58.1875,58.34375,57.953125,58.25,34.20832443237305,839700,0.0,0.0,0.0
1995-10-04,58.28125,58.28125,58.109375,58.1875,34.17161560058594,248800,0.0,0.0,0.0
1995-10-05,58.25,58.359375,58.09375,58.359375,34.272552490234375,268800,0.0,0.0,0.0
1995-10-06,58.390625,58.578125,58.390625,58.40625,34.300079345703125,75300,0.0,0.0,0.0
1995-10-09,58.1875,58.21875,57.8125,57.921875,34.01564025878906,358200,0.0,0.0,0.0
1995-10-10,57.328125,57.890625,57.265625,57.890625,33.997283935546875,360800,0.0,0.0,0.0
1995-10-11,58.09375,58.09375,57.875,58.078125,34.107391357421875,228100,0.0,0.0,0.0
1995-10-12,58.125,58.46875,58.125,58.4375,34.31844711303711,199800,0.0,0.0,0.0
1995-10-13,58.703125,58.859375,58.625,58.625,34.42854309082031,488100,0.0,0.0,0.0
1995-10-16,58.453125,58.5625,58.34375,58.34375,34.263404846191406,443600,0.0,0.0,0.0
1995-10-17,58.40625,58.796875,58.296875,58.734375,34.49277877807617,146000,0.0,0.0,0.0
1995-10-18,59.015625,59.09375,58.71875,58.90625,34.59371566772461,228100,0.0,0.0,0.0
1995-10-19,58.875,59.1875,58.796875,59.1875,34.75889587402344,500600,0.0,0.0,0.0
1995-10-20,59.140625,59.1875,58.828125,58.828125,34.54784393310547,748400,0.0,0.0,0.0
1995-10-23,58.546875,58.8125,58.546875,58.703125,34.47443389892578,533000,0.0,0.0,0.0
1995-10-24,58.78125,58.84375,58.625,58.765625,34.511131286621094,172200,0.0,0.0,0.0
1995-10-25,58.8125,58.890625,58.28125,58.28125,34.2266845703125,302700,0.0,0.0,0.0
1995-10-26,58.375,58.421875,57.28125,57.75,33.914695739746094,606800,0.0,0.0,0.0
1995-10-27,57.6875,58.1875,57.421875,58.1875,34.17161560058594,905800,0.0,0.0,0.0
1995-10-30,58.328125,58.59375,58.328125,58.5625,34.39185333251953,488700,0.0,0.0,0.0
1995-10-31,58.71875,58.84375,58.3125,58.3125,34.245033264160156,508200,0.0,0.0,0.0
1995-11-01,58.28125,58.78125,58.234375,58.78125,34.52029800415039,415700,0.0,0.0,0.0
1995-11-02,58.6875,59.15625,58.6875,59.15625,34.74054718017578,326000,0.0,0.0,0.0
1995-11-03,59.234375,59.25,59.0625,59.234375,34.786399841308594,615000,0.0,0.0,0.0
1995-11-06,59.21875,59.21875,59.015625,59.03125,34.6671142578125,311200,0.0,0.0,0.0
1995-11-07,59.0,59.0,58.625,58.8125,34.53866195678711,358200,0.0,0.0,0.0
1995-11-08,58.890625,59.375,58.890625,59.34375,34.850650787353516,357200,0.0,0.0,0.0
1995-11-09,59.578125,59.578125,59.28125,59.5625,34.9791145324707,503700,0.0,0.0,0.0
1995-11-10,59.234375,59.609375,59.21875,59.53125,34.96076202392578,795600,0.0,0.0,0.0
1995-11-13,59.421875,59.65625,59.3125,59.46875,34.92405319213867,818500,0.0,0.0,0.0
1995-11-14,59.359375,59.484375,59.078125,59.078125,34.69465637207031,341800,0.0,0.0,0.0
1995-11-15,59.140625,59.6875,59.109375,59.671875,35.043357849121094,584700,0.0,0.0,0.0
1995-11-16,59.671875,60.0625,59.65625,60.0,35.23603439331055,577700,0.0,0.0,0.0
1995-11-17,60.09375,60.203125,60.015625,60.1875,35.346153259277344,267000,0.0,0.0,0.0
1995-11-20,60.28125,60.296875,59.859375,59.875,35.16262435913086,448800,0.0,0.0,0.0
1995-11-21,59.9375,60.359375,59.921875,60.359375,35.447105407714844,119200,0.0,0.0,0.0
1995-11-22,60.3125,60.375,60.171875,60.171875,35.336978912353516,351600,0.0,0.0,0.0
1995-11-24,60.234375,60.328125,60.1875,60.328125,35.428749084472656,62400,0.0,0.0,0.0
1995-11-27,60.453125,60.640625,60.34375,60.34375,35.43790054321289,273000,0.0,0.0,0.0
1995-11-28,60.296875,60.984375,60.15625,60.984375,35.81415557861328,479000,0.0,0.0,0.0
1995-11-29,61.09375,61.09375,60.84375,61.046875,35.850833892822266,549200,0.0,0.0,0.0
1995-11-30,61.046875,61.203125,60.84375,60.90625,35.76824951171875,286200,0.0,0.0,0.0
1995-12-01,60.984375,61.078125,60.84375,60.984375,35.81415557861328,465200,0.0,0.0,0.0
1995-12-04,61.125,61.734375,61.046875,61.734375,36.25458908081055,631700,0.0,0.0,0.0
1995-12-05,61.671875,62.203125,61.625,62.140625,36.493160247802734,567700,0.0,0.0,0.0
1995-12-06,62.296875,62.53125,62.0,62.28125,36.57572555541992,272800,0.0,0.0,0.0
1995-12-07,62.203125,62.28125,61.90625,61.953125,36.383056640625,289700,0.0,0.0,0.0
1995-12-08,62.21875,62.234375,61.765625,62.15625,36.50235366821289,296900,0.0,0.0,0.0
1995-12-11,62.28125,62.546875,62.15625,62.421875,36.658329010009766,186500,0.0,0.0,0.0
1995-12-12,62.140625,62.359375,62.140625,62.234375,36.548213958740234,299400,0.0,0.0,0.0
1995-12-13,62.3125,62.703125,62.3125,62.625,36.777610778808594,390700,0.0,0.0,0.0
1995-12-14,62.6875,62.796875,62.015625,62.171875,36.51151657104492,395000,0.0,0.0,0.0
1995-12-15,61.875,61.875,61.59375,61.8125,36.52488327026367,416700,0.382,0.0,0.0
1995-12-18,61.265625,61.265625,60.609375,60.625,35.82320022583008,862300,0.0,0.0,0.0
1995-12-19,60.65625,61.34375,60.578125,61.265625,36.20172882080078,1022600,0.0,0.0,0.0
1995-12-20,61.453125,61.515625,60.671875,60.671875,35.85089111328125,1349800,0.0,0.0,0.0
1995-12-21,61.03125,61.171875,60.75,60.984375,36.035552978515625,857600,0.0,0.0,0.0
1995-12-22,61.3125,61.375,61.140625,61.203125,36.16480255126953,332800,0.0,0.0,0.0
1995-12-26,61.453125,61.53125,61.328125,61.5,36.34022521972656,432200,0.0,0.0,0.0
1995-12-27,61.65625,61.65625,61.359375,61.46875,36.321754455566406,151800,0.0,0.0,0.0
1995-12-28,61.34375,61.65625,61.25,61.40625,36.284820556640625,256200,0.0,0.0,0.0
1995-12-29,61.46875,61.53125,61.25,61.484375,36.330997467041016,339200,0.0,0.0,0.0
1996-01-02,61.40625,62.140625,61.34375,62.140625,36.71877670288086,514400,0.0,0.0,0.0
1996-01-03,62.34375,62.5,62.0,62.3125,36.820343017578125,610300,0.0,0.0,0.0
1996-01-04,62.390625,62.625,61.21875,61.71875,36.4694938659668,1129700,0.0,0.0,0.0
1996-01-05,61.3125,61.75,61.171875,61.59375,36.39563751220703,302400,0.0,0.0,0.0
1996-01-08,61.8125,61.90625,61.734375,61.828125,36.53410339355469,179900,0.0,0.0,0.0
1996-01-09,62.015625,62.0625,60.625,60.765625,35.906288146972656,415500,0.0,0.0,0.0
1996-01-10,60.6875,60.8125,59.640625,59.96875,35.43540954589844,787700,0.0,0.0,0.0
1996-01-11,60.0625,60.328125,59.78125,60.328125,35.64777755737305,513200,0.0,0.0,0.0
1996-01-12,60.484375,60.5,59.671875,60.234375,35.59237289428711,390400,0.0,0.0,0.0
1996-01-15,60.25,60.453125,59.859375,60.109375,35.51852798461914,154200,0.0,0.0,0.0
1996-01-16,60.40625,60.890625,59.890625,60.84375,35.95246887207031,454600,0.0,0.0,0.0
1996-01-17,60.703125,61.125,60.453125,60.65625,35.84164810180664,407600,0.0,0.0,0.0
1996-01-18,60.890625,60.90625,60.375,60.859375,35.9616813659668,425600,0.0,0.0,0.0
1996-01-19,60.859375,61.421875,60.796875,61.265625,36.20172882080078,169800,0.0,0.0,0.0
1996-01-22,61.21875,61.421875,61.109375,61.28125,36.21096420288086,288200,0.0,0.0,0.0
1996-01-23,61.25,61.421875,61.125,61.421875,36.2940788269043,362200,0.0,0.0,0.0
1996-01-24,61.515625,62.046875,61.484375,61.921875,36.589515686035156,1506500,0.0,0.0,0.0
1996-01-25,61.96875,62.0,61.625,61.703125,36.460235595703125,298400,0.0,0.0,0.0
1996-01-26,61.65625,62.265625,61.578125,62.234375,36.774166107177734,726300,0.0,0.0,0.0
1996-01-29,62.1875,62.484375,62.140625,62.484375,36.92190170288086,254800,0.0,0.0,0.0
1996-01-30,62.609375,63.140625,62.53125,63.015625,37.23582077026367,272100,0.0,0.0,0.0
1996-01-31,63.0,63.6875,62.96875,63.671875,37.62358856201172,498000,0.0,0.0,0.0
1996-02-01,63.609375,63.90625,63.5625,63.90625,37.76209259033203,373900,0.0,0.0,0.0
1996-02-02,63.875,64.015625,63.5,63.640625,37.605140686035156,496200,0.0,0.0,0.0
1996-02-05,63.53125,64.25,63.4375,64.15625,37.909793853759766,295300,0.0,0.0,0.0
1996-02-06,64.1875,64.828125,64.09375,64.765625,38.26987838745117,301600,0.0,0.0,0.0
1996-02-07,64.75,65.140625,64.6875,65.140625,38.49146270751953,585100,0.0,0.0,0.0
1996-02-08,65.046875,65.90625,64.921875,65.84375,38.90694046020508,1526600,0.0,0.0,0.0
1996-02-09,65.8125,66.375,65.515625,65.828125,38.8977165222168,804600,0.0,0.0,0.0
1996-02-12,65.953125,66.625,65.890625,66.328125,39.19316101074219,626500,0.0,0.0,0.0
1996-02-13,66.046875,66.6875,66.0,66.1875,39.11007308959961,1045900,0.0,0.0,0.0
1996-02-14,66.140625,66.359375,65.578125,65.609375,38.7684440612793,431400,0.0,0.0,0.0
1996-02-15,65.46875,65.90625,65.125,65.203125,38.528411865234375,889500,0.0,0.0,0.0
1996-02-16,65.078125,65.234375,64.734375,64.9375,38.37145233154297,606100,0.0,0.0,0.0
1996-02-20,64.4375,64.625,63.875,64.296875,37.99289321899414,492300,0.0,0.0,0.0
1996-02-21,64.421875,65.140625,64.421875,65.09375,38.46376419067383,434000,0.0,0.0,0.0
1996-02-22,65.453125,66.328125,65.40625,66.125,39.07312774658203,721400,0.0,0.0,0.0
1996-02-23,66.5,66.609375,65.328125,65.9375,38.96234893798828,1430400,0.0,0.0,0.0
1996-02-26,65.75,65.890625,64.96875,65.0,38.408390045166016,1408400,0.0,0.0,0.0
1996-02-27,65.15625,65.171875,64.5,64.796875,38.28833770751953,601000,0.0,0.0,0.0
1996-02-28,65.3125,65.734375,64.5,64.5,38.1129264831543,865900,0.0,0.0,0.0
1996-02-29,64.125,64.953125,63.875,63.875,37.74361038208008,914300,0.0,0.0,0.0
1996-03-01,64.640625,64.890625,63.609375,64.890625,38.343746185302734,1452600,0.0,0.0,0.0
1996-03-04,65.03125,65.65625,64.8125,65.265625,38.5653190612793,652600,0.0,0.0,0.0
1996-03-05,65.109375,65.875,65.078125,65.875,38.925411224365234,402000,0.0,0.0,0.0
1996-03-06,65.78125,65.96875,65.296875,65.296875,38.58378219604492,624700,0.0,0.0,0.0
1996-03-07,65.421875,65.65625,65.234375,65.625,38.77769470214844,534200,0.0,0.0,0.0
1996-03-08,64.1875,64.875,62.0,63.5,37.52204895019531,2289900,0.0,0.0,0.0
1996-03-11,63.25,64.328125,63.0625,64.234375,37.955963134765625,1511400,0.0,0.0,0.0
1996-03-12,63.8125,64.046875,62.90625,63.734375,37.66050338745117,1385300,0.0,0.0,0.0
1996-03-13,64.15625,64.4375,63.796875,64.171875,37.919029235839844,1019300,0.0,0.0,0.0
1996-03-14,64.265625,64.8125,64.234375,64.453125,38.0851936340332,725600,0.0,0.0,0.0
1996-03-15,64.0625,64.328125,63.75,64.125,38.05963134765625,869200,0.285,0.0,0.0
1996-03-18,64.71875,65.359375,64.578125,65.359375,38.79225158691406,917600,0.0,0.0,0.0
1996-03-19,65.9375,65.9375,65.0,65.21875,38.70880889892578,858300,0.0,0.0,0.0
1996-03-20,65.53125,65.53125,64.640625,65.140625,38.66242980957031,744300,0.0,0.0,0.0
1996-03-21,65.21875,65.25,64.765625,64.984375,38.569698333740234,650800,0.0,0.0,0.0
1996-03-22,65.015625,65.328125,64.9375,65.15625,38.67170333862305,344500,0.0,0.0,0.0
1996-03-25,65.75,65.8125,64.859375,65.03125,38.5975227355957,802400,0.0,0.0,0.0
1996-03-26,64.921875,65.515625,64.859375,65.34375,38.782989501953125,969400,0.0,0.0,0.0
1996-03-27,65.4375,65.484375,64.6875,64.75,38.430572509765625,809600,0.0,0.0,0.0
1996-03-28,64.515625,65.03125,64.5,65.0,38.578956604003906,1001300,0.0,0.0,0.0
1996-03-29,65.1875,65.1875,64.375,64.6875,38.39348220825195,457700,0.0,0.0,0.0
1996-04-01,65.0,65.453125,64.796875,65.4375,38.838623046875,773400,0.0,0.0,0.0
1996-04-02,65.515625,65.5625,65.296875,65.5625,38.91282272338867,638800,0.0,0.0,0.0
1996-04-03,65.328125,65.609375,65.171875,65.5625,38.91282272338867,288000,0.0,0.0,0.0
1996-04-04,65.5625,65.71875,65.5,65.515625,38.88499450683594,934900,0.0,0.0,0.0
1996-04-08,63.875,64.390625,63.59375,64.390625,38.217288970947266,2217200,0.0,0.0,0.0
1996-04-09,64.640625,64.640625,64.015625,64.140625,38.06890869140625,1180900,0.0,0.0,0.0
1996-04-10,64.03125,64.3125,62.75,63.0,37.391902923583984,939500,0.0,0.0,0.0
1996-04-11,63.15625,63.46875,62.125,62.921875,37.34553527832031,1276000,0.0,0.0,0.0
1996-04-12,63.359375,63.8125,63.171875,63.71875,37.81852340698242,411300,0.0,0.0,0.0
1996-04-15,64.046875,64.328125,63.84375,64.25,38.13383102416992,484200,0.0,0.0,0.0
1996-04-16,64.375,64.65625,64.234375,64.4375,38.2451171875,429700,0.0,0.0,0.0
1996-04-17,64.375,64.5625,63.84375,64.28125,38.152366638183594,525300,0.0,0.0,0.0
1996-04-18,64.4375,64.578125,64.09375,64.375,38.2080078125,818600,0.0,0.0,0.0
1996-04-19,64.6875,64.859375,64.421875,64.53125,38.30076217651367,885100,0.0,0.0,0.0
1996-04-22,65.125,65.28125,64.59375,65.03125,38.5975227355957,828900,0.0,0.0,0.0
1996-04-23,64.921875,65.28125,64.78125,65.234375,38.718055725097656,225400,0.0,0.0,0.0
1996-04-24,65.5625,65.5625,64.859375,65.0,38.578956604003906,699000,0.0,0.0,0.0
1996-04-25,65.140625,65.5625,64.75,65.296875,38.75516891479492,475500,0.0,0.0,0.0
1996-04-26,65.46875,65.8125,65.234375,65.4375,38.838623046875,563300,0.0,0.0,0.0
1996-04-29,65.15625,65.5625,65.15625,65.4375,38.838623046875,219900,0.0,0.0,0.0
1996-04-30,65.4375,65.5625,65.125,65.390625,38.810821533203125,184400,0.0,0.0,0.0
1996-05-01,65.375,65.796875,65.28125,65.53125,38.89427185058594,561900,0.0,0.0,0.0
1996-05-02,65.015625,65.375,64.09375,64.40625,38.2265625,1299600,0.0,0.0,0.0
1996-05-03,64.78125,64.984375,63.75,64.3125,38.170921325683594,1329300,0.0,0.0,0.0
1996-05-06,64.5625,64.5625,63.6875,64.25,38.13383102416992,647500,0.0,0.0,0.0
1996-05-07,64.25,64.25,63.765625,63.984375,37.97614669799805,582100,0.0,0.0,0.0
1996-05-08,63.671875,64.78125,63.078125,64.78125,38.44913864135742,1694700,0.0,0.0,0.0
1996-05-09,64.5625,65.0625,64.5,64.734375,38.42129898071289,593400,0.0,0.0,0.0
1996-05-10,65.375,65.59375,65.0625,65.375,38.80154037475586,925100,0.0,0.0,0.0
1996-05-13,65.53125,66.640625,65.46875,66.359375,39.385772705078125,867500,0.0,0.0,0.0
1996-05-14,66.625,66.9375,66.5625,66.765625,39.62691116333008,632300,0.0,0.0,0.0
1996-05-15,66.78125,67.3125,66.640625,66.6875,39.58053207397461,466100,0.0,0.0,0.0
1996-05-16,66.3125,66.9375,66.28125,66.828125,39.66401290893555,514400,0.0,0.0,0.0
1996-05-17,67.0,67.296875,67.0,67.1875,39.877288818359375,427700,0.0,0.0,0.0
1996-05-20,67.65625,67.75,66.984375,67.640625,40.146240234375,788500,0.0,0.0,0.0
1996-05-21,67.75,67.875,67.5,67.546875,40.09058380126953,352700,0.0,0.0,0.0
1996-05-22,67.625,68.1875,67.390625,68.1875,40.470802307128906,1218100,0.0,0.0,0.0
1996-05-23,68.28125,68.4375,67.53125,67.90625,40.303871154785156,967900,0.0,0.0,0.0
1996-05-24,67.96875,68.328125,67.9375,68.171875,40.461551666259766,659100,0.0,0.0,0.0
1996-05-28,68.375,68.375,67.3125,67.484375,40.05350112915039,456400,0.0,0.0,0.0
1996-05-29,67.625,67.6875,66.8125,67.03125,39.7845573425293,649600,0.0,0.0,0.0
1996-05-30,66.9375,67.71875,66.75,67.375,39.98857116699219,895800,0.0,0.0,0.0
1996-05-31,67.359375,67.640625,66.875,66.875,39.691810607910156,923500,0.0,0.0,0.0
1996-06-03,66.890625,67.109375,66.703125,67.0625,39.80310821533203,503100,0.0,0.0,0.0
1996-06-04,67.375,67.59375,67.25,67.53125,40.081321716308594,627100,0.0,0.0,0.0
1996-06-05,67.5625,68.203125,67.421875,68.125,40.433738708496094,428000,0.0,0.0,0.0
1996-06-06,68.5,68.5,67.5,67.625,40.136962890625,523300,0.0,0.0,0.0
1996-06-07,66.1875,67.640625,66.1875,67.625,40.136962890625,1422800,0.0,0.0,0.0
1996-06-10,67.53125,67.734375,67.296875,67.40625,40.00712203979492,548800,0.0,0.0,0.0
1996-06-11,67.65625,68.03125,67.34375,67.34375,39.97003173828125,688700,0.0,0.0,0.0
1996-06-12,67.5625,67.734375,67.109375,67.21875,39.895835876464844,1120600,0.0,0.0,0.0
1996-06-13,67.375,67.46875,66.828125,67.21875,39.895835876464844,1502000,0.0,0.0,0.0
1996-06-14,67.25,67.25,66.71875,66.9375,39.728919982910156,1468200,0.0,0.0,0.0
1996-06-17,66.96875,67.21875,66.71875,66.890625,39.70109558105469,1101000,0.0,0.0,0.0
1996-06-18,66.84375,67.03125,66.328125,66.34375,39.37650680541992,718000,0.0,0.0,0.0
1996-06-19,66.65625,67.0,66.421875,66.640625,39.55271911621094,552100,0.0,0.0,0.0
1996-06-20,66.703125,66.921875,66.1875,66.59375,39.5248908996582,1234400,0.0,0.0,0.0
1996-06-21,66.5625,66.8125,66.375,66.8125,39.86481475830078,573300,0.351,0.0,0.0
1996-06-24,66.96875,67.21875,66.84375,66.9375,39.93943786621094,416500,0.0,0.0,0.0
1996-06-25,67.125,67.171875,66.78125,66.859375,39.8928108215332,454400,0.0,0.0,0.0
1996-06-26,66.78125,66.921875,66.390625,66.40625,39.622432708740234,838200,0.0,0.0,0.0
1996-06-27,66.40625,67.046875,66.15625,66.875,39.90214538574219,1090500,0.0,0.0,0.0
1996-06-28,67.15625,67.5,66.96875,67.109375,40.04196548461914,1060800,0.0,0.0,0.0
1996-07-01,67.28125,67.703125,67.1875,67.6875,40.38691711425781,471300,0.0,0.0,0.0
1996-07-02,67.625,67.640625,67.328125,67.4375,40.23777389526367,389400,0.0,0.0,0.0
1996-07-03,67.40625,67.5,67.0625,67.296875,40.15383529663086,308300,0.0,0.0,0.0
1996-07-05,66.125,66.4375,65.375,65.578125,39.12833023071289,842900,0.0,0.0,0.0
1996-07-08,65.625,65.984375,65.125,65.3125,38.96983337402344,942000,0.0,0.0,0.0
1996-07-09,65.609375,65.8125,65.375,65.578125,39.12833023071289,716300,0.0,0.0,0.0
1996-07-10,65.5625,65.84375,64.921875,65.84375,39.28682327270508,1132300,0.0,0.0,0.0
1996-07-11,65.5625,65.6875,63.875,64.515625,38.4943733215332,1587400,0.0,0.0,0.0
1996-07-12,64.625,64.90625,64.078125,64.5625,38.52232360839844,1312000,0.0,0.0,0.0
1996-07-15,64.71875,64.71875,62.65625,62.65625,37.38492965698242,1951300,0.0,0.0,0.0
1996-07-16,62.84375,63.5,60.375,62.8125,37.4781608581543,4141000,0.0,0.0,0.0
1996-07-17,63.75,64.0,63.0,63.5625,37.925662994384766,1340500,0.0,0.0,0.0
1996-07-18,63.75,64.546875,63.328125,64.4375,38.44777297973633,1432500,0.0,0.0,0.0
1996-07-19,64.28125,64.375,63.625,63.96875,38.16808319091797,1216000,0.0,0.0,0.0
1996-07-22,63.53125,63.75,63.015625,63.5,37.88837432861328,519800,0.0,0.0,0.0
1996-07-23,63.59375,63.9375,62.578125,62.6875,37.403587341308594,1479800,0.0,0.0,0.0
1996-07-24,61.9375,63.1875,61.625,62.8125,37.4781608581543,2463400,0.0,0.0,0.0
1996-07-25,63.4375,63.5625,63.125,63.375,37.81380844116211,1989800,0.0,0.0,0.0
1996-07-26,63.5625,63.8125,63.390625,63.71875,38.01890182495117,642300,0.0,0.0,0.0
1996-07-29,63.625,63.71875,62.9375,63.015625,37.59938049316406,1297900,0.0,0.0,0.0
1996-07-30,63.4375,63.6875,62.9375,63.625,37.96297073364258,1868200,0.0,0.0,0.0
1996-07-31,63.671875,64.265625,63.515625,64.09375,38.24264907836914,767100,0.0,0.0,0.0
1996-08-01,64.15625,65.390625,64.0625,65.15625,38.8765983581543,1168600,0.0,0.0,0.0
1996-08-02,66.0,66.59375,65.75,66.5625,39.71567916870117,1098500,0.0,0.0,0.0
1996-08-05,66.578125,66.59375,65.96875,66.171875,39.48259353637695,710200,0.0,0.0,0.0
1996-08-06,66.15625,66.515625,65.796875,66.375,39.603797912597656,640000,0.0,0.0,0.0
1996-08-07,66.625,66.75,66.125,66.546875,39.70634460449219,917800,0.0,0.0,0.0
1996-08-08,66.5625,66.5625,66.1875,66.4375,39.641082763671875,925100,0.0,0.0,0.0
1996-08-09,66.671875,66.765625,66.0625,66.21875,39.51057434082031,648800,0.0,0.0,0.0
1996-08-12,66.25,66.859375,66.0,66.703125,39.799583435058594,764200,0.0,0.0,0.0
1996-08-13,66.578125,66.625,66.0,66.171875,39.48259353637695,805200,0.0,0.0,0.0
1996-08-14,66.1875,66.46875,66.0,66.40625,39.622432708740234,533800,0.0,0.0,0.0
1996-08-15,66.234375,66.625,66.203125,66.28125,39.5478515625,632600,0.0,0.0,0.0
1996-08-16,66.46875,66.875,66.46875,66.84375,39.88349914550781,475100,0.0,0.0,0.0
1996-08-19,66.859375,66.921875,66.625,66.875,39.90214538574219,436400,0.0,0.0,0.0
1996-08-20,66.890625,66.90625,66.671875,66.828125,39.87416076660156,645700,0.0,0.0,0.0
1996-08-21,66.65625,66.8125,66.375,66.59375,39.73432540893555,266400,0.0,0.0,0.0
1996-08-22,66.75,67.34375,66.71875,67.21875,40.10723876953125,584800,0.0,0.0,0.0
1996-08-23,67.09375,67.203125,66.640625,66.859375,39.8928108215332,757100,0.0,0.0,0.0
1996-08-26,66.703125,66.78125,66.421875,66.53125,39.6970329284668,784700,0.0,0.0,0.0
1996-08-27,66.71875,66.84375,66.5,66.78125,39.846195220947266,389400,0.0,0.0,0.0
1996-08-28,66.9375,67.0,66.65625,66.671875,39.78094482421875,227600,0.0,0.0,0.0
1996-08-29,66.59375,66.59375,65.625,66.015625,39.38938903808594,680200,0.0,0.0,0.0
1996-08-30,66.0,66.015625,65.125,65.328125,38.979164123535156,1500900,0.0,0.0,0.0
1996-09-03,64.46875,65.84375,64.375,65.75,39.23088073730469,1782000,0.0,0.0,0.0
1996-09-04,65.75,66.75,65.484375,65.8125,39.26817321777344,930200,0.0,0.0,0.0
1996-09-05,65.5,65.765625,65.015625,65.015625,38.79269790649414,616600,0.0,0.0,0.0
1996-09-06,65.25,66.171875,65.140625,65.9375,39.342750549316406,804900,0.0,0.0,0.0
1996-09-09,66.1875,66.734375,66.078125,66.71875,39.808895111083984,719200,0.0,0.0,0.0
1996-09-10,66.625,66.90625,66.375,66.6875,39.79025650024414,669900,0.0,0.0,0.0
1996-09-11,66.5625,67.125,66.40625,67.0625,40.01401138305664,713500,0.0,0.0,0.0
1996-09-12,67.25,67.734375,67.15625,67.53125,40.293701171875,713300,0.0,0.0,0.0
1996-09-13,68.3125,68.625,68.125,68.5625,40.90899658203125,2008800,0.0,0.0,0.0
1996-09-16,68.65625,69.15625,68.5625,68.8125,41.05818176269531,1220200,0.0,0.0,0.0
1996-09-17,68.875,68.984375,68.234375,68.65625,40.96495056152344,604700,0.0,0.0,0.0
1996-09-18,68.5625,68.75,68.21875,68.484375,40.8624153137207,225500,0.0,0.0,0.0
1996-09-19,68.375,68.796875,68.28125,68.75,41.02088165283203,410000,0.0,0.0,0.0
1996-09-20,68.59375,68.78125,68.375,68.640625,41.16640090942383,948400,0.352,0.0,0.0
1996-09-23,68.46875,68.75,68.15625,68.625,41.15703201293945,466800,0.0,0.0,0.0
1996-09-24,68.5625,69.25,68.3125,68.609375,41.14764404296875,1269800,0.0,0.0,0.0
1996-09-25,68.9375,68.9375,68.5,68.65625,41.1757698059082,1353300,0.0,0.0,0.0
1996-09-26,68.75,69.1875,68.390625,68.625,41.15703201293945,773200,0.0,0.0,0.0
1996-09-27,68.71875,68.71875,68.375,68.6875,41.194496154785156,407600,0.0,0.0,0.0
1996-09-30,68.78125,69.0625,68.578125,68.625,41.15703201293945,578200,0.0,0.0,0.0
1996-10-01,68.703125,69.046875,68.4375,69.0,41.38194274902344,561400,0.0,0.0,0.0
1996-10-02,69.25,69.59375,69.15625,69.46875,41.663055419921875,609000,0.0,0.0,0.0
1996-10-03,69.5,69.53125,69.203125,69.40625,41.62558364868164,342200,0.0,0.0,0.0
1996-10-04,69.6875,70.34375,69.5,70.34375,42.18782424926758,754100,0.0,0.0,0.0
1996-10-07,70.3125,70.625,70.25,70.421875,42.23468017578125,235100,0.0,0.0,0.0
1996-10-08,70.453125,70.6875,70.015625,70.140625,42.06599807739258,386200,0.0,0.0,0.0
1996-10-09,70.25,70.375,69.515625,69.59375,41.73802947998047,528800,0.0,0.0,0.0
1996-10-10,69.59375,69.859375,69.375,69.453125,41.653682708740234,1562200,0.0,0.0,0.0
1996-10-11,69.71875,70.3125,69.71875,70.3125,42.1690673828125,331300,0.0,0.0,0.0
1996-10-14,70.3125,70.6875,70.296875,70.40625,42.22530746459961,201600,0.0,0.0,0.0
1996-10-15,71.125,71.125,69.953125,70.3125,42.1690673828125,776900,0.0,0.0,0.0
1996-10-16,70.5,70.65625,69.9375,70.65625,42.375244140625,590100,0.0,0.0,0.0
1996-10-17,70.875,71.03125,70.546875,70.84375,42.487693786621094,792500,0.0,0.0,0.0
1996-10-18,70.875,71.3125,70.71875,71.21875,42.712608337402344,695800,0.0,0.0,0.0
1996-10-21,71.28125,71.625,70.9375,71.125,42.65637969970703,879200,0.0,0.0,0.0
1996-10-22,71.0625,71.078125,70.59375,70.625,42.356483459472656,848900,0.0,0.0,0.0
1996-10-23,70.46875,70.890625,70.1875,70.859375,42.497066497802734,735900,0.0,0.0,0.0
1996-10-24,70.859375,70.984375,70.21875,70.25,42.13159942626953,379300,0.0,0.0,0.0
1996-10-25,70.234375,70.5625,70.125,70.3125,42.1690673828125,568300,0.0,0.0,0.0
1996-10-28,70.375,70.734375,69.8125,69.84375,41.88794708251953,975400,0.0,0.0,0.0
1996-10-29,70.0625,70.578125,69.703125,70.40625,42.22530746459961,815900,0.0,0.0,0.0
1996-10-30,70.625,70.625,70.09375,70.171875,42.084739685058594,495400,0.0,0.0,0.0
1996-10-31,70.265625,70.875,70.1875,70.84375,42.487693786621094,726300,0.0,0.0,0.0
1996-11-01,70.984375,71.15625,70.265625,70.59375,42.33776092529297,821300,0.0,0.0,0.0
1996-11-04,70.6875,71.0625,70.53125,71.0625,42.61887741088867,1608400,0.0,0.0,0.0
1996-11-05,71.296875,71.796875,71.28125,71.46875,42.8625373840332,764000,0.0,0.0,0.0
1996-11-06,71.59375,72.875,71.53125,72.84375,43.68718338012695,1665000,0.0,0.0,0.0
1996-11-07,72.625,73.296875,72.53125,73.015625,43.79026794433594,1446300,0.0,0.0,0.0
1996-11-08,73.03125,73.4375,72.75,73.421875,44.03389358520508,1355700,0.0,0.0,0.0
1996-11-11,73.25,73.515625,73.21875,73.34375,43.98703384399414,655900,0.0,0.0,0.0
1996-11-12,73.546875,73.59375,73.015625,73.125,43.8558464050293,719900,0.0,0.0,0.0
1996-11-13,73.203125,73.5625,73.015625,73.453125,44.05262756347656,481900,0.0,0.0,0.0
1996-11-14,73.1875,73.9375,73.15625,73.9375,44.3431396484375,558800,0.0,0.0,0.0
1996-11-15,74.125,74.5,73.71875,74.03125,44.39936828613281,2250900,0.0,0.0,0.0
1996-11-18,74.171875,74.25,73.734375,74.046875,44.408729553222656,1518200,0.0,0.0,0.0
1996-11-19,74.140625,74.59375,74.03125,74.578125,44.727352142333984,1029300,0.0,0.0,0.0
1996-11-20,74.5625,75.015625,74.3125,74.703125,44.802303314208984,730000,0.0,0.0,0.0
1996-11-21,74.796875,74.84375,74.375,74.59375,44.7367057800293,653000,0.0,0.0,0.0
1996-11-22,74.703125,75.25,74.703125,75.171875,45.083438873291016,965100,0.0,0.0,0.0
1996-11-25,75.25,76.15625,75.078125,76.125,45.65503692626953,2058800,0.0,0.0,0.0
1996-11-26,76.28125,76.6875,75.46875,75.875,45.50513458251953,2861800,0.0,0.0,0.0
1996-11-27,76.0625,76.1875,75.640625,75.734375,45.42079162597656,872000,0.0,0.0,0.0
1996-11-29,76.0,76.21875,75.859375,76.015625,45.5894660949707,1073400,0.0,0.0,0.0
1996-12-02,75.921875,76.125,75.390625,76.046875,45.60821533203125,1350600,0.0,0.0,0.0
1996-12-03,76.0625,76.578125,74.75,74.75,44.8304328918457,1777800,0.0,0.0,0.0
1996-12-04,74.875,75.0625,74.09375,74.953125,44.95224380493164,2365100,0.0,0.0,0.0
1996-12-05,74.84375,75.140625,74.53125,74.75,44.8304328918457,1697700,0.0,0.0,0.0
1996-12-06,73.25,74.75,72.65625,74.3125,44.56803894042969,3401800,0.0,0.0,0.0
1996-12-09,74.6875,75.421875,74.578125,75.40625,45.2239990234375,1864600,0.0,0.0,0.0
1996-12-10,75.5625,75.671875,74.96875,75.046875,45.00846862792969,1331600,0.0,0.0,0.0
1996-12-11,73.625,74.625,73.3125,74.359375,44.59612274169922,1847900,0.0,0.0,0.0
1996-12-12,74.78125,74.875,72.9375,73.125,43.8558464050293,2540200,0.0,0.0,0.0
1996-12-13,73.0625,73.578125,72.40625,73.3125,43.96830749511719,1678300,0.0,0.0,0.0
1996-12-16,73.5,73.6875,72.0625,72.375,43.406044006347656,1831100,0.0,0.0,0.0
1996-12-17,72.15625,73.28125,71.875,72.953125,43.75276565551758,2023200,0.0,0.0,0.0
1996-12-18,73.375,73.765625,73.265625,73.53125,44.09947967529297,1666800,0.0,0.0,0.0
1996-12-19,74.1875,75.125,73.890625,75.046875,45.00846862792969,2269300,0.0,0.0,0.0
1996-12-20,75.125,75.71875,74.75,74.84375,45.10722351074219,1543200,0.367,0.0,0.0
1996-12-23,75.09375,75.203125,74.328125,74.65625,44.99423599243164,1263700,0.0,0.0,0.0
1996-12-24,74.84375,75.203125,74.796875,75.203125,45.32383728027344,633000,0.0,0.0,0.0
1996-12-26,75.4375,75.828125,75.375,75.78125,45.672245025634766,1384300,0.0,0.0,0.0
1996-12-27,75.78125,76.03125,75.5,75.875,45.728759765625,410400,0.0,0.0,0.0
1996-12-30,76.125,76.125,75.15625,75.21875,45.33323287963867,694100,0.0,0.0,0.0
1996-12-31,75.28125,75.375,73.84375,73.84375,44.50452423095703,1378100,0.0,0.0,0.0
1997-01-02,74.375,74.375,72.75,74.03125,44.617557525634766,2031900,0.0,0.0,0.0
1997-01-03,74.375,75.125,74.078125,75.09375,45.25788879394531,2123200,0.0,0.0,0.0
1997-01-06,75.09375,75.4375,74.3125,74.4375,44.862369537353516,1374100,0.0,0.0,0.0
1997-01-07,74.4375,75.46875,74.125,75.34375,45.4085693359375,939000,0.0,0.0,0.0
1997-01-08,75.75,75.78125,74.6875,74.6875,45.013057708740234,1802200,0.0,0.0,0.0
1997-01-09,75.0625,75.875,74.9375,75.3125,45.389739990234375,1415700,0.0,0.0,0.0
1997-01-10,74.25,76.25,74.25,76.125,45.879398345947266,2369500,0.0,0.0,0.0
1997-01-13,76.5,76.5,75.640625,76.015625,45.81350326538086,1364600,0.0,0.0,0.0
1997-01-14,76.6875,77.390625,76.5,76.96875,46.38796615600586,2111200,0.0,0.0,0.0
1997-01-15,76.71875,77.203125,76.375,76.78125,46.27495193481445,1583900,0.0,0.0,0.0
1997-01-16,77.03125,77.296875,76.5,77.09375,46.4632682800293,1308400,0.0,0.0,0.0
1997-01-17,77.203125,77.75,77.109375,77.5625,46.74578094482422,1604000,0.0,0.0,0.0
1997-01-20,77.75,78.09375,77.46875,77.65625,46.80228805541992,1889900,0.0,0.0,0.0
1997-01-21,77.375,78.546875,77.109375,78.28125,47.17897415161133,2785800,0.0,0.0,0.0
1997-01-22,78.3125,78.84375,77.875,78.84375,47.51795196533203,1201600,0.0,0.0,0.0
1997-01-23,79.0625,79.6875,76.90625,77.75,46.858787536621094,2601100,0.0,0.0,0.0
1997-01-24,77.875,77.90625,76.75,76.75,46.256107330322266,2176000,0.0,0.0,0.0
1997-01-27,76.875,77.234375,76.375,76.53125,46.12427520751953,2108500,0.0,0.0,0.0
1997-01-28,77.625,77.84375,76.0,76.75,46.256107330322266,4376000,0.0,0.0,0.0
1997-01-29,76.875,77.5,76.59375,77.5,46.70807647705078,1122700,0.0,0.0,0.0
1997-01-30,77.875,78.53125,77.40625,78.5,47.31079864501953,2126300,0.0,0.0,0.0
1997-01-31,78.9375,79.40625,78.375,78.40625,47.2542839050293,3208100,0.0,0.0,0.0
1997-02-03,78.71875,78.890625,78.359375,78.640625,47.39554977416992,755000,0.0,0.0,0.0
1997-02-04,78.75,79.203125,78.4375,79.125,47.68747329711914,654100,0.0,0.0,0.0
1997-02-05,79.234375,79.46875,77.125,77.640625,46.7928466796875,2255400,0.0,0.0,0.0
1997-02-06,77.78125,78.203125,77.40625,78.15625,47.10361862182617,2483100,0.0,0.0,0.0
1997-02-07,78.8125,79.25,77.78125,79.21875,47.74397659301758,2321000,0.0,0.0,0.0
1997-02-10,79.25,79.53125,78.421875,78.46875,47.29194259643555,1670000,0.0,0.0,0.0
1997-02-11,78.78125,79.375,78.125,79.375,47.83811569213867,1664300,0.0,0.0,0.0
1997-02-12,79.375,80.640625,79.265625,80.5,48.516170501708984,2675400,0.0,0.0,0.0
1997-02-13,80.8125,81.5625,80.6875,81.375,49.04350280761719,1104800,0.0,0.0,0.0
1997-02-14,81.1875,81.46875,80.90625,81.1875,48.93052673339844,1112900,0.0,0.0,0.0
1997-02-18,81.34375,81.9375,80.75,81.875,49.3448600769043,833100,0.0,0.0,0.0
1997-02-19,81.65625,82.0,81.15625,81.328125,49.0152702331543,648100,0.0,0.0,0.0
1997-02-20,81.03125,81.359375,80.15625,80.34375,48.422000885009766,1193900,0.0,0.0,0.0
1997-02-21,80.40625,80.765625,80.140625,80.375,48.44083023071289,1844400,0.0,0.0,0.0
1997-02-24,79.96875,81.375,79.96875,81.328125,49.0152702331543,787300,0.0,0.0,0.0
1997-02-25,81.40625,81.53125,80.875,81.390625,49.052947998046875,1653900,0.0,0.0,0.0
1997-02-26,81.3125,81.4375,79.625,80.59375,48.57268142700195,1597800,0.0,0.0,0.0
1997-02-27,80.8125,80.8125,79.375,79.390625,47.8475456237793,1813100,0.0,0.0,0.0
1997-02-28,79.25,79.875,79.0625,79.15625,47.70632553100586,2961200,0.0,0.0,0.0
1997-03-03,78.75,79.75,78.6875,79.6875,48.0264892578125,1210400,0.0,0.0,0.0
1997-03-04,79.90625,80.125,79.09375,79.25,47.762813568115234,1478700,0.0,0.0,0.0
1997-03-05,79.71875,80.59375,79.453125,80.59375,48.57268142700195,1254800,0.0,0.0,0.0
1997-03-06,80.625,80.90625,79.875,80.125,48.2901611328125,1528500,0.0,0.0,0.0
1997-03-07,80.4375,81.15625,80.25,80.84375,48.723323822021484,1859300,0.0,0.0,0.0
1997-03-10,80.9375,81.6875,80.546875,81.6875,49.23186492919922,1074900,0.0,0.0,0.0
1997-03-11,81.75,81.796875,81.25,81.25,48.968162536621094,624600,0.0,0.0,0.0
1997-03-12,81.3125,81.34375,80.296875,80.53125,48.534996032714844,1055600,0.0,0.0,0.0
1997-03-13,80.25,80.46875,79.0625,79.28125,47.78165817260742,2514100,0.0,0.0,0.0
1997-03-14,79.640625,80.03125,79.25,79.6875,48.0264892578125,1642700,0.0,0.0,0.0
1997-03-17,79.25,80.03125,78.4375,79.90625,48.158302307128906,3013500,0.0,0.0,0.0
1997-03-18,80.0,80.109375,78.71875,79.046875,47.64039611816406,1352500,0.0,0.0,0.0
1997-03-19,78.84375,79.5,78.0625,78.78125,47.480289459228516,1510000,0.0,0.0,0.0
1997-03-20,78.75,79.0,77.875,78.375,47.2354736328125,1808200,0.0,0.0,0.0
1997-03-21,78.6875,78.75,78.34375,78.4375,47.45417022705078,2810600,0.299,0.0,0.0
1997-03-24,78.5,79.578125,78.09375,79.53125,48.11586380004883,2145600,0.0,0.0,0.0
1997-03-25,79.34375,79.96875,78.53125,78.75,47.643226623535156,2125800,0.0,0.0,0.0
1997-03-26,79.0625,79.65625,78.6875,79.09375,47.85118865966797,1335300,0.0,0.0,0.0
1997-03-27,79.375,79.375,76.15625,77.0,46.58449935913086,2898500,0.0,0.0,0.0
1997-03-31,76.90625,77.125,75.25,75.375,45.601383209228516,4270700,0.0,0.0,0.0
1997-04-01,75.25,76.1875,75.046875,75.859375,45.89442443847656,3210900,0.0,0.0,0.0
1997-04-02,75.625,75.9375,74.4375,74.5,45.07200241088867,2672700,0.0,0.0,0.0
1997-04-03,74.4375,75.125,74.1875,74.90625,45.317787170410156,2284200,0.0,0.0,0.0
1997-04-04,74.5,75.859375,74.15625,75.84375,45.88495635986328,3706700,0.0,0.0,0.0
1997-04-07,76.1875,76.625,76.140625,76.140625,46.06455993652344,2596200,0.0,0.0,0.0
1997-04-08,76.125,76.78125,75.84375,76.6875,46.395442962646484,1822700,0.0,0.0,0.0
1997-04-09,77.0,77.046875,75.84375,76.0625,46.01729965209961,2453200,0.0,0.0,0.0
1997-04-10,76.09375,76.546875,75.6875,75.78125,45.84717559814453,1996500,0.0,0.0,0.0
1997-04-11,75.0625,75.3125,73.375,73.375,44.391395568847656,4221600,0.0,0.0,0.0
1997-04-14,73.734375,74.453125,73.3125,74.359375,44.986907958984375,3988500,0.0,0.0,0.0
1997-04-15,75.25,75.640625,74.5,75.625,45.75263595581055,2760400,0.0,0.0,0.0
1997-04-16,75.375,76.609375,75.25,76.5,46.282005310058594,2273300,0.0,0.0,0.0
1997-04-17,76.5,77.0,76.0,76.1875,46.092952728271484,1386000,0.0,0.0,0.0
1997-04-18,76.8125,76.984375,76.25,76.5625,46.31980514526367,1702100,0.0,0.0,0.0
1997-04-21,76.75,76.90625,75.46875,76.0625,46.01729965209961,2809400,0.0,0.0,0.0
1997-04-22,76.109375,77.734375,76.0,77.734375,47.02879333496094,3215000,0.0,0.0,0.0
1997-04-23,77.65625,78.03125,77.1875,77.8125,47.07607650756836,2047700,0.0,0.0,0.0
1997-04-24,78.046875,78.28125,76.875,77.421875,46.83972930908203,2689900,0.0,0.0,0.0
1997-04-25,77.0625,77.203125,76.421875,76.53125,46.300899505615234,1606200,0.0,0.0,0.0
1997-04-28,76.5,77.8125,76.375,77.28125,46.7546501159668,1666500,0.0,0.0,0.0
1997-04-29,78.59375,79.78125,78.296875,79.71875,48.22930908203125,3197400,0.0,0.0,0.0
1997-04-30,79.25,80.6875,79.21875,80.09375,48.4561882019043,3372200,0.0,0.0,0.0
1997-05-01,80.21875,80.53125,79.3125,80.0,48.39946746826172,2149500,0.0,0.0,0.0
1997-05-02,80.28125,81.671875,80.0625,81.4375,49.26915740966797,1448300,0.0,0.0,0.0
1997-05-05,81.65625,83.5625,81.296875,83.375,50.44133377075195,3636200,0.0,0.0,0.0
1997-05-06,82.96875,83.46875,82.5,83.3125,50.40349197387695,1721100,0.0,0.0,0.0
1997-05-07,83.0,83.0,81.40625,81.5,49.306976318359375,2327200,0.0,0.0,0.0
1997-05-08,81.3125,83.21875,81.1875,82.0625,49.64728546142578,2923700,0.0,0.0,0.0
1997-05-09,82.96875,83.125,81.65625,82.625,49.98756790161133,2558200,0.0,0.0,0.0
1997-05-12,82.9375,84.25,82.875,84.0,50.819419860839844,2357900,0.0,0.0,0.0
1997-05-13,83.9375,84.09375,83.015625,83.65625,50.61149215698242,1195100,0.0,0.0,0.0
1997-05-14,84.234375,84.5,83.4375,83.8125,50.70600509643555,2772000,0.0,0.0,0.0
1997-05-15,83.8125,84.59375,83.515625,84.375,51.04632568359375,884100,0.0,0.0,0.0
1997-05-16,84.125,84.3125,83.0,83.21875,50.34677505493164,1934200,0.0,0.0,0.0
1997-05-19,83.3125,83.90625,83.0625,83.46875,50.498050689697266,1375800,0.0,0.0,0.0
1997-05-20,83.28125,84.6875,82.75,84.46875,51.1030387878418,1756400,0.0,0.0,0.0
1997-05-21,84.6875,84.984375,83.65625,84.28125,50.9896125793457,1208000,0.0,0.0,0.0
1997-05-22,84.375,84.46875,83.5625,84.0,50.819419860839844,907600,0.0,0.0,0.0
1997-05-23,84.375,85.21875,84.15625,84.78125,51.29210662841797,644400,0.0,0.0,0.0
1997-05-27,84.375,85.53125,84.265625,85.125,51.50004577636719,1531000,0.0,0.0,0.0
1997-05-28,85.125,85.453125,84.515625,85.109375,51.49060821533203,716700,0.0,0.0,0.0
1997-05-29,85.09375,85.25,84.5,84.609375,51.18811798095703,1282700,0.0,0.0,0.0
1997-05-30,83.21875,85.5625,83.125,85.15625,51.51899719238281,2143300,0.0,0.0,0.0
1997-06-02,85.34375,85.5,84.71875,84.78125,51.29210662841797,1479100,0.0,0.0,0.0
1997-06-03,84.40625,85.4375,84.34375,84.5,51.12192916870117,1562100,0.0,0.0,0.0
1997-06-04,84.53125,84.75,84.078125,84.40625,51.06522750854492,1063100,0.0,0.0,0.0
1997-06-05,84.59375,85.3125,84.421875,84.71875,51.25426483154297,1180800,0.0,0.0,0.0
1997-06-06,84.59375,86.4375,84.59375,86.375,52.25628662109375,1511100,0.0,0.0,0.0
1997-06-09,86.4375,86.875,86.34375,86.8125,52.5210075378418,1823400,0.0,0.0,0.0
1997-06-10,86.84375,87.40625,86.5,87.078125,52.681705474853516,1217500,0.0,0.0,0.0
1997-06-11,87.0,87.40625,86.828125,87.28125,52.80459213256836,1673800,0.0,0.0,0.0
1997-06-12,87.875,89.0,87.5625,88.96875,53.82548141479492,4273300,0.0,0.0,0.0
1997-06-13,89.0625,90.0,88.90625,89.71875,54.27928161621094,2132900,0.0,0.0,0.0
1997-06-16,89.75,90.0,89.46875,89.75,54.29813766479492,800400,0.0,0.0,0.0
1997-06-17,89.4375,90.234375,88.9375,89.625,54.222537994384766,2048100,0.0,0.0,0.0
1997-06-18,89.125,89.625,88.96875,89.3125,54.03346252441406,1971900,0.0,0.0,0.0
1997-06-19,89.609375,90.5,89.375,90.234375,54.59120178222656,2029900,0.0,0.0,0.0
1997-06-20,89.9375,90.34375,89.5,89.578125,54.405181884765625,1396900,0.35,0.0,0.0
1997-06-23,89.40625,89.90625,87.34375,87.40625,53.08614730834961,3991500,0.0,0.0,0.0
1997-06-24,88.25,89.875,88.0,89.625,54.43366622924805,4895100,0.0,0.0,0.0
1997-06-25,89.484375,90.25,87.9375,89.0,54.0540657043457,4708900,0.0,0.0,0.0
1997-06-26,88.84375,89.625,87.6875,88.5625,53.78834915161133,2569900,0.0,0.0,0.0
1997-06-27,88.96875,89.71875,88.6875,88.90625,53.99712371826172,2617900,0.0,0.0,0.0
1997-06-30,88.90625,89.46875,87.875,88.3125,53.636512756347656,2384900,0.0,0.0,0.0
1997-07-01,88.5,89.5625,88.390625,89.34375,54.26285934448242,1749000,0.0,0.0,0.0
1997-07-02,89.5625,90.8125,89.21875,90.8125,55.15488815307617,1961800,0.0,0.0,0.0
1997-07-03,91.875,92.15625,91.46875,92.0625,55.914093017578125,2539100,0.0,0.0,0.0
1997-07-07,92.375,92.5,90.90625,91.125,55.3447265625,1158600,0.0,0.0,0.0
1997-07-08,91.25,92.1875,91.1875,92.078125,55.9235954284668,3396500,0.0,0.0,0.0
1997-07-09,92.3125,92.375,90.03125,91.0625,55.30673599243164,5390300,0.0,0.0,0.0
1997-07-10,91.125,91.84375,90.484375,91.46875,55.553443908691406,2072200,0.0,0.0,0.0
1997-07-11,91.59375,92.1875,91.375,91.78125,55.74327850341797,2258900,0.0,0.0,0.0
1997-07-14,91.890625,92.3125,91.21875,92.0625,55.914093017578125,3186400,0.0,0.0,0.0
1997-07-15,92.3125,92.765625,91.46875,92.53125,56.19878005981445,2983100,0.0,0.0,0.0
1997-07-16,93.125,94.09375,92.890625,93.75,56.93898391723633,2621300,0.0,0.0,0.0
1997-07-17,93.625,93.8125,92.78125,93.28125,56.654293060302734,1794800,0.0,0.0,0.0
1997-07-18,93.015625,93.21875,91.0625,91.296875,55.44908142089844,3961900,0.0,0.0,0.0
1997-07-21,91.28125,91.59375,90.6875,91.3125,55.45857238769531,3810300,0.0,0.0,0.0
1997-07-22,91.6875,93.796875,91.625,93.734375,56.92948532104492,4243400,0.0,0.0,0.0
1997-07-23,93.9375,94.484375,93.53125,93.65625,56.882057189941406,3204300,0.0,0.0,0.0
1997-07-24,93.9375,94.265625,92.6875,94.09375,57.14775466918945,4152700,0.0,0.0,0.0
1997-07-25,94.5625,94.8125,93.625,94.03125,57.10980224609375,2364800,0.0,0.0,0.0
1997-07-28,94.25,94.5625,93.5,93.96875,57.071842193603516,2794700,0.0,0.0,0.0
1997-07-29,93.625,94.46875,93.421875,94.28125,57.26163864135742,2737100,0.0,0.0,0.0
1997-07-30,94.5,95.625,94.40625,95.40625,57.94490432739258,4839800,0.0,0.0,0.0
1997-07-31,95.40625,96.03125,95.03125,95.3125,57.887962341308594,2138700,0.0,0.0,0.0
1997-08-01,95.5,95.71875,93.8125,94.9375,57.660194396972656,7077700,0.0,0.0,0.0
1997-08-04,94.78125,95.546875,94.40625,95.1875,57.812034606933594,2339500,0.0,0.0,0.0
1997-08-05,95.09375,95.6875,94.90625,95.25,57.85000228881836,1466700,0.0,0.0,0.0
1997-08-06,95.4375,96.53125,95.0625,96.03125,58.32447814941406,2478200,0.0,0.0,0.0
1997-08-07,96.5,96.625,95.125,95.3125,57.887962341308594,3641900,0.0,0.0,0.0
1997-08-08,94.3125,94.75,92.40625,93.375,56.71121597290039,7113100,0.0,0.0,0.0
1997-08-11,93.75,94.28125,92.625,94.0625,57.1287727355957,6355900,0.0,0.0,0.0
1997-08-12,94.21875,94.546875,92.46875,92.5625,56.217750549316406,6132500,0.0,0.0,0.0
1997-08-13,93.6875,93.84375,91.46875,92.28125,56.04694747924805,6982300,0.0,0.0,0.0
1997-08-14,93.09375,93.3125,91.71875,92.625,56.25572967529297,3462700,0.0,0.0,0.0
1997-08-15,92.125,92.125,89.625,89.78125,54.5285758972168,4907100,0.0,0.0,0.0
1997-08-18,90.375,91.78125,89.34375,91.78125,55.74327850341797,5638900,0.0,0.0,0.0
1997-08-19,92.21875,92.90625,91.53125,92.84375,56.388580322265625,3802800,0.0,0.0,0.0
1997-08-20,92.9375,94.3125,92.609375,94.25,57.24266815185547,3564600,0.0,0.0,0.0
1997-08-21,94.125,94.25,92.09375,92.59375,56.23674774169922,5392600,0.0,0.0,0.0
1997-08-22,91.0,92.734375,90.5625,92.5625,56.217750549316406,8087800,0.0,0.0,0.0
1997-08-25,92.78125,93.40625,91.84375,92.21875,56.00896453857422,3888000,0.0,0.0,0.0
1997-08-26,92.0,92.5625,90.703125,90.859375,55.18339157104492,4290000,0.0,0.0,0.0
1997-08-27,91.0,91.96875,90.40625,91.40625,55.515499114990234,5484300,0.0,0.0,0.0
1997-08-28,91.1875,91.9375,90.0,90.015625,54.6709098815918,4287900,0.0,0.0,0.0
1997-08-29,90.125,91.109375,89.71875,90.375,54.88917541503906,2652300,0.0,0.0,0.0
1997-09-02,90.6875,93.359375,90.59375,93.3125,56.67329025268555,7294000,0.0,0.0,0.0
1997-09-03,93.296875,94.0,92.75,92.8125,56.369598388671875,2812500,0.0,0.0,0.0
1997-09-04,93.0625,93.71875,92.75,93.40625,56.7302131652832,2473700,0.0,0.0,0.0
1997-09-05,93.96875,94.4375,92.59375,93.140625,56.56888198852539,3663300,0.0,0.0,0.0
1997-09-08,93.71875,94.0,93.3125,93.546875,56.815608978271484,803500,0.0,0.0,0.0
1997-09-09,93.21875,94.28125,92.90625,93.59375,56.844078063964844,1885200,0.0,0.0,0.0
1997-09-10,93.125,93.5,91.65625,91.65625,55.6673583984375,3623700,0.0,0.0,0.0
1997-09-11,91.78125,91.90625,90.25,91.1875,55.38266372680664,7055900,0.0,0.0,0.0
1997-09-12,92.0,92.96875,90.9375,92.65625,56.27473449707031,6708000,0.0,0.0,0.0
1997-09-15,92.65625,93.3125,92.1875,92.5,56.1797981262207,2060500,0.0,0.0,0.0
1997-09-16,93.3125,95.28125,93.03125,94.8125,57.584266662597656,6979000,0.0,0.0,0.0
1997-09-17,95.375,95.5,94.5,94.8125,57.584266662597656,2220000,0.0,0.0,0.0
1997-09-18,95.0,96.375,94.96875,95.21875,57.83103561401367,5045400,0.0,0.0,0.0
1997-09-19,94.65625,95.359375,94.40625,95.03125,57.92886734008789,1566400,0.348,0.0,0.0
1997-09-22,95.5,96.203125,95.21875,95.5625,58.252708435058594,3259000,0.0,0.0,0.0
1997-09-23,95.5625,95.703125,94.75,95.125,57.98603820800781,1872800,0.0,0.0,0.0
1997-09-24,95.375,96.109375,94.28125,94.34375,57.50978469848633,2793100,0.0,0.0,0.0
1997-09-25,94.25,94.75,93.625,93.6875,57.10977554321289,6327800,0.0,0.0,0.0
1997-09-26,94.4375,94.8125,94.1875,94.46875,57.585960388183594,3995800,0.0,0.0,0.0
1997-09-29,94.5,95.5625,94.15625,95.375,58.138431549072266,2065000,0.0,0.0,0.0
1997-09-30,95.0,95.6875,94.375,94.375,57.52883529663086,4137600,0.0,0.0,0.0
1997-10-01,95.25,95.8125,94.78125,95.625,58.290802001953125,3567500,0.0,0.0,0.0
1997-10-02,95.53125,96.1875,95.3125,96.15625,58.6146240234375,2577500,0.0,0.0,0.0
1997-10-03,97.46875,97.75,95.34375,96.640625,58.9099006652832,6499900,0.0,0.0,0.0
1997-10-06,97.3125,97.609375,96.90625,97.28125,59.30043029785156,2272100,0.0,0.0,0.0
1997-10-07,97.53125,98.5,97.203125,98.1875,59.85282897949219,1832800,0.0,0.0,0.0
1997-10-08,98.359375,98.375,96.734375,97.5,59.43378448486328,4439400,0.0,0.0,0.0
1997-10-09,96.78125,97.609375,96.21875,97.15625,59.224205017089844,3607600,0.0,0.0,0.0
1997-10-10,96.3125,96.984375,96.25,96.875,59.05276107788086,2858100,0.0,0.0,0.0
1997-10-13,97.34375,97.546875,96.71875,96.96875,59.10993194580078,1760300,0.0,0.0,0.0
1997-10-14,97.46875,97.5,96.1875,97.0,59.128990173339844,2235700,0.0,0.0,0.0
1997-10-15,96.3125,97.0625,96.28125,96.78125,58.99561309814453,2601700,0.0,0.0,0.0
1997-10-16,97.3125,97.5,95.0,95.25,58.06221008300781,9488100,0.0,0.0,0.0
1997-10-17,95.015625,95.375,93.0,94.28125,57.47166442871094,8151300,0.0,0.0,0.0
1997-10-20,94.84375,95.75,94.15625,95.625,58.290802001953125,3636400,0.0,0.0,0.0
1997-10-21,96.21875,97.5,96.03125,97.484375,59.42422866821289,5225400,0.0,0.0,0.0
1997-10-22,97.34375,97.390625,96.53125,96.84375,59.03371810913086,4485200,0.0,0.0,0.0
1997-10-23,94.9375,95.75,94.28125,94.9375,57.871726989746094,8054100,0.0,0.0,0.0
1997-10-24,96.15625,96.15625,93.671875,94.0,57.30022430419922,6778700,0.0,0.0,0.0
1997-10-27,93.015625,93.9375,86.84375,87.1875,53.14747619628906,10840700,0.0,0.0,0.0
1997-10-28,84.375,92.875,84.375,92.21875,56.21443176269531,19548000,0.0,0.0,0.0
1997-10-29,92.5,93.75,91.28125,91.96875,56.062042236328125,10134400,0.0,0.0,0.0
1997-10-30,90.625,92.5625,89.75,89.9375,54.823822021484375,9772900,0.0,0.0,0.0
1997-10-31,91.8125,92.5,90.4375,92.0625,56.119197845458984,7072700,0.0,0.0,0.0
1997-11-03,93.1875,94.375,92.875,94.0,57.30022430419922,5548500,0.0,0.0,0.0
1997-11-04,93.875,94.4375,93.28125,94.0,57.30022430419922,3455700,0.0,0.0,0.0
1997-11-05,94.1875,95.28125,93.84375,94.3125,57.49073028564453,4774900,0.0,0.0,0.0
1997-11-06,94.03125,94.34375,93.5,93.953125,57.27166748046875,3679800,0.0,0.0,0.0
1997-11-07,92.375,93.25,91.4375,92.9375,56.65256118774414,10606800,0.0,0.0,0.0
1997-11-10,93.625,93.84375,92.0,92.375,56.30964660644531,4347900,0.0,0.0,0.0
1997-11-11,92.6875,93.0625,92.03125,92.40625,56.328697204589844,3212400,0.0,0.0,0.0
1997-11-12,91.625,92.71875,90.375,90.5,55.16669464111328,6775300,0.0,0.0,0.0
1997-11-13,91.46875,92.15625,90.09375,91.8125,55.966773986816406,8589600,0.0,0.0,0.0
1997-11-14,92.3125,93.390625,91.609375,93.0625,56.72874069213867,5827900,0.0,0.0,0.0
1997-11-17,94.375,95.3125,94.03125,94.78125,57.77648162841797,5149900,0.0,0.0,0.0
1997-11-18,94.8125,95.09375,93.890625,94.1875,57.41451644897461,3433600,0.0,0.0,0.0
1997-11-19,93.6875,95.0625,92.75,94.65625,57.700252532958984,4387900,0.0,0.0,0.0
1997-11-20,95.3125,96.53125,95.28125,96.09375,58.5765495300293,4822700,0.0,0.0,0.0
1997-11-21,96.625,96.8125,95.65625,96.75,58.976558685302734,5436500,0.0,0.0,0.0
1997-11-24,96.0,96.34375,94.625,95.0,57.90983200073242,4337200,0.0,0.0,0.0
1997-11-25,95.625,95.8125,94.65625,95.25,58.06221008300781,4525000,0.0,0.0,0.0
1997-11-26,95.875,95.984375,95.3125,95.53125,58.233680725097656,2681100,0.0,0.0,0.0
1997-11-28,95.75,96.25,95.59375,95.625,58.290802001953125,1564700,0.0,0.0,0.0
1997-12-01,96.21875,98.09375,96.03125,98.09375,59.79570770263672,4850900,0.0,0.0,0.0
1997-12-02,97.6875,97.984375,97.25,97.5,59.43378448486328,1974900,0.0,0.0,0.0
1997-12-03,97.625,98.53125,96.875,97.78125,59.6052131652832,3302500,0.0,0.0,0.0
1997-12-04,98.5,98.71875,97.375,97.6875,59.54804229736328,2872500,0.0,0.0,0.0
1997-12-05,97.375,99.0,97.125,98.9375,60.310035705566406,3458800,0.0,0.0,0.0
1997-12-08,98.96875,99.0,98.25,98.65625,60.138614654541016,2289200,0.0,0.0,0.0
1997-12-09,98.21875,98.59375,97.625,98.0625,59.77666091918945,1703000,0.0,0.0,0.0
1997-12-10,97.5625,97.84375,96.46875,97.21875,59.26232147216797,3558400,0.0,0.0,0.0
1997-12-11,96.3125,96.59375,95.3125,95.5625,58.252708435058594,5072800,0.0,0.0,0.0
1997-12-12,96.4375,96.5,94.90625,95.75,58.366981506347656,4478400,0.0,0.0,0.0
1997-12-15,96.25,97.109375,95.875,96.71875,58.95751190185547,4674700,0.0,0.0,0.0
1997-12-16,97.21875,97.8125,96.875,97.3125,59.319480895996094,2885800,0.0,0.0,0.0
1997-12-17,97.84375,97.875,96.703125,96.8125,59.014678955078125,2236300,0.0,0.0,0.0
1997-12-18,96.9375,96.9375,95.21875,95.875,58.44320297241211,4658300,0.0,0.0,0.0
1997-12-19,94.53125,95.875,92.375,94.78125,58.00638198852539,8556000,0.38,0.0,0.0
1997-12-22,95.4375,95.90625,94.5625,95.390625,58.37931442260742,5136800,0.0,0.0,0.0
1997-12-23,95.4375,95.625,93.53125,93.6875,57.33702087402344,4436500,0.0,0.0,0.0
1997-12-24,94.4375,94.4375,93.25,93.40625,57.16485595703125,2019200,0.0,0.0,0.0
1997-12-26,94.125,94.125,93.40625,93.78125,57.394386291503906,941800,0.0,0.0,0.0
1997-12-29,94.59375,95.71875,94.4375,95.625,58.52275085449219,2080000,0.0,0.0,0.0
1997-12-30,95.9375,97.25,95.84375,97.125,59.44075393676758,3616000,0.0,0.0,0.0
1997-12-31,96.875,97.625,96.6875,97.0625,59.40251541137695,4359500,0.0,0.0,0.0
1998-01-02,97.3125,97.65625,96.53125,97.5625,59.70852279663086,2360900,0.0,0.0,0.0
1998-01-05,97.84375,98.4375,96.78125,97.78125,59.8423957824707,4191800,0.0,0.0,0.0
1998-01-06,97.25,97.28125,96.1875,96.21875,58.88609313964844,3154900,0.0,0.0,0.0
1998-01-07,96.09375,96.71875,95.21875,96.46875,59.03914260864258,4424200,0.0,0.0,0.0
1998-01-08,96.3125,96.3125,95.375,95.625,58.52275085449219,3831000,0.0,0.0,0.0
1998-01-09,95.25,95.5,91.90625,92.3125,56.49549102783203,10258800,0.0,0.0,0.0
1998-01-12,91.125,94.1875,90.90625,94.0,57.52824401855469,12097900,0.0,0.0,0.0
1998-01-13,94.625,95.375,94.21875,95.3125,58.33150863647461,5224900,0.0,0.0,0.0
1998-01-14,95.6875,95.96875,94.71875,95.75,58.59925079345703,3770400,0.0,0.0,0.0
1998-01-15,95.5,95.75,94.8125,94.953125,58.111572265625,2875400,0.0,0.0,0.0
1998-01-16,96.25,96.6875,95.65625,96.3125,58.943538665771484,4374800,0.0,0.0,0.0
1998-01-20,96.6875,98.015625,96.5,97.875,59.89976501464844,5091700,0.0,0.0,0.0
1998-01-21,97.21875,97.6875,96.15625,96.9375,59.32600021362305,4699400,0.0,0.0,0.0
1998-01-22,96.15625,96.875,95.875,96.078125,58.80008316040039,4543400,0.0,0.0,0.0
1998-01-23,96.5,96.78125,95.0,95.9375,58.71403121948242,6350300,0.0,0.0,0.0
1998-01-26,96.375,96.734375,95.40625,95.875,58.675758361816406,4362900,0.0,0.0,0.0
1998-01-27,95.8125,97.5,95.65625,96.84375,59.26863098144531,7044200,0.0,0.0,0.0
1998-01-28,97.40625,98.109375,97.1875,97.71875,59.80412292480469,4268600,0.0,0.0,0.0
1998-01-29,97.84375,99.5625,97.5625,98.25,60.1292610168457,8007700,0.0,0.0,0.0
1998-01-30,98.78125,98.96875,98.0,98.3125,60.167484283447266,3649100,0.0,0.0,0.0
1998-02-02,99.90625,100.5,99.75,99.9375,61.16202163696289,5756300,0.0,0.0,0.0
1998-02-03,100.0,100.8125,99.71875,100.6875,61.62099838256836,2759600,0.0,0.0,0.0
1998-02-04,100.28125,101.15625,99.9375,100.5625,61.544525146484375,3374000,0.0,0.0,0.0
1998-02-05,101.3125,101.59375,100.03125,100.5,61.50625228881836,5076200,0.0,0.0,0.0
1998-02-06,101.0,101.625,100.6875,101.625,62.19479751586914,5701200,0.0,0.0,0.0
1998-02-09,101.71875,101.75,100.71875,101.28125,61.98436737060547,2322200,0.0,0.0,0.0
1998-02-10,101.4375,102.46875,101.1875,102.25,62.57723617553711,3660400,0.0,0.0,0.0
1998-02-11,102.09375,102.34375,101.703125,102.15625,62.5198860168457,4073200,0.0,0.0,0.0
1998-02-12,101.71875,102.9375,100.875,102.59375,62.787620544433594,5024700,0.0,0.0,0.0
1998-02-13,102.1875,102.515625,101.875,102.0,62.42426300048828,2101300,0.0,0.0,0.0
1998-02-17,102.8125,103.09375,102.15625,102.5,62.73027038574219,3055500,0.0,0.0,0.0
1998-02-18,102.3125,103.484375,102.28125,103.4375,63.304012298583984,3007400,0.0,0.0,0.0
1998-02-19,103.25,103.40625,102.75,102.890625,62.96934127807617,3387800,0.0,0.0,0.0
1998-02-20,103.15625,103.71875,102.375,103.65625,63.43790817260742,3707000,0.0,0.0,0.0
1998-02-23,104.25,104.25,103.34375,104.0625,63.686527252197266,3227800,0.0,0.0,0.0
1998-02-24,103.90625,104.09375,102.9375,103.25,63.18928146362305,3386800,0.0,0.0,0.0
1998-02-25,103.75,104.875,103.625,104.53125,63.973384857177734,3481800,0.0,0.0,0.0
1998-02-26,104.4375,105.21875,104.1875,105.125,64.33678436279297,3187600,0.0,0.0,0.0
1998-02-27,104.96875,105.53125,104.53125,105.125,64.33678436279297,3442900,0.0,0.0,0.0
1998-03-02,105.25,105.75,104.625,104.90625,64.20291137695312,4252300,0.0,0.0,0.0
1998-03-03,104.53125,105.625,104.53125,105.5,64.5662841796875,3349200,0.0,0.0,0.0
1998-03-04,105.09375,105.40625,104.4375,104.8125,64.14554595947266,4404100,0.0,0.0,0.0
1998-03-05,103.5,104.4375,103.15625,103.84375,63.55261993408203,7268000,0.0,0.0,0.0
1998-03-06,104.5625,105.9375,104.4375,105.9375,64.83404541015625,6896300,0.0,0.0,0.0
1998-03-09,105.53125,106.21875,105.25,105.5625,64.60452270507812,3362800,0.0,0.0,0.0
1998-03-10,106.21875,106.84375,105.9375,106.5625,65.216552734375,5481900,0.0,0.0,0.0
1998-03-11,106.96875,107.3125,106.78125,107.0625,65.52256774902344,3439600,0.0,0.0,0.0
1998-03-12,107.09375,107.59375,106.5,107.5,65.79027557373047,3191300,0.0,0.0,0.0
1998-03-13,107.84375,108.0,106.875,107.09375,65.54169464111328,2879400,0.0,0.0,0.0
1998-03-16,107.84375,108.375,107.53125,108.25,66.24930572509766,3223600,0.0,0.0,0.0
1998-03-17,108.3125,108.5625,107.65625,108.5625,66.44052124023438,4581900,0.0,0.0,0.0
1998-03-18,108.25,108.96875,108.03125,108.96875,66.68920135498047,1944100,0.0,0.0,0.0
1998-03-19,108.96875,109.375,108.65625,109.25,66.8613052368164,2554800,0.0,0.0,0.0
1998-03-20,109.5625,110.1875,108.875,109.875,67.43699645996094,3123300,0.313,0.0,0.0
1998-03-23,109.71875,110.3125,109.40625,109.625,67.28353118896484,4453100,0.0,0.0,0.0
1998-03-24,110.0625,110.8125,109.9375,110.5625,67.85894012451172,3333600,0.0,0.0,0.0
1998-03-25,111.40625,111.53125,109.1875,110.15625,67.609619140625,4597600,0.0,0.0,0.0
1998-03-26,109.875,110.75,109.625,110.09375,67.57127380371094,3333500,0.0,0.0,0.0
1998-03-27,110.75,110.78125,109.0,109.625,67.28353118896484,2611300,0.0,0.0,0.0
1998-03-30,109.625,110.09375,108.96875,109.5625,67.2452163696289,3108700,0.0,0.0,0.0
1998-03-31,110.15625,111.1875,109.75,109.9375,67.47539520263672,5926500,0.0,0.0,0.0
1998-04-01,110.3125,111.078125,109.40625,110.828125,68.02198028564453,2929000,0.0,0.0,0.0
1998-04-02,110.9375,112.25,110.75,112.03125,68.76040649414062,3920900,0.0,0.0,0.0
1998-04-03,112.34375,112.8125,111.84375,112.59375,69.10563659667969,3787600,0.0,0.0,0.0
1998-04-06,113.25,113.375,111.6875,111.6875,68.5494384765625,4550500,0.0,0.0,0.0
1998-04-07,111.75,111.9375,110.15625,110.9375,68.089111328125,5583700,0.0,0.0,0.0
1998-04-08,111.21875,111.28125,109.75,110.3125,67.70551300048828,4854800,0.0,0.0,0.0
1998-04-09,110.5625,111.28125,110.53125,111.1875,68.24258422851562,4481200,0.0,0.0,0.0
1998-04-13,111.375,111.375,110.0,110.875,68.05074310302734,4350200,0.0,0.0,0.0
1998-04-14,111.125,111.8125,110.90625,111.8125,68.62617492675781,3279100,0.0,0.0,0.0
1998-04-15,111.96875,112.125,111.15625,112.125,68.81793975830078,3867200,0.0,0.0,0.0
1998-04-16,111.3125,111.5,110.5,110.8125,68.01240539550781,7177900,0.0,0.0,0.0
1998-04-17,110.71875,112.4375,110.4375,112.28125,68.91385650634766,5688800,0.0,0.0,0.0
1998-04-20,112.0,112.5625,111.875,112.25,68.89466857910156,3688300,0.0,0.0,0.0
1998-04-21,112.4375,113.15625,111.90625,112.78125,69.22074127197266,4573200,0.0,0.0,0.0
1998-04-22,112.875,113.4375,112.8125,113.09375,69.41251373291016,2386100,0.0,0.0,0.0
1998-04-23,112.625,113.0,111.75,112.0,68.74124908447266,5062000,0.0,0.0,0.0
1998-04-24,111.75,112.46875,110.34375,110.8125,68.01240539550781,11039700,0.0,0.0,0.0
1998-04-27,109.375,109.6875,107.625,108.71875,66.72736358642578,14510200,0.0,0.0,0.0
1998-04-28,109.78125,109.8125,108.125,108.5625,66.63141632080078,6511400,0.0,0.0,0.0
1998-04-29,109.03125,109.96875,108.4375,109.3125,67.09175109863281,7703100,0.0,0.0,0.0
1998-04-30,110.5625,111.921875,110.40625,111.34375,68.33848571777344,8684500,0.0,0.0,0.0
1998-05-01,111.75,112.59375,111.3125,112.59375,69.10563659667969,4008800,0.0,0.0,0.0
1998-05-04,112.71875,113.3125,112.15625,112.3125,68.93299865722656,4537200,0.0,0.0,0.0
1998-05-05,112.0,112.15625,111.125,111.53125,68.45354461669922,5146400,0.0,0.0,0.0
1998-05-06,112.125,112.125,110.1875,110.21875,67.64798736572266,5526100,0.0,0.0,0.0
1998-05-07,110.5,110.5625,109.34375,109.34375,67.11096954345703,6940400,0.0,0.0,0.0
1998-05-08,110.0,111.375,110.0,111.125,68.2042236328125,7951000,0.0,0.0,0.0
1998-05-11,111.5625,112.21875,110.375,110.75,67.97405242919922,6336300,0.0,0.0,0.0
1998-05-12,110.8125,111.96875,110.34375,111.9375,68.70286560058594,6045200,0.0,0.0,0.0
1998-05-13,112.0625,112.5625,111.59375,112.21875,68.87549591064453,4441500,0.0,0.0,0.0
1998-05-14,111.53125,112.6875,111.34375,111.65625,68.53024291992188,4187500,0.0,0.0,0.0
1998-05-15,112.0,112.21875,110.8125,111.03125,68.14661407470703,6716100,0.0,0.0,0.0
1998-05-18,110.71875,111.59375,109.828125,110.59375,67.87811279296875,4847200,0.0,0.0,0.0
1998-05-19,111.0,111.6875,110.78125,111.34375,68.33848571777344,5918700,0.0,0.0,0.0
1998-05-20,112.09375,112.5,110.875,112.40625,68.99061584472656,5716600,0.0,0.0,0.0
1998-05-21,112.375,112.78125,111.3125,111.6875,68.5494384765625,6301500,0.0,0.0,0.0
1998-05-22,111.75,112.0625,110.9375,111.25,68.28092956542969,4862200,0.0,0.0,0.0
1998-05-26,112.09375,112.09375,109.1875,109.46875,67.18766784667969,6899300,0.0,0.0,0.0
1998-05-27,108.53125,109.90625,107.578125,109.625,67.28353118896484,10202600,0.0,0.0,0.0
1998-05-28,109.875,110.375,109.0625,110.125,67.59044647216797,4907600,0.0,0.0,0.0
1998-05-29,110.625,110.8125,109.03125,109.03125,66.919189453125,4772600,0.0,0.0,0.0
1998-06-01,108.96875,110.21875,108.5625,109.53125,67.22603607177734,6092200,0.0,0.0,0.0
1998-06-02,110.0,110.34375,109.15625,109.625,67.28353118896484,6701100,0.0,0.0,0.0
1998-06-03,109.875,110.1875,107.875,107.875,66.20947265625,6445100,0.0,0.0,0.0
1998-06-04,108.25,110.0625,108.0625,109.875,67.43699645996094,6566300,0.0,0.0,0.0
1998-06-05,110.375,112.0,109.875,112.0,68.74124908447266,8463200,0.0,0.0,0.0
1998-06-08,111.9375,112.46875,111.65625,111.875,68.66453552246094,4159900,0.0,0.0,0.0
1998-06-09,111.71875,112.421875,111.40625,112.21875,68.87549591064453,2725300,0.0,0.0,0.0
1998-06-10,111.625,113.0625,111.25,111.5,68.43437957763672,6186900,0.0,0.0,0.0
1998-06-11,111.4375,111.875,109.375,109.40625,67.14929962158203,8056600,0.0,0.0,0.0
1998-06-12,109.875,110.4375,108.25,110.4375,67.7822494506836,9779000,0.0,0.0,0.0
1998-06-15,108.8125,109.90625,107.5,107.53125,65.99850463867188,10234200,0.0,0.0,0.0
1998-06-16,108.40625,109.21875,107.75,109.1875,67.01502227783203,7471500,0.0,0.0,0.0
1998-06-17,110.15625,111.78125,109.9375,111.46875,68.41520690917969,12057700,0.0,0.0,0.0
1998-06-18,111.1875,111.4375,110.75,110.96875,68.10830688476562,3844600,0.0,0.0,0.0
1998-06-19,111.0625,111.234375,109.625,110.0625,67.76705932617188,3549100,0.352,0.0,0.0
1998-06-22,110.25,111.0625,110.0625,110.59375,68.09413146972656,5438300,0.0,0.0,0.0
1998-06-23,111.09375,112.0625,111.0,111.90625,68.90232849121094,5004600,0.0,0.0,0.0
1998-06-24,112.15625,113.6875,111.609375,113.40625,69.82584381103516,8291900,0.0,0.0,0.0
1998-06-25,113.90625,114.4375,112.8125,113.21875,69.71038055419922,5854800,0.0,0.0,0.0
1998-06-26,113.3125,113.84375,113.125,113.6875,69.99901580810547,4833100,0.0,0.0,0.0
1998-06-29,114.25,114.6875,113.796875,114.09375,70.24909210205078,5953400,0.0,0.0,0.0
1998-06-30,113.90625,114.1875,113.0625,113.3125,69.76809692382812,4284800,0.0,0.0,0.0
1998-07-01,114.0625,114.9375,113.625,114.625,70.57624816894531,3489500,0.0,0.0,0.0
1998-07-02,114.71875,114.875,114.25,114.84375,70.7109603881836,3503900,0.0,0.0,0.0
1998-07-06,114.78125,116.0,114.5625,116.0,71.42283630371094,3144400,0.0,0.0,0.0
1998-07-07,115.984375,116.125,115.28125,115.78125,71.28815460205078,4920700,0.0,0.0,0.0
1998-07-08,115.875,116.9375,115.75,116.625,71.80768585205078,6875000,0.0,0.0,0.0
1998-07-09,116.28125,116.71875,115.625,115.84375,71.32665252685547,6942500,0.0,0.0,0.0
1998-07-10,116.03125,116.9375,115.0625,116.46875,71.71142578125,7849700,0.0,0.0,0.0
1998-07-13,116.5625,116.84375,116.0625,116.5,71.73070526123047,6555100,0.0,0.0,0.0
1998-07-14,116.9375,118.15625,116.9375,117.8125,72.53880310058594,6983600,0.0,0.0,0.0
1998-07-15,118.0625,118.28125,117.53125,117.59375,72.40414428710938,4977500,0.0,0.0,0.0
1998-07-16,117.6875,118.59375,117.0625,118.40625,72.90446472167969,6315600,0.0,0.0,0.0
1998-07-17,118.625,119.0,118.3125,118.5625,73.0006103515625,3539500,0.0,0.0,0.0
1998-07-20,118.75,119.234375,117.9375,118.5625,73.0006103515625,2338400,0.0,0.0,0.0
1998-07-21,119.0,119.0,116.28125,116.5,71.73070526123047,5518600,0.0,0.0,0.0
1998-07-22,116.34375,116.984375,115.53125,116.5,71.73070526123047,10417300,0.0,0.0,0.0
1998-07-23,116.3125,116.59375,113.90625,114.1875,70.30687713623047,15110900,0.0,0.0,0.0
1998-07-24,114.96875,115.09375,112.875,114.09375,70.24909210205078,11540500,0.0,0.0,0.0
1998-07-27,113.625,115.0,112.84375,114.90625,70.7493896484375,9600000,0.0,0.0,0.0
1998-07-28,114.4375,114.65625,111.875,112.96875,69.55645751953125,13693000,0.0,0.0,0.0
1998-07-29,113.71875,114.125,112.25,112.53125,69.28706359863281,7462400,0.0,0.0,0.0
1998-07-30,113.625,114.59375,113.40625,114.21875,70.32613372802734,6821600,0.0,0.0,0.0
1998-07-31,114.34375,114.5,111.3125,111.78125,68.82526397705078,7680500,0.0,0.0,0.0
1998-08-03,111.78125,112.421875,111.03125,111.3125,68.53666687011719,10486500,0.0,0.0,0.0
1998-08-04,112.21875,112.21875,107.0,107.0,65.8814468383789,15091600,0.0,0.0,0.0
1998-08-05,107.9375,108.875,105.59375,108.46875,66.78577423095703,21718400,0.0,0.0,0.0
1998-08-06,108.125,109.5,107.5625,108.9375,67.07437896728516,13084400,0.0,0.0,0.0
1998-08-07,109.6875,110.59375,108.46875,109.125,67.18980407714844,12083800,0.0,0.0,0.0
1998-08-10,108.75,109.65625,108.1875,108.5,66.80496215820312,6273000,0.0,0.0,0.0
1998-08-11,106.78125,107.4375,105.5,106.875,65.8044204711914,14287100,0.0,0.0,0.0
1998-08-12,107.75,108.875,107.5,108.6875,66.92041015625,11158400,0.0,0.0,0.0
1998-08-13,108.8125,109.65625,107.375,107.375,66.11231994628906,9073900,0.0,0.0,0.0
1998-08-14,108.34375,108.71875,105.78125,106.125,65.3426742553711,8628500,0.0,0.0,0.0
1998-08-17,106.0,108.9375,105.5,108.375,66.72799682617188,11290000,0.0,0.0,0.0
1998-08-18,109.0,110.59375,108.78125,110.375,67.95948028564453,7603900,0.0,0.0,0.0
1998-08-19,111.09375,111.09375,109.625,110.09375,67.78631591796875,6258600,0.0,0.0,0.0
1998-08-20,109.6875,110.40625,109.15625,109.4375,67.38218688964844,7402800,0.0,0.0,0.0
1998-08-21,108.1875,108.71875,105.5,108.5625,66.843505859375,16685400,0.0,0.0,0.0
1998-08-24,109.25,109.9375,108.3125,109.25,67.26679229736328,7201700,0.0,0.0,0.0
1998-08-25,110.375,111.25,108.640625,109.5,67.42071533203125,9688300,0.0,0.0,0.0
1998-08-26,108.28125,109.625,107.75,108.875,67.0358657836914,9339700,0.0,0.0,0.0
1998-08-27,107.0,107.5625,103.46875,103.75,63.88034439086914,24887800,0.0,0.0,0.0
1998-08-28,104.96875,105.71875,102.15625,103.375,63.64943313598633,23735900,0.0,0.0,0.0
1998-08-31,103.75,104.015625,95.0,96.0,59.10853576660156,22563100,0.0,0.0,0.0
1998-09-01,96.0625,100.5625,93.625,100.0625,61.60989761352539,24748500,0.0,0.0,0.0
1998-09-02,99.8125,101.75,98.78125,99.34375,61.167335510253906,13843200,0.0,0.0,0.0
1998-09-03,97.625,99.375,96.75,98.5625,60.68631362915039,17311300,0.0,0.0,0.0
1998-09-04,99.4375,99.8125,95.75,97.75,60.18606948852539,17783800,0.0,0.0,0.0
1998-09-08,100.875,103.0,99.8125,103.0,63.41853713989258,14746500,0.0,0.0,0.0
1998-09-09,102.75,103.125,100.4375,100.5,61.8792724609375,12109700,0.0,0.0,0.0
1998-09-10,98.4375,99.34375,96.8125,98.5,60.64785385131836,19889300,0.0,0.0,0.0
1998-09-11,98.1875,101.6875,97.0,101.6875,62.61042785644531,20379800,0.0,0.0,0.0
1998-09-14,102.875,104.453125,102.09375,103.4375,63.68790054321289,10686800,0.0,0.0,0.0
1998-09-15,102.875,104.3125,102.28125,104.0625,64.0727310180664,8337900,0.0,0.0,0.0
1998-09-16,104.75,105.25,103.15625,105.0,64.65000915527344,11024900,0.0,0.0,0.0
1998-09-17,102.25,103.03125,101.78125,102.0,62.80282211303711,12945200,0.0,0.0,0.0
1998-09-18,102.375,102.40625,101.09375,102.09375,63.082618713378906,7019200,0.359,0.0,0.0
1998-09-21,99.625,103.40625,98.9375,102.03125,63.0439338684082,8834600,0.0,0.0,0.0
1998-09-22,103.5,103.65625,102.15625,102.875,63.56532669067383,7270100,0.0,0.0,0.0
1998-09-23,103.875,107.0,103.78125,107.0,66.11412811279297,13688500,0.0,0.0,0.0
1998-09-24,106.3125,106.8125,103.25,104.375,64.49212646484375,11129500,0.0,0.0,0.0
1998-09-25,103.125,105.421875,102.625,104.25,64.41490936279297,10247400,0.0,0.0,0.0
1998-09-28,105.3125,106.3125,104.25,105.1875,64.99419403076172,8847800,0.0,0.0,0.0
1998-09-29,105.375,105.9375,103.375,104.9375,64.8396987915039,10618100,0.0,0.0,0.0
1998-09-30,103.5,104.3125,101.375,101.75,62.87019729614258,7908400,0.0,0.0,0.0
1998-10-01,100.03125,101.546875,98.09375,98.8125,61.05516815185547,13335600,0.0,0.0,0.0
1998-10-02,98.875,100.875,97.21875,100.71875,62.23298263549805,14351800,0.0,0.0,0.0
1998-10-05,99.59375,99.96875,96.34375,98.6875,60.97792053222656,12807200,0.0,0.0,0.0
1998-10-06,100.75,101.28125,97.53125,98.59375,60.920005798339844,12621000,0.0,0.0,0.0
1998-10-07,98.625,100.03125,95.75,97.125,60.012489318847656,14348500,0.0,0.0,0.0
1998-10-08,94.5625,96.75,92.21875,96.59375,59.68416976928711,20625000,0.0,0.0,0.0
1998-10-09,97.0,98.78125,94.0625,98.53125,60.88138198852539,12708500,0.0,0.0,0.0
1998-10-12,100.625,101.4375,99.6875,99.96875,61.76956558227539,9508500,0.0,0.0,0.0
1998-10-13,99.5625,100.40625,98.75,99.625,61.55717468261719,6256800,0.0,0.0,0.0
1998-10-14,98.9375,101.8125,98.84375,100.5625,62.136436462402344,8176900,0.0,0.0,0.0
1998-10-15,100.125,107.25,99.9375,105.96875,65.47687530517578,20541100,0.0,0.0,0.0
1998-10-16,106.125,106.75,105.0,106.0,65.4962387084961,16573900,0.0,0.0,0.0
1998-10-19,105.6875,106.8125,105.5,106.375,65.72787475585938,7915900,0.0,0.0,0.0
1998-10-20,107.5625,108.796875,106.09375,107.0,66.11412811279297,14611600,0.0,0.0,0.0
1998-10-21,106.875,107.625,105.875,106.625,65.88239288330078,9178400,0.0,0.0,0.0
1998-10-22,106.78125,108.46875,106.15625,108.21875,66.8671875,8277500,0.0,0.0,0.0
1998-10-23,107.96875,108.0,106.78125,106.84375,66.0175552368164,6237200,0.0,0.0,0.0
1998-10-26,107.71875,108.46875,106.78125,107.625,66.50027465820312,5838600,0.0,0.0,0.0
1998-10-27,108.4375,108.96875,106.28125,107.0,66.11412811279297,10089700,0.0,0.0,0.0
1998-10-28,106.5625,107.53125,106.03125,106.8125,65.99827575683594,5650600,0.0,0.0,0.0
1998-10-29,107.09375,109.4375,106.625,109.40625,67.60091400146484,9625600,0.0,0.0,0.0
1998-10-30,110.125,110.90625,109.5,110.0,67.9677505493164,9872800,0.0,0.0,0.0
1998-11-02,110.8125,111.875,110.1875,111.875,69.12632751464844,6501400,0.0,0.0,0.0
1998-11-03,111.59375,111.8125,110.75,111.0625,68.624267578125,6866000,0.0,0.0,0.0
1998-11-04,112.46875,113.09375,111.09375,112.25,69.3580551147461,8233600,0.0,0.0,0.0
1998-11-05,111.53125,113.9375,111.125,113.78125,70.30416107177734,6841500,0.0,0.0,0.0
1998-11-06,113.46875,114.5625,113.3125,114.125,70.5165786743164,5224800,0.0,0.0,0.0
1998-11-09,113.9375,114.25,112.5,113.3125,70.01448822021484,6188700,0.0,0.0,0.0
1998-11-10,113.0,113.9375,112.25,113.0,69.82144927978516,14015200,0.0,0.0,0.0
1998-11-11,113.8125,114.0,111.890625,112.25,69.3580551147461,10922400,0.0,0.0,0.0
1998-11-12,112.3125,113.125,111.6875,112.125,69.2807846069336,5457400,0.0,0.0,0.0
1998-11-13,112.21875,113.21875,112.125,113.21875,69.95660400390625,5524600,0.0,0.0,0.0
1998-11-16,114.21875,114.359375,112.890625,114.0625,70.47795867919922,6023700,0.0,0.0,0.0
1998-11-17,113.65625,115.625,113.0,114.0625,70.47795867919922,9058900,0.0,0.0,0.0
1998-11-18,114.3125,115.0,113.5,114.75,70.90271759033203,4567700,0.0,0.0,0.0
1998-11-19,115.28125,115.90625,114.625,115.75,71.52061462402344,5249300,0.0,0.0,0.0
1998-11-20,116.359375,116.75,115.84375,116.625,72.06127166748047,5562000,0.0,0.0,0.0
1998-11-23,117.46875,119.625,117.15625,119.375,73.76048278808594,7151300,0.0,0.0,0.0
1998-11-24,119.0,119.65625,118.453125,118.625,73.29710388183594,5323700,0.0,0.0,0.0
1998-11-25,118.9375,119.1875,118.21875,118.625,73.29710388183594,4393500,0.0,0.0,0.0
1998-11-27,119.46875,119.71875,119.015625,119.5,73.8377456665039,4557900,0.0,0.0,0.0
1998-11-30,119.015625,119.375,116.125,116.125,71.75234985351562,8705400,0.0,0.0,0.0
1998-12-01,116.125,118.03125,115.21875,117.625,72.67918395996094,8950600,0.0,0.0,0.0
1998-12-02,117.21875,117.90625,116.0,117.28125,72.46675872802734,7495500,0.0,0.0,0.0
1998-12-03,117.25,118.3125,115.09375,115.34375,71.26964569091797,12145300,0.0,0.0,0.0
1998-12-04,116.625,118.5,116.5,118.375,73.1426010131836,10339500,0.0,0.0,0.0
1998-12-07,118.0625,119.46875,118.0,118.9375,73.49017333984375,4290000,0.0,0.0,0.0
1998-12-08,118.53125,119.75,117.5,118.40625,73.16194915771484,10102600,0.0,0.0,0.0
1998-12-09,118.6875,118.96875,117.875,118.625,73.29710388183594,5327900,0.0,0.0,0.0
1998-12-10,118.84375,118.84375,116.71875,116.890625,72.22540283203125,5966600,0.0,0.0,0.0
1998-12-11,116.4375,117.34375,115.5625,117.125,72.37022399902344,8198200,0.0,0.0,0.0
1998-12-14,116.15625,116.40625,113.75,113.75,70.28490447998047,9521400,0.0,0.0,0.0
1998-12-15,114.6875,116.75,114.53125,116.6875,72.09991455078125,9631500,0.0,0.0,0.0
1998-12-16,117.125,117.125,115.75,116.53125,72.00338745117188,7260000,0.0,0.0,0.0
1998-12-17,117.21875,118.59375,117.03125,118.390625,73.15228271484375,6914700,0.0,0.0,0.0
1998-12-18,118.3125,119.125,117.875,118.5,73.46306610107422,4802400,0.392,0.0,0.0
1998-12-21,119.25,121.34375,119.0,120.15625,74.4898681640625,8580700,0.0,0.0,0.0
1998-12-22,120.40625,121.21875,119.1875,120.6875,74.81918334960938,5461100,0.0,0.0,0.0
1998-12-23,121.1875,123.21875,120.8125,123.21875,76.388427734375,7791000,0.0,0.0,0.0
1998-12-24,123.15625,123.25,122.5,122.6875,76.05904388427734,1507100,0.0,0.0,0.0
1998-12-28,123.25,123.3125,122.0,122.375,75.86536407470703,4203600,0.0,0.0,0.0
1998-12-29,122.71875,124.484375,122.125,124.3125,77.06648254394531,3935800,0.0,0.0,0.0
1998-12-30,123.9375,124.75,123.03125,123.3125,76.44652557373047,6810700,0.0,0.0,0.0
1998-12-31,123.3125,123.9375,122.46875,123.3125,76.44652557373047,6790500,0.0,0.0,0.0
1999-01-04,123.375,125.21875,121.71875,123.03125,76.27217864990234,9450400,0.0,0.0,0.0
1999-01-05,122.9375,124.875,122.9375,124.4375,77.14396667480469,8031000,0.0,0.0,0.0
1999-01-06,125.8125,127.75,125.75,127.4375,79.00377655029297,7737700,0.0,0.0,0.0
1999-01-07,126.375,127.21875,125.78125,126.8125,78.61628723144531,5504900,0.0,0.0,0.0
1999-01-08,128.1875,128.5,125.96875,127.75,79.1975326538086,6224400,0.0,0.0,0.0
1999-01-11,127.6875,127.6875,125.21875,126.53125,78.44196319580078,7578300,0.0,0.0,0.0
1999-01-12,126.21875,126.21875,123.75,124.25,77.0277328491211,7768800,0.0,0.0,0.0
1999-01-13,120.40625,125.125,120.375,123.375,76.48530578613281,10810600,0.0,0.0,0.0
1999-01-14,123.625,123.90625,120.90625,121.21875,75.14850616455078,11400700,0.0,0.0,0.0
1999-01-15,122.375,124.78125,122.0625,124.375,77.10523986816406,7817700,0.0,0.0,0.0
1999-01-19,125.296875,125.625,123.5,125.1875,77.60894775390625,6535100,0.0,0.0,0.0
1999-01-20,126.09375,127.9375,125.03125,126.1875,78.22884368896484,6534400,0.0,0.0,0.0
1999-01-21,125.578125,125.84375,122.59375,122.84375,76.15594482421875,6937500,0.0,0.0,0.0
1999-01-22,122.125,123.84375,121.78125,122.5625,75.98159790039062,7522300,0.0,0.0,0.0
1999-01-25,123.28125,124.0,121.90625,123.8125,76.75650787353516,5700300,0.0,0.0,0.0
1999-01-26,124.125,126.0625,123.625,126.0625,78.15140533447266,6047000,0.0,0.0,0.0
1999-01-27,126.375,126.625,124.15625,124.59375,77.24085235595703,7399400,0.0,0.0,0.0
1999-01-28,125.25,126.96875,125.1875,126.6875,78.53887176513672,5961700,0.0,0.0,0.0
1999-01-29,127.34375,128.296875,125.40625,127.65625,79.13943481445312,6456800,0.0,0.0,0.0
1999-02-01,128.6875,128.6875,126.90625,126.90625,78.67449188232422,9426800,0.0,0.0,0.0
1999-02-02,127.078125,127.21875,124.765625,126.125,78.19013214111328,9194500,0.0,0.0,0.0
1999-02-03,125.6875,127.9375,125.65625,127.40625,78.98442840576172,10290700,0.0,0.0,0.0
1999-02-04,127.375,127.5,124.78125,125.5,77.80268096923828,7761100,0.0,0.0,0.0
1999-02-05,125.65625,125.65625,123.21875,124.0625,76.9114761352539,7516100,0.0,0.0,0.0
1999-02-08,125.09375,125.09375,123.34375,124.3125,77.06648254394531,8528400,0.0,0.0,0.0
1999-02-09,124.375,124.5,121.515625,121.53125,75.34226989746094,8985700,0.0,0.0,0.0
1999-02-10,122.125,123.0,121.328125,122.3125,75.82662963867188,6936700,0.0,0.0,0.0
1999-02-11,123.0625,126.09375,122.5,125.125,77.5702133178711,9181800,0.0,0.0,0.0
1999-02-12,124.8125,125.5,122.625,123.625,76.64026641845703,10676600,0.0,0.0,0.0
1999-02-16,124.75,125.625,122.875,122.875,76.17530822753906,6915500,0.0,0.0,0.0
1999-02-17,123.1875,125.359375,122.25,122.75,76.09783935546875,7858100,0.0,0.0,0.0
1999-02-18,123.1875,124.375,122.21875,123.71875,76.69840240478516,9048900,0.0,0.0,0.0
1999-02-19,124.0,125.75,123.375,124.25,77.0277328491211,5312200,0.0,0.0,0.0
1999-02-22,124.4375,127.71875,124.28125,127.5625,79.08130645751953,10695800,0.0,0.0,0.0
1999-02-23,127.59375,128.5,126.59375,127.5,79.04254150390625,7770700,0.0,0.0,0.0
1999-02-24,127.84375,128.84375,125.0,125.25,77.64768981933594,7271000,0.0,0.0,0.0
1999-02-25,124.53125,125.28125,122.6875,124.0625,76.9114761352539,11633000,0.0,0.0,0.0
1999-02-26,124.75,124.84375,122.8125,123.5625,76.6015396118164,9621300,0.0,0.0,0.0
1999-03-01,123.65625,124.3125,122.375,123.90625,76.81461334228516,7607200,0.0,0.0,0.0
1999-03-02,124.5,125.3125,122.3125,122.8125,76.1365966796875,9651500,0.0,0.0,0.0
1999-03-03,123.09375,123.5625,121.78125,123.46875,76.54342651367188,7881400,0.0,0.0,0.0
1999-03-04,124.0625,125.484375,123.265625,125.03125,77.51204681396484,8256400,0.0,0.0,0.0
1999-03-05,127.5,128.125,126.5625,127.546875,79.07161712646484,10703100,0.0,0.0,0.0
1999-03-08,128.28125,128.796875,127.25,128.375,79.58499908447266,4802200,0.0,0.0,0.0
1999-03-09,128.125,129.9375,127.75,128.0625,79.39125061035156,7893400,0.0,0.0,0.0
1999-03-10,128.46875,129.25,127.78125,129.1875,80.08869934082031,3950000,0.0,0.0,0.0
1999-03-11,129.6875,131.1875,128.875,130.625,80.9798583984375,6583700,0.0,0.0,0.0
1999-03-12,131.0,131.03125,129.21875,129.375,80.2049789428711,5286500,0.0,0.0,0.0
1999-03-15,129.9375,131.25,129.5,131.21875,81.34790802001953,5394400,0.0,0.0,0.0
1999-03-16,131.125,131.65625,130.46875,130.71875,81.03800201416016,4547500,0.0,0.0,0.0
1999-03-17,130.6875,130.9375,129.625,130.15625,80.68925476074219,4524100,0.0,0.0,0.0
1999-03-18,129.78125,132.375,129.75,132.25,81.9872817993164,3506300,0.0,0.0,0.0
1999-03-19,132.3125,132.625,129.6875,129.6875,80.59369659423828,5526700,0.32,0.0,0.0
1999-03-22,130.0625,130.59375,129.421875,129.9375,80.74906158447266,4603800,0.0,0.0,0.0
1999-03-23,129.3125,129.53125,125.703125,126.1875,78.41858673095703,9713800,0.0,0.0,0.0
1999-03-24,126.84375,127.171875,125.625,126.90625,78.86531829833984,6280900,0.0,0.0,0.0
1999-03-25,128.0625,129.5,127.75,129.5,80.47715759277344,6639600,0.0,0.0,0.0
1999-03-26,128.625,129.125,127.71875,128.5625,79.89453125,6159700,0.0,0.0,0.0
1999-03-29,129.15625,131.4375,129.15625,131.15625,81.5064468383789,5863900,0.0,0.0,0.0
1999-03-30,129.9375,131.21875,129.5625,130.46875,81.07916259765625,5401400,0.0,0.0,0.0
1999-03-31,131.15625,131.609375,128.3125,128.375,79.77803039550781,7413600,0.0,0.0,0.0
1999-04-01,129.6875,129.6875,128.125,129.34375,80.38007354736328,7683600,0.0,0.0,0.0
1999-04-05,130.9375,132.59375,130.25,132.40625,82.28319549560547,5791100,0.0,0.0,0.0
1999-04-06,132.1875,132.984375,131.15625,132.09375,82.0890121459961,5381300,0.0,0.0,0.0
1999-04-07,132.6875,133.375,131.375,133.15625,82.74932861328125,6248600,0.0,0.0,0.0
1999-04-08,133.1875,134.9375,132.28125,134.84375,83.79798889160156,5909100,0.0,0.0,0.0
1999-04-09,134.4375,135.5,133.59375,134.875,83.81744384765625,4365800,0.0,0.0,0.0
1999-04-12,133.46875,136.40625,133.21875,136.3125,84.71075439453125,8213200,0.0,0.0,0.0
1999-04-13,136.25,136.46875,134.5,135.4375,84.1669921875,10071400,0.0,0.0,0.0
1999-04-14,136.0625,136.0625,132.6875,133.15625,82.74932861328125,11551700,0.0,0.0,0.0
1999-04-15,133.4375,133.5625,131.0,132.65625,82.43862915039062,11150000,0.0,0.0,0.0
1999-04-16,132.90625,132.90625,131.1875,131.53125,81.73946380615234,6476200,0.0,0.0,0.0
1999-04-19,132.6875,134.53125,128.375,129.5,80.47715759277344,12487200,0.0,0.0,0.0
1999-04-20,129.8125,131.1875,129.0,131.125,81.48700714111328,9049600,0.0,0.0,0.0
1999-04-21,131.0625,135.625,130.40625,134.875,83.81744384765625,5772200,0.0,0.0,0.0
1999-04-22,135.125,136.375,134.390625,136.15625,84.61363220214844,6897400,0.0,0.0,0.0
1999-04-23,135.875,136.75,135.0,135.8125,84.40000915527344,4593100,0.0,0.0,0.0
1999-04-26,136.5,136.8125,135.46875,136.59375,84.88553619384766,3606500,0.0,0.0,0.0
1999-04-27,137.125,137.5,135.84375,137.25,85.29336547851562,5147200,0.0,0.0,0.0
1999-04-28,136.4375,137.25,135.0,135.375,84.12814331054688,5544300,0.0,0.0,0.0
1999-04-29,135.5625,136.0625,133.8125,134.34375,83.4873046875,9824300,0.0,0.0,0.0
1999-04-30,135.09375,135.625,131.5,133.25,82.80756378173828,10991900,0.0,0.0,0.0
1999-05-03,133.4375,135.84375,133.09375,135.6875,84.3223648071289,10709700,0.0,0.0,0.0
1999-05-04,135.125,135.8125,133.125,133.75,83.11829376220703,10509300,0.0,0.0,0.0
1999-05-05,133.9375,135.0625,131.84375,134.8125,83.77859497070312,10032300,0.0,0.0,0.0
1999-05-06,134.4375,135.125,132.375,133.984375,83.26396942138672,13507200,0.0,0.0,0.0
1999-05-07,134.5,135.125,133.4375,135.0,83.8951187133789,8680700,0.0,0.0,0.0
1999-05-10,134.84375,135.71875,133.53125,134.328125,83.47757720947266,5580100,0.0,0.0,0.0
1999-05-11,135.3125,136.875,134.71875,135.6875,84.3223648071289,7000600,0.0,0.0,0.0
1999-05-12,135.75,137.21875,131.5,136.75,84.98265075683594,13865800,0.0,0.0,0.0
1999-05-13,137.25,138.0,136.8125,137.34375,85.35162353515625,4485700,0.0,0.0,0.0
1999-05-14,134.5625,135.875,133.5,133.78125,83.1377182006836,8370100,0.0,0.0,0.0
1999-05-17,133.625,134.484375,132.375,134.1875,83.39014434814453,6268100,0.0,0.0,0.0
1999-05-18,134.53125,134.984375,132.625,133.9375,83.23480224609375,8218600,0.0,0.0,0.0
1999-05-19,134.46875,135.0,133.25,134.90625,83.83686828613281,5052400,0.0,0.0,0.0
1999-05-20,135.125,135.59375,134.0625,134.09375,83.33192443847656,4670400,0.0,0.0,0.0
1999-05-21,134.125,134.6875,132.59375,133.34375,82.86581420898438,6418200,0.0,0.0,0.0
1999-05-24,133.84375,133.84375,130.390625,131.125,81.48700714111328,7952000,0.0,0.0,0.0
1999-05-25,131.375,132.34375,128.4375,129.0,80.16642761230469,15406400,0.0,0.0,0.0
1999-05-26,129.3125,131.0,128.09375,130.4375,81.05973815917969,12575900,0.0,0.0,0.0
1999-05-27,129.84375,130.28125,128.0,128.5625,79.89453125,14515400,0.0,0.0,0.0
1999-05-28,129.0,130.75,128.59375,130.203125,80.91409301757812,8748000,0.0,0.0,0.0
1999-06-01,130.125,130.15625,128.375,129.75,80.63251495361328,6705300,0.0,0.0,0.0
1999-06-02,129.75,130.1875,128.015625,129.875,80.71018981933594,6981900,0.0,0.0,0.0
1999-06-03,130.6875,130.875,129.78125,130.59375,81.1568374633789,6076600,0.0,0.0,0.0
1999-06-04,131.46875,133.359375,130.9375,133.21875,82.7881851196289,9787200,0.0,0.0,0.0
1999-06-07,133.4375,134.1875,132.90625,133.5625,83.00178527832031,5299100,0.0,0.0,0.0
1999-06-08,133.375,133.796875,131.59375,132.25,82.18614196777344,4895700,0.0,0.0,0.0
1999-06-09,132.40625,133.09375,131.8125,132.125,82.10845184326172,7409700,0.0,0.0,0.0
1999-06-10,131.4375,131.46875,129.59375,130.90625,81.35103607177734,7040700,0.0,0.0,0.0
1999-06-11,131.21875,132.21875,129.09375,129.8125,80.67131042480469,12824800,0.0,0.0,0.0
1999-06-14,130.6875,130.75,129.546875,129.9375,80.74906158447266,6823500,0.0,0.0,0.0
1999-06-15,130.46875,131.65625,130.078125,130.8125,81.29277038574219,5700900,0.0,0.0,0.0
1999-06-16,132.375,133.875,132.375,133.3125,82.84639739990234,7865800,0.0,0.0,0.0
1999-06-17,132.875,135.5625,132.625,134.5625,83.62321472167969,8162800,0.0,0.0,0.0
1999-06-18,134.0625,134.6875,133.375,134.3125,83.71983337402344,2875100,0.405,0.0,0.0
1999-06-21,134.46875,135.25,133.65625,134.625,83.91463470458984,4646400,0.0,0.0,0.0
1999-06-22,134.0,135.1875,133.5,133.6875,83.33025360107422,5862400,0.0,0.0,0.0
1999-06-23,133.0,133.625,132.125,133.03125,82.92119598388672,9629200,0.0,0.0,0.0
1999-06-24,132.875,132.9375,130.65625,132.03125,82.29790496826172,9176900,0.0,0.0,0.0
1999-06-25,132.59375,133.015625,131.25,131.703125,82.0933837890625,4087000,0.0,0.0,0.0
1999-06-28,132.6875,133.625,132.5,133.3125,83.09650421142578,5028900,0.0,0.0,0.0
1999-06-29,133.0,135.1875,132.78125,134.5625,83.87565612792969,6956200,0.0,0.0,0.0
1999-06-30,134.625,137.5,133.84375,137.0,85.3950424194336,16856100,0.0,0.0,0.0
1999-07-01,137.0,138.5,136.0625,138.03125,86.03781127929688,9939500,0.0,0.0,0.0
1999-07-02,138.125,139.5,137.90625,139.40625,86.89488220214844,3772800,0.0,0.0,0.0
1999-07-06,139.25,140.75,138.59375,139.375,86.87540435791016,11221100,0.0,0.0,0.0
1999-07-07,139.0625,139.71875,138.515625,139.5625,86.9922866821289,3230700,0.0,0.0,0.0
1999-07-08,139.0625,140.625,138.75,139.671875,87.06043243408203,7101500,0.0,0.0,0.0
1999-07-09,140.0,140.59375,139.5625,140.5,87.57666015625,2976800,0.0,0.0,0.0
1999-07-12,140.9375,140.9375,139.5,139.875,87.18707275390625,4436300,0.0,0.0,0.0
1999-07-13,139.375,139.921875,138.65625,139.375,86.87540435791016,6477600,0.0,0.0,0.0
1999-07-14,140.0,140.21875,138.75,140.15625,87.36238098144531,4382500,0.0,0.0,0.0
1999-07-15,140.78125,141.375,140.3125,141.046875,87.91753387451172,3348600,0.0,0.0,0.0
1999-07-16,141.25,142.15625,140.75,141.8125,88.394775390625,2281500,0.0,0.0,0.0
1999-07-19,142.1875,142.25,140.5625,140.875,87.81036376953125,4287000,0.0,0.0,0.0
1999-07-20,140.125,140.40625,137.53125,137.984375,86.0086441040039,7060100,0.0,0.0,0.0
1999-07-21,138.09375,138.90625,137.3125,137.828125,85.91119384765625,4793700,0.0,0.0,0.0
1999-07-22,137.4375,138.0,135.46875,136.015625,84.78141784667969,7804100,0.0,0.0,0.0
1999-07-23,136.65625,137.0,135.125,135.75,84.6158676147461,4603000,0.0,0.0,0.0
1999-07-26,134.875,136.125,134.625,134.75,83.99250793457031,4333400,0.0,0.0,0.0
1999-07-27,136.0,137.203125,135.375,135.875,84.69375610351562,5908500,0.0,0.0,0.0
1999-07-28,136.25,137.3125,135.59375,136.3125,84.96649169921875,3955500,0.0,0.0,0.0
1999-07-29,134.9375,135.25,133.3125,134.40625,83.77830505371094,7760600,0.0,0.0,0.0
1999-07-30,134.8125,135.34375,132.5625,132.75,82.74590301513672,5994300,0.0,0.0,0.0
1999-08-02,132.75,134.75,132.5,133.0625,82.94071197509766,6065500,0.0,0.0,0.0
1999-08-03,133.71875,133.84375,131.375,132.4375,82.55108642578125,5445400,0.0,0.0,0.0
1999-08-04,132.71875,133.875,130.4375,130.625,81.42131805419922,6497900,0.0,0.0,0.0
1999-08-05,130.875,131.9375,128.84375,131.8125,82.16150665283203,10322000,0.0,0.0,0.0
1999-08-06,131.21875,132.0,129.5,130.375,81.2655029296875,7537700,0.0,0.0,0.0
1999-08-09,130.59375,131.796875,129.75,130.09375,81.0901870727539,5565900,0.0,0.0,0.0
1999-08-10,129.875,130.15625,127.0,128.65625,80.19418334960938,9793300,0.0,0.0,0.0
1999-08-11,129.6875,130.53125,128.625,130.21875,81.16812133789062,8003400,0.0,0.0,0.0
1999-08-12,130.6875,131.8125,129.90625,130.140625,81.11943054199219,7036800,0.0,0.0,0.0
1999-08-13,131.625,133.25,131.125,133.15625,82.99913787841797,5857700,0.0,0.0,0.0
1999-08-16,133.125,133.96875,132.25,133.75,83.36920928955078,3927000,0.0,0.0,0.0
1999-08-17,134.4375,134.84375,133.125,134.625,83.91463470458984,4808000,0.0,0.0,0.0
1999-08-18,134.203125,134.375,133.25,133.65625,83.31082916259766,4355500,0.0,0.0,0.0
1999-08-19,132.375,133.234375,131.6875,132.5625,82.62903594970703,6448100,0.0,0.0,0.0
1999-08-20,133.0625,134.125,132.6875,133.90625,83.46658325195312,3663700,0.0,0.0,0.0
1999-08-23,134.8125,136.546875,134.65625,136.46875,85.06391143798828,5637800,0.0,0.0,0.0
1999-08-24,136.0625,137.96875,135.375,136.96875,85.37556457519531,9279500,0.0,0.0,0.0
1999-08-25,137.1875,138.78125,136.15625,138.375,86.2520751953125,6005300,0.0,0.0,0.0
1999-08-26,138.28125,138.421875,136.5,136.71875,85.21971893310547,4322300,0.0,0.0,0.0
1999-08-27,136.875,137.0625,135.0625,135.0625,84.18734741210938,6247400,0.0,0.0,0.0
1999-08-30,135.34375,135.5,132.0,132.5625,82.62903594970703,4652000,0.0,0.0,0.0
1999-08-31,132.9375,133.75,130.875,132.0625,82.31741333007812,11453700,0.0,0.0,0.0
1999-09-01,132.9375,133.734375,132.3125,133.6875,83.33025360107422,6863900,0.0,0.0,0.0
1999-09-02,132.125,132.671875,130.65625,132.109375,82.34656524658203,10896300,0.0,0.0,0.0
1999-09-03,134.875,136.5,134.6875,135.96875,84.75223541259766,9160800,0.0,0.0,0.0
1999-09-07,136.0625,136.625,135.21875,135.46875,84.44053649902344,4560800,0.0,0.0,0.0
1999-09-08,134.84375,136.0625,134.03125,134.8125,84.03150939941406,6159600,0.0,0.0,0.0
1999-09-09,134.75,135.25,133.6875,134.75,83.99250793457031,6177800,0.0,0.0,0.0
1999-09-10,136.25,136.359375,134.9375,135.875,84.69375610351562,2934500,0.0,0.0,0.0
1999-09-13,135.125,135.46875,134.5,134.953125,84.1191177368164,2320500,0.0,0.0,0.0
1999-09-14,134.0625,134.5625,133.375,134.0625,83.56401062011719,3736000,0.0,0.0,0.0
1999-09-15,135.4375,135.4375,131.875,131.9375,82.23944091796875,6984500,0.0,0.0,0.0
1999-09-16,132.5,132.8125,130.3125,132.453125,82.56080627441406,15377600,0.0,0.0,0.0
1999-09-17,132.625,133.9375,132.15625,133.75,83.6040267944336,8542300,0.372,0.0,0.0
1999-09-20,133.9375,134.0,133.09375,133.5625,83.4868392944336,2803900,0.0,0.0,0.0
1999-09-21,132.25,132.46875,130.15625,130.75,81.72879028320312,9335200,0.0,0.0,0.0
1999-09-22,131.25,131.84375,129.75,130.609375,81.64089965820312,13009100,0.0,0.0,0.0
1999-09-23,131.8125,131.8125,127.625,127.875,79.93171691894531,12204100,0.0,0.0,0.0
1999-09-24,127.75,128.375,126.3125,127.75,79.85358428955078,13792900,0.0,0.0,0.0
1999-09-27,128.75,129.75,128.28125,128.59375,80.3809814453125,6970300,0.0,0.0,0.0
1999-09-28,127.9375,128.8125,125.5625,128.34375,80.22469329833984,11063400,0.0,0.0,0.0
1999-09-29,128.4375,129.125,126.75,126.8125,79.26757049560547,7580300,0.0,0.0,0.0
1999-09-30,127.4375,129.4375,126.96875,128.75,80.47867584228516,7498900,0.0,0.0,0.0
1999-10-01,127.9375,128.5625,126.625,128.46875,80.30281829833984,11127100,0.0,0.0,0.0
1999-10-04,129.1875,130.875,128.75,130.75,81.72879028320312,6341600,0.0,0.0,0.0
1999-10-05,130.71875,131.96875,128.6875,130.625,81.65064239501953,11976000,0.0,0.0,0.0
1999-10-06,130.75,132.8125,130.6875,132.625,82.90078735351562,10308200,0.0,0.0,0.0
1999-10-07,132.859375,133.0,131.5,131.875,82.43201446533203,6535600,0.0,0.0,0.0
1999-10-08,131.75,133.875,131.234375,133.875,83.68218994140625,9674300,0.0,0.0,0.0
1999-10-11,133.59375,134.125,133.3125,133.65625,83.54541778564453,4282000,0.0,0.0,0.0
1999-10-12,133.125,133.3125,131.1875,131.59375,82.2562026977539,8686100,0.0,0.0,0.0
1999-10-13,130.6875,131.3125,128.1875,128.1875,80.12701416015625,10469300,0.0,0.0,0.0
1999-10-14,128.484375,129.1875,126.75,128.15625,80.10746002197266,10562200,0.0,0.0,0.0
1999-10-15,126.0,126.75,124.5,124.875,78.05643463134766,14238700,0.0,0.0,0.0
1999-10-18,124.9375,125.9375,123.4375,125.78125,78.6229476928711,9758800,0.0,0.0,0.0
1999-10-19,127.1875,128.25,125.9375,127.0,79.38472747802734,14392900,0.0,0.0,0.0
1999-10-20,127.75,129.46875,127.125,128.25,80.16616821289062,9759400,0.0,0.0,0.0
1999-10-21,127.21875,129.0,126.625,129.0,80.63490295410156,9105400,0.0,0.0,0.0
1999-10-22,129.75,131.21875,129.5625,130.09375,81.31857299804688,8309600,0.0,0.0,0.0
1999-10-25,129.3125,130.46875,128.75,129.4375,80.90837097167969,8114300,0.0,0.0,0.0
1999-10-26,130.1875,130.6875,127.8125,127.8125,79.89265441894531,6256300,0.0,0.0,0.0
1999-10-27,128.375,130.3125,128.25,130.125,81.33811950683594,5433300,0.0,0.0,0.0
1999-10-28,132.4375,134.859375,132.1875,134.5625,84.11187744140625,10509700,0.0,0.0,0.0
1999-10-29,135.84375,137.6875,135.71875,137.0,85.635498046875,10988600,0.0,0.0,0.0
1999-11-01,136.5,137.0,135.5625,135.5625,84.73695373535156,4006500,0.0,0.0,0.0
1999-11-02,135.96875,137.25,134.59375,134.59375,84.13141632080078,6516900,0.0,0.0,0.0
1999-11-03,136.0,136.375,135.125,135.5,84.69790649414062,7222300,0.0,0.0,0.0
1999-11-04,136.75,137.359375,135.765625,136.53125,85.34249114990234,7907500,0.0,0.0,0.0
1999-11-05,138.625,139.109375,136.78125,137.875,86.18245697021484,7431500,0.0,0.0,0.0
1999-11-08,137.0,138.375,136.75,138.0,86.26055145263672,4649200,0.0,0.0,0.0
1999-11-09,138.5,138.6875,136.28125,136.703125,85.44993591308594,4533700,0.0,0.0,0.0
1999-11-10,136.25,138.390625,136.078125,137.71875,86.0848159790039,6405600,0.0,0.0,0.0
1999-11-11,138.1875,138.5,137.46875,138.5,86.57313537597656,4794100,0.0,0.0,0.0
1999-11-12,139.25,139.984375,137.125,139.75,87.3544921875,11802900,0.0,0.0,0.0
1999-11-15,139.84375,140.25,139.40625,140.078125,87.55960083007812,2187500,0.0,0.0,0.0
1999-11-16,140.5625,143.0,140.09375,141.25,88.29206085205078,7544800,0.0,0.0,0.0
1999-11-17,142.25,142.9375,141.3125,141.625,88.52653503417969,9459000,0.0,0.0,0.0
1999-11-18,142.4375,143.0,141.625,142.625,89.1515884399414,4491000,0.0,0.0,0.0
1999-11-19,142.40625,142.96875,142.0,142.5,89.07343292236328,4832100,0.0,0.0,0.0
1999-11-22,142.4375,143.0,141.5,142.46875,89.05388641357422,4155400,0.0,0.0,0.0
1999-11-23,142.84375,142.84375,140.375,141.21875,88.27253723144531,5918000,0.0,0.0,0.0
1999-11-24,140.75,142.4375,140.0,141.96875,88.74136352539062,4459700,0.0,0.0,0.0
1999-11-26,142.46875,142.875,141.25,141.4375,88.40933990478516,1693900,0.0,0.0,0.0
1999-11-29,140.875,141.921875,140.4375,140.9375,88.0967788696289,7348600,0.0,0.0,0.0
1999-11-30,140.75,142.3125,139.0,139.28125,87.06148529052734,7682000,0.0,0.0,0.0
1999-12-01,139.3125,140.5,139.0,140.40625,87.76471710205078,6980200,0.0,0.0,0.0
1999-12-02,140.625,141.375,140.375,141.25,88.29206085205078,6698300,0.0,0.0,0.0
1999-12-03,143.03125,145.34375,143.03125,143.84375,89.91340637207031,10045400,0.0,0.0,0.0
1999-12-06,143.53125,143.71875,142.25,142.78125,89.2492446899414,3138900,0.0,0.0,0.0
1999-12-07,143.28125,143.3125,141.375,141.625,88.52653503417969,10714200,0.0,0.0,0.0
1999-12-08,141.34375,142.0625,140.5,140.71875,87.96002960205078,4611400,0.0,0.0,0.0
1999-12-09,141.8125,142.21875,139.375,141.40625,88.3897476196289,6474700,0.0,0.0,0.0
1999-12-10,142.28125,142.8125,140.875,141.875,88.68276977539062,5127300,0.0,0.0,0.0
1999-12-13,141.4375,142.71875,141.28125,142.125,88.83901977539062,4210800,0.0,0.0,0.0
1999-12-14,141.625,142.484375,140.625,140.75,87.97956848144531,5739000,0.0,0.0,0.0
1999-12-15,140.375,142.203125,140.03125,141.5,88.44837951660156,6879100,0.0,0.0,0.0
1999-12-16,142.1875,142.65625,141.15625,142.125,88.83901977539062,5854900,0.0,0.0,0.0
1999-12-17,143.0,143.3125,142.0625,142.6875,89.40961456298828,4775400,0.348,0.0,0.0
1999-12-20,142.5625,143.1875,141.09375,141.65625,88.76335144042969,4608700,0.0,0.0,0.0
1999-12-21,141.59375,144.0625,141.34375,143.8125,90.11450958251953,7981300,0.0,0.0,0.0
1999-12-22,143.625,144.1875,142.96875,144.1875,90.3494644165039,5377500,0.0,0.0,0.0
1999-12-23,145.015625,146.484375,145.0,146.484375,91.7887191772461,5721700,0.0,0.0,0.0
1999-12-27,146.5,146.78125,145.0625,146.28125,91.66148376464844,2691000,0.0,0.0,0.0
1999-12-28,145.875,146.5,145.484375,146.1875,91.60272979736328,4084500,0.0,0.0,0.0
1999-12-29,146.3125,146.8125,145.3125,146.8125,91.99436950683594,3001000,0.0,0.0,0.0
1999-12-30,147.125,147.5625,146.1875,146.640625,91.8866195678711,3641300,0.0,0.0,0.0
1999-12-31,146.84375,147.5,146.25,146.875,92.033447265625,3172700,0.0,0.0,0.0
2000-01-03,148.25,148.25,143.875,145.4375,91.13272857666016,8164300,0.0,0.0,0.0
2000-01-04,143.53125,144.0625,139.640625,139.75,87.56890869140625,8089800,0.0,0.0,0.0
2000-01-05,139.9375,141.53125,137.25,140.0,87.72553253173828,12177900,0.0,0.0,0.0
2000-01-06,139.625,141.5,137.75,137.75,86.31568908691406,6227200,0.0,0.0,0.0
2000-01-07,140.3125,145.75,140.0625,145.75,91.32855224609375,8066500,0.0,0.0,0.0
2000-01-10,146.25,146.90625,145.03125,146.25,91.64189910888672,5741700,0.0,0.0,0.0
2000-01-11,145.8125,146.09375,143.5,144.5,90.54532623291016,7503700,0.0,0.0,0.0
2000-01-12,144.59375,144.59375,142.875,143.0625,89.6445541381836,6907700,0.0,0.0,0.0
2000-01-13,144.46875,145.75,143.28125,145.0,90.8586196899414,5158300,0.0,0.0,0.0
2000-01-14,146.53125,147.46875,145.96875,146.96875,92.09223937988281,7437300,0.0,0.0,0.0
2000-01-18,145.34375,146.625,145.1875,145.8125,91.36769104003906,6488500,0.0,0.0,0.0
2000-01-19,145.3125,147.0,145.0,147.0,92.11184692382812,6157900,0.0,0.0,0.0
2000-01-20,146.96875,146.96875,143.8125,144.75,90.70191955566406,5800100,0.0,0.0,0.0
2000-01-21,145.5,145.5,144.0625,144.4375,90.50614166259766,6244800,0.0,0.0,0.0
2000-01-24,145.65625,145.84375,139.40625,140.34375,87.94091033935547,7896900,0.0,0.0,0.0
2000-01-25,140.515625,141.9375,139.0,141.9375,88.93962860107422,9942500,0.0,0.0,0.0
2000-01-26,141.0,141.546875,140.09375,140.8125,88.23468017578125,5158100,0.0,0.0,0.0
2000-01-27,141.84375,142.21875,138.125,140.25,87.8821792602539,10922700,0.0,0.0,0.0
2000-01-28,139.4375,140.0625,135.53125,135.875,85.1407699584961,11916200,0.0,0.0,0.0
2000-01-31,135.8125,139.671875,135.0,139.5625,87.45145416259766,10768700,0.0,0.0,0.0
2000-02-01,139.75,141.6875,138.53125,140.9375,88.31302642822266,8419900,0.0,0.0,0.0
2000-02-02,141.28125,142.25,140.375,141.0625,88.39136505126953,6205900,0.0,0.0,0.0
2000-02-03,140.875,143.25,140.0,143.1875,89.72280883789062,7997500,0.0,0.0,0.0
2000-02-04,143.1875,144.0,142.125,142.59375,89.35082244873047,4925400,0.0,0.0,0.0
2000-02-07,142.5625,142.78125,141.4375,142.375,89.21378326416016,5845800,0.0,0.0,0.0
2000-02-08,143.96875,144.5625,143.625,144.3125,90.42781066894531,4936400,0.0,0.0,0.0
2000-02-09,144.46875,144.46875,141.265625,141.28125,88.52840423583984,8511500,0.0,0.0,0.0
2000-02-10,141.625,142.5625,140.875,141.5625,88.70458984375,6690600,0.0,0.0,0.0
2000-02-11,141.84375,141.9375,138.03125,138.6875,86.90310668945312,9849800,0.0,0.0,0.0
2000-02-14,139.78125,139.78125,138.3125,139.5,87.4122543334961,8528800,0.0,0.0,0.0
2000-02-15,139.25,141.21875,137.796875,141.078125,88.40109252929688,11078300,0.0,0.0,0.0
2000-02-16,140.375,140.9375,138.796875,139.0,87.09896087646484,8845400,0.0,0.0,0.0
2000-02-17,140.4375,140.4375,138.21875,138.28125,86.6485595703125,7584200,0.0,0.0,0.0
2000-02-18,138.875,138.875,134.625,135.3125,84.78825378417969,9409200,0.0,0.0,0.0
2000-02-22,135.1875,136.34375,133.53125,134.96875,84.57292175292969,16415400,0.0,0.0,0.0
2000-02-23,135.625,137.46875,134.5,136.5625,85.57161712646484,12119000,0.0,0.0,0.0
2000-02-24,136.6875,137.03125,133.09375,133.8125,83.84838104248047,17375000,0.0,0.0,0.0
2000-02-25,135.1875,136.71875,133.125,133.328125,83.54488372802734,10559900,0.0,0.0,0.0
2000-02-28,133.375,136.6875,132.71875,136.125,85.29742431640625,13397800,0.0,0.0,0.0
2000-02-29,136.0625,137.4375,135.75,137.4375,86.11988067626953,8242500,0.0,0.0,0.0
2000-03-01,137.625,139.0,137.21875,138.4375,86.74649047851562,6868000,0.0,0.0,0.0
2000-03-02,138.6875,139.125,137.34375,138.53125,86.8051986694336,7600200,0.0,0.0,0.0
2000-03-03,140.4375,141.71875,139.71875,141.125,88.43046569824219,12770300,0.0,0.0,0.0
2000-03-06,140.8125,141.34375,138.75,139.75,87.56890869140625,11967100,0.0,0.0,0.0
2000-03-07,140.0,140.15625,135.21875,137.046875,85.87508392333984,20062000,0.0,0.0,0.0
2000-03-08,136.46875,137.84375,135.03125,136.875,85.76740264892578,11808500,0.0,0.0,0.0
2000-03-09,137.25,140.875,136.125,140.875,88.27381134033203,5500900,0.0,0.0,0.0
2000-03-10,140.1875,142.0,139.53125,140.125,87.80390167236328,7924600,0.0,0.0,0.0
2000-03-13,136.6875,140.46875,135.6875,138.59375,86.84434509277344,10540500,0.0,0.0,0.0
2000-03-14,139.28125,140.09375,136.15625,136.625,85.61073303222656,8263900,0.0,0.0,0.0
2000-03-15,136.875,140.4375,136.0625,139.8125,87.60803985595703,10300800,0.0,0.0,0.0
2000-03-16,141.625,146.84375,140.875,146.34375,91.70065307617188,25601400,0.0,0.0,0.0
2000-03-17,145.8125,148.0,145.4375,146.9375,92.30667114257812,10272900,0.371,0.0,0.0
2000-03-20,146.875,147.34375,144.78125,146.1875,91.83554077148438,12502300,0.0,0.0,0.0
2000-03-21,145.53125,149.75,144.5,149.1875,93.72013092041016,13612600,0.0,0.0,0.0
2000-03-22,149.5625,150.84375,148.6875,150.09375,94.28946685791016,8260000,0.0,0.0,0.0
2000-03-23,149.15625,153.46875,149.15625,152.65625,95.89923858642578,11654500,0.0,0.0,0.0
2000-03-24,152.875,155.75,151.71875,153.5625,96.46854400634766,11462900,0.0,0.0,0.0
2000-03-27,153.375,153.78125,151.8125,151.9375,95.44768524169922,8798600,0.0,0.0,0.0
2000-03-28,151.25,152.984375,150.59375,151.0625,94.89801025390625,6334400,0.0,0.0,0.0
2000-03-29,151.5625,152.484375,149.65625,151.21875,94.99613189697266,6747500,0.0,0.0,0.0
2000-03-30,150.15625,151.921875,147.125,148.6875,93.40602111816406,9491900,0.0,0.0,0.0
2000-03-31,149.625,152.3125,148.4375,150.375,94.46611022949219,9249100,0.0,0.0,0.0
2000-04-03,150.125,151.25,148.6875,151.25,95.01583099365234,8508200,0.0,0.0,0.0
2000-04-04,151.75,153.0,141.390625,150.125,94.30908966064453,19585500,0.0,0.0,0.0
2000-04-05,147.875,150.8125,147.625,149.1875,93.72013092041016,8387200,0.0,0.0,0.0
2000-04-06,150.25,151.6875,149.0,150.484375,94.53485870361328,6378500,0.0,0.0,0.0
2000-04-07,151.5625,152.125,150.5,151.4375,95.13362121582031,6023600,0.0,0.0,0.0
2000-04-10,151.75,153.109375,150.3125,150.84375,94.76056671142578,9624200,0.0,0.0,0.0
2000-04-11,150.0,151.625,148.375,150.40625,94.48577117919922,9006400,0.0,0.0,0.0
2000-04-12,150.375,151.15625,146.15625,146.28125,91.89444732666016,10779200,0.0,0.0,0.0
2000-04-13,147.46875,148.15625,143.78125,144.25,90.61836242675781,12225800,0.0,0.0,0.0
2000-04-14,142.625,142.8125,133.5,136.0,85.43568420410156,29604000,0.0,0.0,0.0
2000-04-17,135.1875,140.75,134.6875,140.75,88.41964721679688,23918200,0.0,0.0,0.0
2000-04-18,140.5625,144.46875,139.78125,144.46875,90.75577545166016,11069200,0.0,0.0,0.0
2000-04-19,144.5,145.125,142.53125,143.125,89.91163635253906,6553700,0.0,0.0,0.0
2000-04-20,143.5625,143.9375,142.375,143.8125,90.34353637695312,8537600,0.0,0.0,0.0
2000-04-24,141.5,143.3125,140.5,142.25,89.36199188232422,12893100,0.0,0.0,0.0
2000-04-25,144.625,148.15625,144.4375,148.15625,93.07223510742188,14102000,0.0,0.0,0.0
2000-04-26,147.96875,148.75,146.0,146.484375,92.0219955444336,7711100,0.0,0.0,0.0
2000-04-27,143.0,147.34375,143.0,146.0,91.71773529052734,15595300,0.0,0.0,0.0
2000-04-28,147.0,147.859375,145.0625,145.09375,91.14844512939453,8743400,0.0,0.0,0.0
2000-05-01,146.5625,148.484375,145.84375,147.0625,92.38520050048828,7328300,0.0,0.0,0.0
2000-05-02,145.5,147.125,144.125,144.125,90.53984069824219,9411900,0.0,0.0,0.0
2000-05-03,144.0,144.0,139.78125,140.75,88.41964721679688,12630700,0.0,0.0,0.0
2000-05-04,142.0,142.359375,140.75,141.8125,89.08712768554688,5963600,0.0,0.0,0.0
2000-05-05,141.0625,144.0,140.9375,143.53125,90.16683197021484,7862400,0.0,0.0,0.0
2000-05-08,142.75,143.375,141.84375,142.453125,89.48959350585938,5064100,0.0,0.0,0.0
2000-05-09,143.0625,143.40625,140.265625,141.3125,88.77302551269531,5620300,0.0,0.0,0.0
2000-05-10,140.5,140.96875,137.75,138.125,86.77061462402344,10293900,0.0,0.0,0.0
2000-05-11,140.125,141.5,139.125,141.28125,88.75340270996094,7091100,0.0,0.0,0.0
2000-05-12,141.8125,143.46875,141.625,142.8125,89.71533966064453,5960800,0.0,0.0,0.0
2000-05-15,142.75,145.609375,142.0,145.28125,91.26619720458984,4441300,0.0,0.0,0.0
2000-05-16,146.5625,147.71875,145.3125,146.6875,92.14965057373047,8192200,0.0,0.0,0.0
2000-05-17,145.6875,146.1875,144.46875,145.15625,91.18771362304688,5907200,0.0,0.0,0.0
2000-05-18,145.625,146.3125,143.375,143.375,90.0687255859375,4325600,0.0,0.0,0.0
2000-05-19,142.5625,143.234375,140.40625,141.125,88.65522766113281,6518400,0.0,0.0,0.0
2000-05-22,141.25,141.46875,137.0,140.0625,87.98780822753906,10839400,0.0,0.0,0.0
2000-05-23,140.4375,140.8125,137.5625,138.0,86.69212341308594,7979200,0.0,0.0,0.0
2000-05-24,138.0,140.6875,136.5,140.25,88.10553741455078,11081500,0.0,0.0,0.0
2000-05-25,140.6875,141.8125,137.71875,137.84375,86.59395599365234,8278900,0.0,0.0,0.0
2000-05-26,138.8125,139.6875,137.328125,138.0,86.69212341308594,4814000,0.0,0.0,0.0
2000-05-30,140.0,142.9375,139.46875,142.5,89.51899719238281,5362700,0.0,0.0,0.0
2000-05-31,142.5625,144.0,142.09375,142.8125,89.71533966064453,6056500,0.0,0.0,0.0
2000-06-01,143.6875,145.4375,143.0,145.3125,91.28580474853516,8961600,0.0,0.0,0.0
2000-06-02,148.9375,149.09375,147.484375,147.84375,92.8759994506836,8962200,0.0,0.0,0.0
2000-06-05,147.46875,148.21875,146.875,147.125,92.42443084716797,6998100,0.0,0.0,0.0
2000-06-06,146.625,147.78125,145.90625,146.46875,92.0121841430664,4858900,0.0,0.0,0.0
2000-06-07,146.625,148.0,146.0,147.484375,92.65019226074219,4919500,0.0,0.0,0.0
2000-06-08,147.5,147.75,146.0625,146.90625,92.28704071044922,5723100,0.0,0.0,0.0
2000-06-09,147.5,147.96875,145.625,146.59375,92.09075927734375,3085300,0.0,0.0,0.0
2000-06-12,146.96875,146.96875,144.875,144.875,91.01100158691406,3678900,0.0,0.0,0.0
2000-06-13,144.8125,147.75,144.625,147.59375,92.71891021728516,6558700,0.0,0.0,0.0
2000-06-14,148.25,148.875,147.1875,147.84375,92.8759994506836,6420500,0.0,0.0,0.0
2000-06-15,148.125,148.75,146.84375,148.15625,93.07223510742188,5881200,0.0,0.0,0.0
2000-06-16,148.3125,148.3125,145.875,146.59375,92.30757141113281,5567900,0.348,0.0,0.0
2000-06-19,146.46875,149.15625,146.25,148.46875,93.4882583618164,5106900,0.0,0.0,0.0
2000-06-20,148.1875,148.875,147.0,147.9375,93.15365600585938,6480000,0.0,0.0,0.0
2000-06-21,146.9375,148.4375,146.890625,147.875,93.11432647705078,3115000,0.0,0.0,0.0
2000-06-22,147.5625,147.6875,145.0,145.625,91.69754791259766,7490500,0.0,0.0,0.0
2000-06-23,145.8125,146.125,143.875,144.375,90.91046142578125,4863300,0.0,0.0,0.0
2000-06-26,145.375,146.25,144.875,146.234375,92.08120727539062,5201300,0.0,0.0,0.0
2000-06-27,145.984375,146.71875,145.015625,145.15625,91.40242004394531,4159500,0.0,0.0,0.0
2000-06-28,145.625,146.984375,145.3125,145.5625,91.65818786621094,5347700,0.0,0.0,0.0
2000-06-29,144.75,145.75,143.515625,144.1875,90.79235076904297,6345700,0.0,0.0,0.0
2000-06-30,143.9375,145.59375,143.890625,145.28125,91.4811019897461,7420200,0.0,0.0,0.0
2000-07-03,145.4375,147.4375,145.1875,147.28125,92.7404556274414,1436600,0.0,0.0,0.0
2000-07-05,146.375,146.65625,144.375,144.625,91.0678482055664,2748200,0.0,0.0,0.0
2000-07-06,144.9375,146.46875,144.21875,145.75,91.77623748779297,5963200,0.0,0.0,0.0
2000-07-07,146.6875,148.78125,146.25,148.09375,93.2520751953125,3034800,0.0,0.0,0.0
2000-07-10,147.875,148.90625,147.53125,147.84375,93.09468078613281,2816100,0.0,0.0,0.0
2000-07-11,147.46875,149.125,147.15625,148.15625,93.2914047241211,5431600,0.0,0.0,0.0
2000-07-12,149.28125,150.125,148.6875,149.125,93.90142822265625,5883000,0.0,0.0,0.0
2000-07-13,149.984375,150.375,149.1875,149.78125,94.31465911865234,5356000,0.0,0.0,0.0
2000-07-14,150.4375,151.25,149.671875,151.25,95.23954772949219,5341900,0.0,0.0,0.0
2000-07-17,150.984375,151.984375,150.6875,151.0,95.08206939697266,4208300,0.0,0.0,0.0
2000-07-18,150.625,150.625,149.34375,149.765625,94.3048324584961,4262100,0.0,0.0,0.0
2000-07-19,149.46875,149.90625,148.25,148.5625,93.54722595214844,8506800,0.0,0.0,0.0
2000-07-20,149.0,150.625,148.8125,150.625,94.84593963623047,4538900,0.0,0.0,0.0
2000-07-21,149.75,149.75,147.6875,147.6875,92.99624633789062,5656900,0.0,0.0,0.0
2000-07-24,148.125,148.859375,146.5625,146.84375,92.4649429321289,5628500,0.0,0.0,0.0
2000-07-25,147.75,147.84375,146.78125,147.3125,92.7601089477539,4757100,0.0,0.0,0.0
2000-07-26,146.96875,147.15625,145.640625,145.875,91.85492706298828,12062500,0.0,0.0,0.0
2000-07-27,145.9375,146.625,144.6875,145.375,91.54010009765625,7652600,0.0,0.0,0.0
2000-07-28,145.71875,145.90625,141.515625,142.09375,89.47399139404297,6229500,0.0,0.0,0.0
2000-07-31,142.9375,144.125,142.0625,143.0,90.04461669921875,5265500,0.0,0.0,0.0
2000-08-01,143.625,144.71875,143.125,143.875,90.5955810546875,3946600,0.0,0.0,0.0
2000-08-02,143.875,145.40625,143.625,144.59375,91.0482177734375,7439800,0.0,0.0,0.0
2000-08-03,142.875,145.8125,142.625,145.59375,91.67784881591797,4607100,0.0,0.0,0.0
2000-08-04,146.3125,146.71875,145.40625,146.375,92.16980743408203,3686600,0.0,0.0,0.0
2000-08-07,146.71875,148.4375,146.375,148.125,93.27176666259766,4159800,0.0,0.0,0.0
2000-08-08,147.5,148.8125,147.5,148.6875,93.62594604492188,3658700,0.0,0.0,0.0
2000-08-09,149.140625,149.21875,147.375,147.4375,92.83885955810547,5383800,0.0,0.0,0.0
2000-08-10,147.53125,147.859375,146.28125,146.71875,92.38624572753906,4193400,0.0,0.0,0.0
2000-08-11,146.625,148.0,145.5625,147.40625,92.81913757324219,5089400,0.0,0.0,0.0
2000-08-14,147.78125,149.5625,147.0625,149.28125,93.99984741210938,2966700,0.0,0.0,0.0
2000-08-15,149.34375,149.8125,148.5625,149.15625,93.92110443115234,5564600,0.0,0.0,0.0
2000-08-16,149.3125,149.9375,147.84375,148.625,93.58658599853516,5191600,0.0,0.0,0.0
2000-08-17,148.6875,150.4375,148.34375,150.1875,94.57048034667969,5652200,0.0,0.0,0.0
2000-08-18,150.375,150.375,149.21875,149.6875,94.25564575195312,4626400,0.0,0.0,0.0
2000-08-21,150.03125,150.71875,149.40625,150.5,94.76721954345703,2380600,0.0,0.0,0.0
2000-08-22,150.5625,151.3125,150.09375,150.25,94.60984802246094,3075300,0.0,0.0,0.0
2000-08-23,149.8125,151.28125,149.28125,150.84375,94.98367309570312,5483200,0.0,0.0,0.0
2000-08-24,151.15625,151.5,150.5,151.3125,95.27888488769531,4529000,0.0,0.0,0.0
2000-08-25,151.15625,151.625,150.9375,151.25,95.23954772949219,2822200,0.0,0.0,0.0
2000-08-28,151.25,152.90625,151.25,151.765625,95.5642318725586,5518700,0.0,0.0,0.0
2000-08-29,151.4375,151.875,150.90625,151.796875,95.58387756347656,3561900,0.0,0.0,0.0
2000-08-30,151.3125,151.5,150.34375,150.34375,94.66885375976562,3964800,0.0,0.0,0.0
2000-08-31,151.0625,153.09375,150.90625,152.34375,95.92826843261719,4863100,0.0,0.0,0.0
2000-09-01,153.25,153.59375,152.0,152.5,96.0265884399414,3191200,0.0,0.0,0.0
2000-09-05,151.875,152.203125,150.8125,151.28125,95.25919342041016,3470800,0.0,0.0,0.0
2000-09-06,151.1875,151.953125,149.53125,149.5625,94.17691802978516,4322200,0.0,0.0,0.0
2000-09-07,150.25,151.078125,149.828125,150.84375,94.98367309570312,4265500,0.0,0.0,0.0
2000-09-08,150.28125,150.5,149.328125,149.8125,94.33435821533203,3518200,0.0,0.0,0.0
2000-09-11,149.75,151.1875,148.6875,149.59375,94.19660186767578,3937500,0.0,0.0,0.0
2000-09-12,149.75,150.25,148.4375,148.5,93.50785827636719,4769100,0.0,0.0,0.0
2000-09-13,148.0,149.34375,147.65625,148.890625,93.75384521484375,7691600,0.0,0.0,0.0
2000-09-14,149.875,149.9375,148.15625,149.640625,94.22612762451172,3397100,0.0,0.0,0.0
2000-09-15,148.1875,148.25,146.0,146.0,92.16465759277344,4085700,0.375,0.0,0.0
2000-09-18,146.375,146.96875,144.203125,144.65625,91.31639099121094,5109300,0.0,0.0,0.0
2000-09-19,145.125,146.3125,144.703125,145.96875,92.14494323730469,6588200,0.0,0.0,0.0
2000-09-20,145.6875,146.03125,143.15625,144.890625,91.46430969238281,6508100,0.0,0.0,0.0
2000-09-21,144.46875,145.5625,142.625,142.6875,90.07357788085938,5972300,0.0,0.0,0.0
2000-09-22,142.625,145.3125,142.421875,145.28125,91.7109375,7791300,0.0,0.0,0.0
2000-09-25,145.9375,146.0625,143.71875,144.25,91.0599365234375,9726300,0.0,0.0,0.0
2000-09-26,144.375,145.0,142.40625,142.40625,89.89604187011719,5302400,0.0,0.0,0.0
2000-09-27,143.5625,143.96875,142.125,143.15625,90.36949920654297,7186200,0.0,0.0,0.0
2000-09-28,143.1875,146.328125,142.890625,145.0,91.53340148925781,7036400,0.0,0.0,0.0
2000-09-29,145.46875,145.96875,143.625,143.625,90.66534423828125,9333600,0.0,0.0,0.0
2000-10-02,144.28125,144.90625,143.140625,143.84375,90.8034439086914,5517800,0.0,0.0,0.0
2000-10-03,144.53125,145.75,142.28125,142.5,89.95520782470703,9347200,0.0,0.0,0.0
2000-10-04,142.875,144.25,141.75,143.6875,90.70484924316406,6148900,0.0,0.0,0.0
2000-10-05,143.40625,144.84375,143.3125,144.1875,91.02049255371094,4566900,0.0,0.0,0.0
2000-10-06,143.875,144.640625,139.75,141.0625,89.04774475097656,10014900,0.0,0.0,0.0
2000-10-09,141.3125,141.3125,139.375,140.0,88.37704467773438,4508000,0.0,0.0,0.0
2000-10-10,140.09375,141.25,137.6875,137.6875,86.917236328125,6104700,0.0,0.0,0.0
2000-10-11,137.625,138.625,135.125,136.53125,86.18738555908203,10346000,0.0,0.0,0.0
2000-10-12,137.28125,137.59375,132.78125,133.125,84.03711700439453,12336900,0.0,0.0,0.0
2000-10-13,132.9375,137.65625,132.875,137.5625,86.83837890625,11778800,0.0,0.0,0.0
2000-10-16,137.40625,138.234375,136.6875,138.1875,87.23284149169922,5659000,0.0,0.0,0.0
2000-10-17,138.4375,138.5625,134.40625,134.75,85.06291198730469,7831700,0.0,0.0,0.0
2000-10-18,132.625,136.125,130.15625,134.25,84.74729919433594,10897300,0.0,0.0,0.0
2000-10-19,136.84375,139.453125,136.4375,139.3125,87.94304656982422,8767300,0.0,0.0,0.0
2000-10-20,138.375,141.1875,138.375,139.90625,88.31785583496094,7373500,0.0,0.0,0.0
2000-10-23,139.9375,141.03125,138.9375,140.53125,88.71243286132812,5290000,0.0,0.0,0.0
2000-10-24,140.96875,141.9375,139.0,139.59375,88.12059783935547,5750700,0.0,0.0,0.0
2000-10-25,138.75,139.5625,136.125,136.3125,86.04928588867188,9137600,0.0,0.0,0.0
2000-10-26,137.125,137.65625,134.03125,136.6875,86.28598022460938,9345800,0.0,0.0,0.0
2000-10-27,137.875,139.28125,136.625,139.28125,87.92335510253906,9762900,0.0,0.0,0.0
2000-10-30,138.4375,141.09375,138.15625,140.53125,88.71243286132812,10154100,0.0,0.0,0.0
2000-10-31,141.015625,143.6875,140.0625,142.953125,90.24127197265625,7752400,0.0,0.0,0.0
2000-11-01,142.25,143.25,141.21875,142.46875,89.93550872802734,6753600,0.0,0.0,0.0
2000-11-02,143.15625,143.90625,142.515625,142.703125,90.08344268798828,11395100,0.0,0.0,0.0
2000-11-03,143.46875,143.75,142.375,142.78125,90.13278198242188,5187100,0.0,0.0,0.0
2000-11-06,143.15625,144.296875,143.03125,143.78125,90.7640609741211,4042500,0.0,0.0,0.0
2000-11-07,143.140625,144.0,142.5625,143.75,90.74430847167969,5231300,0.0,0.0,0.0
2000-11-08,144.0625,144.0625,140.5625,140.5625,88.73213195800781,6123300,0.0,0.0,0.0
2000-11-09,140.0,141.21875,137.25,140.03125,88.39677429199219,10635300,0.0,0.0,0.0
2000-11-10,139.0,139.46875,136.53125,136.625,86.24652862548828,8569500,0.0,0.0,0.0
2000-11-13,135.625,136.984375,133.015625,135.5625,85.57582092285156,17285300,0.0,0.0,0.0
2000-11-14,137.46875,139.625,137.0,139.125,87.82471466064453,7668900,0.0,0.0,0.0
2000-11-15,139.0625,140.109375,137.75,139.5625,88.10089874267578,8837700,0.0,0.0,0.0
2000-11-16,138.578125,139.875,137.3125,137.375,86.7199935913086,6684100,0.0,0.0,0.0
2000-11-17,137.3125,139.0,135.75,136.640625,86.25640869140625,6551100,0.0,0.0,0.0
2000-11-20,135.75,136.375,134.3125,134.6875,85.02347564697266,5458500,0.0,0.0,0.0
2000-11-21,134.875,136.1875,133.515625,135.375,85.45745849609375,7684300,0.0,0.0,0.0
2000-11-22,134.34375,134.875,132.125,132.140625,83.41570281982422,5736900,0.0,0.0,0.0
2000-11-24,133.625,134.96875,133.625,134.84375,85.12208557128906,3411600,0.0,0.0,0.0
2000-11-27,136.46875,136.6875,135.3125,136.03125,85.87173461914062,5992000,0.0,0.0,0.0
2000-11-28,135.125,136.59375,133.640625,133.6875,84.39219665527344,5336100,0.0,0.0,0.0
2000-11-29,134.375,135.90625,133.265625,133.4375,84.23439025878906,6914100,0.0,0.0,0.0
2000-11-30,132.5,133.5,129.75,132.28125,83.50448608398438,11201600,0.0,0.0,0.0
2000-12-01,133.1875,134.0625,131.0,132.21875,83.46501922607422,7587200,0.0,0.0,0.0
2000-12-04,131.875,133.875,131.5,133.34375,84.17521667480469,6996600,0.0,0.0,0.0
2000-12-05,134.875,138.25,134.40625,137.71875,86.93702697753906,8883400,0.0,0.0,0.0
2000-12-06,137.78125,138.34375,135.03125,135.515625,85.5462646484375,12888000,0.0,0.0,0.0
2000-12-07,134.875,135.875,133.65625,133.65625,84.37246704101562,6529100,0.0,0.0,0.0
2000-12-08,137.0625,139.46875,133.875,133.96875,84.56974792480469,10276300,0.0,0.0,0.0
2000-12-11,137.375,139.5625,136.71875,138.625,87.509033203125,6405600,0.0,0.0,0.0
2000-12-12,138.1875,138.8125,137.375,138.03125,87.13426971435547,5022900,0.0,0.0,0.0
2000-12-13,139.25,139.40625,136.03125,136.140625,85.9407730102539,6070500,0.0,0.0,0.0
2000-12-14,135.875,136.5,134.03125,134.40625,84.8459243774414,7678400,0.0,0.0,0.0
2000-12-15,133.125,133.125,130.5625,130.96875,82.92953491210938,9065300,0.411,0.0,0.0
2000-12-18,132.0625,133.46875,131.765625,132.71875,84.0376205444336,7235400,0.0,0.0,0.0
2000-12-19,132.46875,134.96875,130.015625,130.015625,82.32600402832031,9616600,0.0,0.0,0.0
2000-12-20,128.625,128.9375,126.09375,126.25,79.94161987304688,9994300,0.0,0.0,0.0
2000-12-21,126.0,128.859375,125.53125,127.125,80.4957046508789,14331500,0.0,0.0,0.0
2000-12-22,129.0,131.109375,128.84375,130.9375,82.90975189208984,10182900,0.0,0.0,0.0
2000-12-26,130.84375,132.34375,130.28125,132.34375,83.8001708984375,4665300,0.0,0.0,0.0
2000-12-27,131.75,133.734375,131.25,133.3125,84.41358184814453,4854100,0.0,0.0,0.0
2000-12-28,132.8125,133.875,132.59375,133.71875,84.67083740234375,8358700,0.0,0.0,0.0
2000-12-29,134.0625,134.28125,131.1875,131.1875,83.06805419921875,8774600,0.0,0.0,0.0
2001-01-02,132.0,132.15625,127.5625,128.8125,81.56417846679688,8737500,0.0,0.0,0.0
2001-01-03,128.3125,136.0,127.65625,135.0,85.48212432861328,19431600,0.0,0.0,0.0
2001-01-04,134.9375,135.46875,133.0,133.546875,84.5620346069336,9219000,0.0,0.0,0.0
2001-01-05,133.46875,133.625,129.1875,129.1875,81.80168151855469,12911400,0.0,0.0,0.0
2001-01-08,129.875,130.1875,127.6875,130.1875,82.43486022949219,6625300,0.0,0.0,0.0
2001-01-09,131.046875,131.5,129.421875,129.84375,82.21719360351562,5702400,0.0,0.0,0.0
2001-01-10,129.0,132.125,128.8125,132.125,83.66168212890625,8746100,0.0,0.0,0.0
2001-01-11,131.09375,133.484375,131.09375,132.25,83.74081420898438,7245100,0.0,0.0,0.0
2001-01-12,132.6875,133.71875,131.28125,132.0,83.58255004882812,7244000,0.0,0.0,0.0
2001-01-16,132.0,133.1875,131.515625,132.84375,84.1167984008789,8542200,0.0,0.0,0.0
2001-01-17,134.84375,135.046875,132.640625,133.453125,84.50263977050781,7851400,0.0,0.0,0.0
2001-01-18,133.4375,135.703125,132.9375,134.78125,85.34358215332031,8107000,0.0,0.0,0.0
2001-01-19,136.1875,136.1875,133.875,134.015625,84.85884094238281,7782500,0.0,0.0,0.0
2001-01-22,134.25,135.78125,133.5625,134.90625,85.42276000976562,7050900,0.0,0.0,0.0
2001-01-23,134.46875,136.65625,134.15625,135.96875,86.0955810546875,8463100,0.0,0.0,0.0
2001-01-24,136.25,137.3125,135.84375,136.375,86.35279083251953,6199900,0.0,0.0,0.0
2001-01-25,136.25,137.25,135.65625,136.03125,86.1351318359375,10818300,0.0,0.0,0.0
2001-01-26,135.15625,136.125,134.453125,135.875,86.03621673583984,7136800,0.0,0.0,0.0
2001-01-29,135.5,136.89999389648438,135.3699951171875,136.60000610351562,86.4952392578125,6705900,0.0,0.0,0.0
2001-01-30,136.3000030517578,137.9199981689453,135.7899932861328,137.8000030517578,87.25508880615234,7069100,0.0,0.0,0.0
2001-01-31,137.39999389648438,138.6999969482422,136.60000610351562,137.02000427246094,86.76119995117188,9706900,0.0,0.0,0.0
2001-02-01,137.10000610351562,137.9499969482422,136.25,137.92999267578125,87.33739471435547,8239100,0.0,0.0,0.0
2001-02-02,137.39999389648438,137.99000549316406,134.75,134.8000030517578,85.3554916381836,8276600,0.0,0.0,0.0
2001-02-05,134.8000030517578,135.94000244140625,134.75,135.7899932861328,85.98236846923828,4352900,0.0,0.0,0.0
2001-02-06,135.3000030517578,136.6999969482422,135.22000122070312,135.38999938964844,85.72908020019531,7106700,0.0,0.0,0.0
2001-02-07,134.72000122070312,135.39999389648438,133.67999267578125,134.69000244140625,85.285888671875,5748700,0.0,0.0,0.0
2001-02-08,134.8000030517578,135.39999389648438,133.10000610351562,133.1199951171875,84.29170227050781,5943300,0.0,0.0,0.0
2001-02-09,133.35000610351562,133.35000610351562,131.25999450683594,131.83999633789062,83.48123168945312,9913000,0.0,0.0,0.0
2001-02-12,131.6999969482422,133.5,131.6999969482422,133.35000610351562,84.43733978271484,5804400,0.0,0.0,0.0
2001-02-13,133.6999969482422,134.1699981689453,132.0,132.25999450683594,83.74715423583984,6587600,0.0,0.0,0.0
2001-02-14,132.64999389648438,132.64999389648438,130.66000366210938,132.05999755859375,83.6205062866211,8400100,0.0,0.0,0.0
2001-02-15,132.83999633789062,133.52000427246094,131.99000549316406,133.33999633789062,84.43102264404297,5929800,0.0,0.0,0.0
2001-02-16,131.0,131.2899932861328,129.3000030517578,130.39999389648438,82.56938171386719,6434900,0.0,0.0,0.0
2001-02-20,131.0399932861328,131.13999938964844,128.10000610351562,128.38999938964844,81.29666900634766,5760000,0.0,0.0,0.0
2001-02-21,127.9000015258789,128.83999633789062,125.5,125.62000274658203,79.54269409179688,10910800,0.0,0.0,0.0
2001-02-22,126.3499984741211,126.54000091552734,123.0199966430664,125.80999755859375,79.66301727294922,21281600,0.0,0.0,0.0
2001-02-23,125.08000183105469,125.54000091552734,121.80000305175781,124.95999908447266,79.12479400634766,20173000,0.0,0.0,0.0
2001-02-26,125.80000305175781,127.62000274658203,124.5,127.62000274658203,80.80912780761719,11503700,0.0,0.0,0.0
2001-02-27,126.80000305175781,127.83999633789062,125.51000213623047,126.44000244140625,80.06194305419922,11415000,0.0,0.0,0.0
2001-02-28,126.75,126.83999633789062,123.2699966430664,123.94999694824219,78.48527526855469,14825800,0.0,0.0,0.0
2001-03-01,124.05000305175781,124.5999984741211,121.75,124.5999984741211,78.89680480957031,14672000,0.0,0.0,0.0
2001-03-02,122.5,125.6500015258789,122.30000305175781,123.61000061035156,78.26995849609375,12564300,0.0,0.0,0.0
2001-03-05,124.1500015258789,124.77999877929688,123.80999755859375,124.73999786376953,78.98548126220703,5293200,0.0,0.0,0.0
2001-03-06,126.3499984741211,127.75,125.48999786376953,126.08000183105469,79.8339614868164,6917000,0.0,0.0,0.0
2001-03-07,126.9000015258789,127.04000091552734,125.76000213623047,126.9800033569336,80.40386199951172,6371700,0.0,0.0,0.0
2001-03-08,126.5999984741211,127.23999786376953,126.13999938964844,127.12000274658203,80.49251556396484,6055000,0.0,0.0,0.0
2001-03-09,126.0999984741211,126.0999984741211,123.11000061035156,123.36000061035156,78.11165618896484,10020300,0.0,0.0,0.0
2001-03-12,122.33999633789062,122.5,117.75,118.08000183105469,74.76837921142578,13972900,0.0,0.0,0.0
2001-03-13,119.4000015258789,120.44000244140625,117.52999877929688,120.0199966430664,75.99678802490234,12888000,0.0,0.0,0.0
2001-03-14,117.05000305175781,119.29000091552734,115.75,117.6500015258789,74.49610137939453,19883400,0.0,0.0,0.0
2001-03-15,118.44999694824219,118.86000061035156,117.36000061035156,117.68000030517578,74.51509094238281,10370300,0.0,0.0,0.0
2001-03-16,117.12999725341797,117.4000015258789,114.80999755859375,115.01000213623047,73.02051544189453,58514600,0.316,0.0,0.0
2001-03-19,115.76000213623047,117.69000244140625,114.81999969482422,117.3499984741211,74.50618743896484,10067800,0.0,0.0,0.0
2001-03-20,117.9000015258789,118.45999908447266,114.11000061035156,114.19999694824219,72.50624084472656,15083900,0.0,0.0,0.0
2001-03-21,114.18000030517578,115.26000213623047,111.9000015258789,112.26000213623047,71.27452087402344,19004600,0.0,0.0,0.0
2001-03-22,112.0199966430664,112.5999984741211,108.04000091552734,111.12000274658203,70.55076599121094,28624800,0.0,0.0,0.0
2001-03-23,113.25,114.66000366210938,111.5,114.4800033569336,72.68402862548828,12861700,0.0,0.0,0.0
2001-03-26,115.69999694824219,116.2699966430664,114.7699966430664,115.94000244140625,73.61099243164062,9943800,0.0,0.0,0.0
2001-03-27,115.62000274658203,118.6500015258789,115.27999877929688,118.30999755859375,75.11572265625,12880700,0.0,0.0,0.0
2001-03-28,116.9000015258789,116.94999694824219,114.9000015258789,115.04000091552734,73.03956604003906,10953300,0.0,0.0,0.0
2001-03-29,114.69999694824219,116.5,112.13999938964844,115.4800033569336,73.31893920898438,12060300,0.0,0.0,0.0
2001-03-30,115.55000305175781,116.69000244140625,114.5,116.69000244140625,74.0871810913086,9183600,0.0,0.0,0.0
2001-04-02,116.30000305175781,117.37999725341797,113.80000305175781,114.19999694824219,72.50624084472656,10561000,0.0,0.0,0.0
2001-04-03,113.9800033569336,114.1500015258789,110.05999755859375,110.38999938964844,70.08724975585938,12836000,0.0,0.0,0.0
2001-04-04,110.56999969482422,112.0999984741211,109.30000305175781,110.8499984741211,70.37931823730469,14884300,0.0,0.0,0.0
2001-04-05,113.30000305175781,115.48999786376953,112.5,115.05000305175781,73.04591369628906,21522800,0.0,0.0,0.0
2001-04-06,113.98999786376953,114.4000015258789,112.05999755859375,113.30000305175781,71.93482971191406,14937800,0.0,0.0,0.0
2001-04-09,114.0,114.98999786376953,112.77999877929688,114.55999755859375,72.73480987548828,9034300,0.0,0.0,0.0
2001-04-10,115.44999694824219,117.75,115.16999816894531,116.6500015258789,74.06178283691406,17873600,0.0,0.0,0.0
2001-04-11,118.77999877929688,118.98999786376953,116.13999938964844,116.7300033569336,74.112548828125,12722300,0.0,0.0,0.0
2001-04-12,116.30000305175781,118.94000244140625,115.95999908447266,118.8499984741211,75.45854949951172,9233200,0.0,0.0,0.0
2001-04-16,118.29000091552734,118.88999938964844,116.91000366210938,117.5999984741211,74.66493225097656,7350000,0.0,0.0,0.0
2001-04-17,117.30999755859375,119.66000366210938,117.0199966430664,119.26000213623047,75.71885681152344,10924700,0.0,0.0,0.0
2001-04-18,121.05999755859375,126.0,120.69000244140625,124.0,78.72834014892578,32481600,0.0,0.0,0.0
2001-04-19,124.25,125.83999633789062,123.58000183105469,125.6500015258789,79.77592468261719,13809900,0.0,0.0,0.0
2001-04-20,124.9000015258789,125.4000015258789,123.66000366210938,124.5,79.04581451416016,7626700,0.0,0.0,0.0
2001-04-23,123.6500015258789,123.88999938964844,121.91000366210938,122.23999786376953,77.61087036132812,8451800,0.0,0.0,0.0
2001-04-24,122.5199966430664,123.6500015258789,121.0999984741211,121.58000183105469,77.19188690185547,10044700,0.0,0.0,0.0
2001-04-25,121.41999816894531,123.66999816894531,120.94999694824219,123.16999816894531,78.20135498046875,8249000,0.0,0.0,0.0
2001-04-26,123.7300033569336,125.22000122070312,123.5,123.72000122070312,78.55057525634766,10590400,0.0,0.0,0.0
2001-04-27,124.91999816894531,125.83999633789062,124.19999694824219,125.77999877929688,79.85845947265625,7938700,0.0,0.0,0.0
2001-04-30,126.44999694824219,127.2699966430664,124.66999816894531,126.66000366210938,80.41716003417969,10766900,0.0,0.0,0.0
2001-05-01,125.06999969482422,127.1500015258789,124.5999984741211,127.05000305175781,80.66475677490234,10578000,0.0,0.0,0.0
2001-05-02,127.41000366210938,127.69000244140625,126.0,126.81999969482422,80.51875305175781,9572900,0.0,0.0,0.0
2001-05-03,126.12999725341797,126.1500015258789,124.22000122070312,125.20999908447266,79.49656677246094,9926200,0.0,0.0,0.0
2001-05-04,123.6500015258789,127.3499984741211,123.44000244140625,127.33999633789062,80.8488998413086,12145300,0.0,0.0,0.0
2001-05-07,126.86000061035156,127.37999725341797,126.2300033569336,126.23999786376953,80.15054321289062,7185200,0.0,0.0,0.0
2001-05-08,126.86000061035156,127.0999984741211,125.55999755859375,126.18000030517578,80.1124267578125,6952600,0.0,0.0,0.0
2001-05-09,125.25,126.55000305175781,125.05999755859375,125.6500015258789,79.77592468261719,9507400,0.0,0.0,0.0
2001-05-10,127.26000213623047,127.5,125.7699966430664,126.0199966430664,80.01087188720703,6872400,0.0,0.0,0.0
2001-05-11,126.0,126.48999786376953,124.4000015258789,125.1500015258789,79.45844268798828,7734400,0.0,0.0,0.0
2001-05-14,124.9000015258789,125.44000244140625,124.45999908447266,125.4000015258789,79.6172103881836,7914000,0.0,0.0,0.0
2001-05-15,125.55000305175781,126.5,124.8499984741211,125.9800033569336,79.98544311523438,9782200,0.0,0.0,0.0
2001-05-16,124.83999633789062,129.1999969482422,124.62000274658203,128.9499969482422,81.87109375,14909000,0.0,0.0,0.0
2001-05-17,129.0,130.0800018310547,128.55999755859375,129.14999389648438,81.99807739257812,11824600,0.0,0.0,0.0
2001-05-18,129.08999633789062,129.74000549316406,128.10000610351562,129.74000549316406,82.37268829345703,6683100,0.0,0.0,0.0
2001-05-21,129.83999633789062,131.83999633789062,129.14999389648438,131.64999389648438,83.5853271484375,11531500,0.0,0.0,0.0
2001-05-22,131.8300018310547,132.08999633789062,131.07000732421875,131.47999572753906,83.47744750976562,8342700,0.0,0.0,0.0
2001-05-23,131.0500030517578,131.0500030517578,129.25,129.25,82.06156158447266,12330800,0.0,0.0,0.0
2001-05-24,129.47000122070312,130.0,128.5500030517578,129.6300048828125,82.30284118652344,7902800,0.0,0.0,0.0
2001-05-25,129.64999389648438,129.6999969482422,127.9000015258789,128.10000610351562,81.33140563964844,7425000,0.0,0.0,0.0
2001-05-29,128.22000122070312,128.35000610351562,126.9000015258789,127.08000183105469,80.68385314941406,9003900,0.0,0.0,0.0
2001-05-30,126.58999633789062,127.08999633789062,125.0,125.30000305175781,79.55371856689453,10041800,0.0,0.0,0.0
2001-05-31,125.43000030517578,126.76000213623047,125.26000213623047,125.94999694824219,79.9664077758789,9874200,0.0,0.0,0.0
2001-06-01,126.19999694824219,127.0999984741211,125.12000274658203,126.7300033569336,80.46157836914062,8848300,0.0,0.0,0.0
2001-06-04,126.80000305175781,127.43000030517578,126.08000183105469,127.33999633789062,80.8488998413086,5623500,0.0,0.0,0.0
2001-06-05,127.48999786376953,129.22999572753906,127.2699966430664,128.8000030517578,81.77584075927734,9115400,0.0,0.0,0.0
2001-06-06,128.8300018310547,128.8300018310547,127.36000061035156,127.7300033569336,81.09657287597656,12064900,0.0,0.0,0.0
2001-06-07,127.05000305175781,128.35000610351562,127.0,128.19000244140625,81.38858032226562,7355300,0.0,0.0,0.0
2001-06-08,127.69999694824219,127.87000274658203,126.13999938964844,127.0,80.633056640625,8170600,0.0,0.0,0.0
2001-06-11,126.70999908447266,126.98999786376953,125.41000366210938,126.0999984741211,80.06161499023438,7012200,0.0,0.0,0.0
2001-06-12,124.86000061035156,126.73999786376953,124.04000091552734,125.87999725341797,79.92194366455078,9364400,0.0,0.0,0.0
2001-06-13,126.16999816894531,126.58000183105469,124.6500015258789,124.80000305175781,79.23626708984375,7629400,0.0,0.0,0.0
2001-06-14,124.18000030517578,124.30000305175781,121.75,122.0,77.45848083496094,12603000,0.0,0.0,0.0
2001-06-15,120.91000366210938,122.4000015258789,120.4000015258789,121.8499984741211,77.58328247070312,16821100,0.346,0.0,0.0
2001-06-18,121.6500015258789,122.44000244140625,120.91000366210938,121.26000213623047,77.20763397216797,11368300,0.0,0.0,0.0
2001-06-19,122.37999725341797,122.88999938964844,120.88999938964844,121.79000091552734,77.54507446289062,7732300,0.0,0.0,0.0
2001-06-20,121.19000244140625,122.86000061035156,121.0999984741211,122.43000030517578,77.9526138305664,8787200,0.0,0.0,0.0
2001-06-21,122.22000122070312,124.30999755859375,122.1500015258789,123.81999969482422,78.83763122558594,12259100,0.0,0.0,0.0
2001-06-22,123.48999786376953,123.58999633789062,122.16000366210938,122.8499984741211,78.22000885009766,12212000,0.0,0.0,0.0
2001-06-25,123.27999877929688,123.44000244140625,121.5,121.72000122070312,77.50054168701172,8406800,0.0,0.0,0.0
2001-06-26,120.9000015258789,122.38999938964844,120.56999969482422,121.55000305175781,77.39230346679688,8005800,0.0,0.0,0.0
2001-06-27,121.5999984741211,122.23999786376953,120.91000366210938,121.4800033569336,77.34773254394531,10105100,0.0,0.0,0.0
2001-06-28,122.0,123.94000244140625,121.93000030517578,122.1500015258789,77.7743148803711,10269300,0.0,0.0,0.0
2001-06-29,122.80000305175781,124.01000213623047,122.26000213623047,122.5999984741211,78.0608139038086,9824200,0.0,0.0,0.0
2001-07-02,122.80000305175781,124.31999969482422,122.62000274658203,124.12999725341797,79.03498840332031,8522200,0.0,0.0,0.0
2001-07-03,123.9800033569336,124.0999984741211,123.05000305175781,124.0999984741211,79.01593017578125,3303100,0.0,0.0,0.0
2001-07-05,123.06999969482422,123.6500015258789,121.66000366210938,121.68000030517578,77.47502899169922,5517900,0.0,0.0,0.0
2001-07-06,121.30999755859375,121.48999786376953,119.05000305175781,119.05000305175781,75.80050659179688,11665900,0.0,0.0,0.0
2001-07-09,119.48999786376953,120.54000091552734,119.19999694824219,119.69999694824219,76.21435546875,8339300,0.0,0.0,0.0
2001-07-10,120.29000091552734,120.63999938964844,118.20999908447266,118.26000213623047,75.29752349853516,8630700,0.0,0.0,0.0
2001-07-11,118.0999984741211,118.88999938964844,117.08999633789062,118.37999725341797,75.37393188476562,15328600,0.0,0.0,0.0
2001-07-12,119.5,121.47000122070312,119.30999755859375,121.19000244140625,77.1630859375,12002800,0.0,0.0,0.0
2001-07-13,120.83999633789062,122.31999969482422,120.62000274658203,122.23999786376953,77.83161926269531,10433800,0.0,0.0,0.0
2001-07-16,121.7699966430664,122.27999877929688,120.29000091552734,120.70999908447266,76.85745239257812,6915300,0.0,0.0,0.0
2001-07-17,120.19999694824219,121.94999694824219,119.83000183105469,121.83999633789062,77.57695007324219,7469800,0.0,0.0,0.0
2001-07-18,120.55999755859375,121.63999938964844,120.05999755859375,121.01000213623047,77.0484619140625,7709300,0.0,0.0,0.0
2001-07-19,122.18000030517578,122.9800033569336,120.76000213623047,122.06999969482422,77.72337341308594,10082900,0.0,0.0,0.0
2001-07-20,121.1500015258789,121.94000244140625,120.91999816894531,121.33999633789062,77.25857543945312,6705800,0.0,0.0,0.0
2001-07-23,121.80000305175781,121.87999725341797,118.94999694824219,118.94999694824219,75.73685455322266,8065200,0.0,0.0,0.0
2001-07-24,119.0,119.19999694824219,116.75,117.80000305175781,75.0046157836914,12269000,0.0,0.0,0.0
2001-07-25,117.91999816894531,119.4800033569336,117.45999908447266,119.0999984741211,75.83231353759766,12088500,0.0,0.0,0.0
2001-07-26,119.05999755859375,120.8499984741211,118.55999755859375,120.3499984741211,76.62824249267578,12898200,0.0,0.0,0.0
2001-07-27,120.83000183105469,121.3499984741211,119.91000366210938,120.80999755859375,76.92113494873047,8478800,0.0,0.0,0.0
2001-07-30,121.19000244140625,121.3499984741211,120.30000305175781,120.8499984741211,76.94660949707031,8547700,0.0,0.0,0.0
2001-07-31,121.0,122.68000030517578,120.80000305175781,121.3499984741211,77.26492309570312,11918100,0.0,0.0,0.0
2001-08-01,121.97000122070312,122.69999694824219,121.55000305175781,122.11000061035156,77.74882507324219,11940800,0.0,0.0,0.0
2001-08-02,123.2300033569336,123.25,121.88999938964844,122.61000061035156,78.06719970703125,11070100,0.0,0.0,0.0
2001-08-03,122.36000061035156,122.36000061035156,120.9000015258789,121.94000244140625,77.64060974121094,10816300,0.0,0.0,0.0
2001-08-06,121.3499984741211,121.51000213623047,120.0999984741211,120.30000305175781,76.59638977050781,8550100,0.0,0.0,0.0
2001-08-07,120.2699966430664,121.19999694824219,119.91000366210938,120.7699966430664,76.89564514160156,8865100,0.0,0.0,0.0
2001-08-08,120.12000274658203,121.16000366210938,118.43000030517578,118.52999877929688,75.46941375732422,15183800,0.0,0.0,0.0
2001-08-09,118.69999694824219,118.97000122070312,117.86000061035156,118.87999725341797,75.6922607421875,14118500,0.0,0.0,0.0
2001-08-10,118.80000305175781,119.83999633789062,117.33999633789062,119.29000091552734,75.95330810546875,11173300,0.0,0.0,0.0
2001-08-13,119.5999984741211,119.8499984741211,118.80999755859375,119.31999969482422,75.97242736816406,7431600,0.0,0.0,0.0
2001-08-14,120.13999938964844,120.3499984741211,118.80000305175781,119.2699966430664,75.9405746459961,13178100,0.0,0.0,0.0
2001-08-15,119.2300033569336,119.61000061035156,118.08000183105469,118.23999786376953,75.2847671508789,8520600,0.0,0.0,0.0
2001-08-16,117.80000305175781,118.75,117.0,118.6500015258789,75.54582214355469,10734700,0.0,0.0,0.0
2001-08-17,117.6500015258789,117.87000274658203,116.01000213623047,116.75,74.33606719970703,11604600,0.0,0.0,0.0
2001-08-20,116.80000305175781,117.9000015258789,116.55000305175781,117.83000183105469,75.02375030517578,10417400,0.0,0.0,0.0
2001-08-21,117.80000305175781,118.54000091552734,115.80000305175781,115.81999969482422,73.74395751953125,14480800,0.0,0.0,0.0
2001-08-22,116.75,117.43000030517578,115.77999877929688,117.0199966430664,74.50797271728516,11752300,0.0,0.0,0.0
2001-08-23,116.95999908447266,117.5199966430664,116.48999786376953,116.5999984741211,74.2405776977539,8744100,0.0,0.0,0.0
2001-08-24,117.20999908447266,119.12999725341797,116.73999786376953,119.0199966430664,75.78141784667969,11687700,0.0,0.0,0.0
2001-08-27,118.97000122070312,119.19999694824219,118.26000213623047,118.30999755859375,75.32936096191406,7425100,0.0,0.0,0.0
2001-08-28,118.27999877929688,118.48999786376953,116.58000183105469,116.58000183105469,74.22782897949219,12046600,0.0,0.0,0.0
2001-08-29,117.12999725341797,117.18000030517578,115.16999816894531,115.54000091552734,73.5656509399414,16180000,0.0,0.0,0.0
2001-08-30,114.8499984741211,115.73999786376953,112.04000091552734,113.31999969482422,72.15214538574219,17692600,0.0,0.0,0.0
2001-08-31,113.4000015258789,114.7699966430664,113.12999725341797,114.1500015258789,72.68064880371094,15985400,0.0,0.0,0.0
2001-09-04,113.8499984741211,116.16999816894531,113.37000274658203,113.41999816894531,72.21582794189453,24473400,0.0,0.0,0.0
2001-09-05,113.69999694824219,114.19000244140625,111.94999694824219,113.69999694824219,72.39414978027344,21477100,0.0,0.0,0.0
2001-09-06,112.6500015258789,113.30000305175781,110.7699966430664,110.7699966430664,70.52857208251953,21653000,0.0,0.0,0.0
2001-09-07,110.0199966430664,111.25,108.62999725341797,108.72000122070312,69.2232894897461,33133900,0.0,0.0,0.0
2001-09-10,107.69999694824219,110.3499984741211,107.69999694824219,110.05000305175781,70.0700912475586,23408700,0.0,0.0,0.0
2001-09-17,101.0,106.4000015258789,100.0,104.30000305175781,66.40901184082031,32388700,0.0,0.0,0.0
2001-09-18,104.33000183105469,105.30000305175781,103.36000061035156,104.05000305175781,66.24984741210938,22029200,0.0,0.0,0.0
2001-09-19,104.0999984741211,104.5,98.55999755859375,101.94999694824219,64.91272735595703,42771800,0.0,0.0,0.0
2001-09-20,100.4000015258789,101.80999755859375,98.55999755859375,98.70999908447266,62.84981155395508,36210900,0.0,0.0,0.0
2001-09-21,94.27999877929688,98.98999786376953,93.80000305175781,97.27999877929688,62.17170715332031,49782100,0.369,0.0,0.0
2001-09-24,99.72000122070312,101.16000366210938,99.05999755859375,100.69999694824219,64.35745239257812,25549600,0.0,0.0,0.0
2001-09-25,100.75,102.0,99.9000015258789,101.75,65.02851104736328,25466200,0.0,0.0,0.0
2001-09-26,102.3499984741211,102.4000015258789,100.43000030517578,101.38999938964844,64.79844665527344,18587500,0.0,0.0,0.0
2001-09-27,101.25,102.29000091552734,100.0,102.2699966430664,65.36080169677734,20536800,0.0,0.0,0.0
2001-09-28,102.9800033569336,109.62000274658203,102.5,104.44000244140625,66.7476806640625,21687200,0.0,0.0,0.0
2001-10-01,103.9000015258789,104.31999969482422,102.83000183105469,104.2699966430664,66.63899230957031,20457400,0.0,0.0,0.0
2001-10-02,104.0,105.58000183105469,103.6500015258789,105.58000183105469,67.47624969482422,19833100,0.0,0.0,0.0
2001-10-03,104.5999984741211,107.87999725341797,104.3499984741211,107.3499984741211,68.60749053955078,32045800,0.0,0.0,0.0
2001-10-04,108.29000091552734,108.97000122070312,106.75,107.44000244140625,68.66493225097656,32674100,0.0,0.0,0.0
2001-10-05,107.25,107.62000274658203,105.5199966430664,107.2300033569336,68.5307846069336,29796100,0.0,0.0,0.0
2001-10-08,106.2699966430664,107.30000305175781,105.87000274658203,106.52999877929688,68.08341979980469,12970300,0.0,0.0,0.0
2001-10-09,106.61000061035156,106.75,105.5999984741211,105.95999908447266,67.7190933227539,15976300,0.0,0.0,0.0
2001-10-10,105.80000305175781,108.55000305175781,105.5199966430664,108.31999969482422,69.22737884521484,19987400,0.0,0.0,0.0
2001-10-11,108.94999694824219,110.30000305175781,108.94999694824219,110.0,70.30103302001953,23006300,0.0,0.0,0.0
2001-10-12,109.1500015258789,109.88999938964844,107.30000305175781,109.5,69.9815444946289,31360500,0.0,0.0,0.0
2001-10-15,108.62999725341797,109.44999694824219,108.05999755859375,109.30000305175781,69.85372161865234,16873000,0.0,0.0,0.0
2001-10-16,109.80000305175781,110.61000061035156,108.94999694824219,109.98999786376953,70.294677734375,15877100,0.0,0.0,0.0
2001-10-17,111.06999969482422,111.1500015258789,107.6500015258789,107.6500015258789,68.7991943359375,28542300,0.0,0.0,0.0
2001-10-18,107.81999969482422,108.16000366210938,106.75,107.41999816894531,68.6522216796875,16510000,0.0,0.0,0.0
2001-10-19,107.0,107.91000366210938,106.01000213623047,107.3499984741211,68.60749053955078,21912500,0.0,0.0,0.0
2001-10-22,107.30000305175781,109.56999969482422,107.20999908447266,109.47000122070312,69.96239471435547,17540600,0.0,0.0,0.0
2001-10-23,109.95999908447266,110.27999877929688,108.37999725341797,108.91000366210938,69.60444641113281,22062500,0.0,0.0,0.0
2001-10-24,108.9800033569336,109.44999694824219,108.22000122070312,108.62000274658203,69.41912841796875,16065200,0.0,0.0,0.0
2001-10-25,107.44999694824219,110.5999984741211,106.73999786376953,110.56999969482422,70.66536712646484,27467900,0.0,0.0,0.0
2001-10-26,109.94999694824219,111.79000091552734,109.66999816894531,110.31999969482422,70.50555419921875,18623300,0.0,0.0,0.0
2001-10-29,110.16000366210938,110.55000305175781,107.44999694824219,107.44999694824219,68.67137908935547,18727500,0.0,0.0,0.0
2001-10-30,107.3499984741211,107.69999694824219,105.55999755859375,106.16000366210938,67.84690856933594,26178600,0.0,0.0,0.0
2001-10-31,106.9000015258789,107.86000061035156,105.80000305175781,105.80000305175781,67.61683654785156,28124200,0.0,0.0,0.0
2001-11-01,106.5999984741211,109.01000213623047,105.69999694824219,108.51000213623047,69.34879302978516,29806800,0.0,0.0,0.0
2001-11-02,108.44000244140625,109.37999725341797,107.87000274658203,109.25,69.82176971435547,17575900,0.0,0.0,0.0
2001-11-05,110.12000274658203,111.08999633789062,109.94999694824219,110.68000030517578,70.73564910888672,15929500,0.0,0.0,0.0
2001-11-06,110.3499984741211,112.4800033569336,109.8499984741211,112.4000015258789,71.83490753173828,23245800,0.0,0.0,0.0
2001-11-07,111.7699966430664,113.12000274658203,111.63999938964844,112.25,71.7390365600586,19716000,0.0,0.0,0.0
2001-11-08,112.87000274658203,114.08000183105469,111.9000015258789,112.5999984741211,71.9627456665039,22563500,0.0,0.0,0.0
2001-11-09,112.25,112.95999908447266,111.44000244140625,112.72000122070312,72.03946685791016,15895800,0.0,0.0,0.0
2001-11-12,111.0,112.6500015258789,110.0,112.02999877929688,71.59843444824219,26068800,0.0,0.0,0.0
2001-11-13,113.44000244140625,114.55000305175781,113.18000030517578,114.55000305175781,73.20899200439453,15296200,0.0,0.0,0.0
2001-11-14,115.16999816894531,115.4000015258789,113.70999908447266,114.66000366210938,73.27928161621094,17571300,0.0,0.0,0.0
2001-11-15,114.37000274658203,115.18000030517578,113.93000030517578,114.87000274658203,73.4134750366211,19470200,0.0,0.0,0.0
2001-11-16,115.08000183105469,115.0999984741211,113.4000015258789,114.36000061035156,73.0875473022461,18134900,0.0,0.0,0.0
2001-11-19,114.91999816894531,115.8499984741211,114.44999694824219,115.7699966430664,73.98870086669922,13625400,0.0,0.0,0.0
2001-11-20,115.37000274658203,115.80000305175781,114.63999938964844,114.80000305175781,73.36876678466797,16209700,0.0,0.0,0.0
2001-11-21,114.5,114.66999816894531,113.51000213623047,114.04000091552734,72.88304901123047,11470200,0.0,0.0,0.0
2001-11-23,114.04000091552734,115.75,114.0,115.68000030517578,73.93119049072266,6717100,0.0,0.0,0.0
2001-11-26,115.75,116.33999633789062,115.06999969482422,115.93000030517578,74.09093475341797,13726000,0.0,0.0,0.0
2001-11-27,115.62000274658203,116.9000015258789,114.08999633789062,115.43000030517578,73.77136993408203,19261400,0.0,0.0,0.0
2001-11-28,114.73999786376953,115.16999816894531,113.25,113.33999633789062,72.4356689453125,20195500,0.0,0.0,0.0
2001-11-29,113.66000366210938,114.91999816894531,113.0,114.87000274658203,73.4134750366211,16354700,0.0,0.0,0.0
2001-11-30,114.4000015258789,114.91000366210938,114.0199966430664,114.05000305175781,72.88941192626953,13680300,0.0,0.0,0.0
2001-12-03,113.6500015258789,114.08000183105469,113.01000213623047,113.37000274658203,72.45484161376953,15220400,0.0,0.0,0.0
2001-12-04,113.91999816894531,115.30000305175781,113.3499984741211,115.29000091552734,73.68191528320312,17239900,0.0,0.0,0.0
2001-12-05,115.61000061035156,118.0,115.55999755859375,117.4000015258789,75.03040313720703,25204000,0.0,0.0,0.0
2001-12-06,117.33999633789062,117.94000244140625,116.93000030517578,117.33999633789062,74.99207305908203,17972900,0.0,0.0,0.0
2001-12-07,116.9000015258789,117.08999633789062,115.69999694824219,116.55999755859375,74.49356079101562,18857800,0.0,0.0,0.0
2001-12-10,115.8499984741211,116.38999938964844,114.3499984741211,114.37999725341797,73.1003189086914,13862700,0.0,0.0,0.0
2001-12-11,114.9000015258789,115.72000122070312,113.9000015258789,114.1500015258789,72.95338439941406,20833300,0.0,0.0,0.0
2001-12-12,114.55000305175781,114.77999877929688,113.11000061035156,114.27999877929688,73.03642272949219,16171500,0.0,0.0,0.0
2001-12-13,113.44999694824219,113.69999694824219,112.04000091552734,112.05999755859375,71.6176528930664,19026700,0.0,0.0,0.0
2001-12-14,112.33000183105469,113.48999786376953,112.0,113.12999725341797,72.30145263671875,16721900,0.0,0.0,0.0
2001-12-17,112.98999786376953,114.36000061035156,112.9000015258789,114.30000305175781,73.04925537109375,13925900,0.0,0.0,0.0
2001-12-18,114.62999725341797,115.1500015258789,114.33999633789062,114.9800033569336,73.48377990722656,13663700,0.0,0.0,0.0
2001-12-19,114.08999633789062,115.91999816894531,114.0,115.79000091552734,74.00149536132812,20143400,0.0,0.0,0.0
2001-12-20,115.5,115.80000305175781,114.55000305175781,114.6500015258789,73.27287292480469,14867900,0.0,0.0,0.0
2001-12-21,115.02999877929688,115.06999969482422,114.19999694824219,114.94999694824219,73.71731567382812,14037700,0.393,0.0,0.0
2001-12-24,114.83000183105469,115.04000091552734,114.61000061035156,114.7300033569336,73.57622528076172,5728800,0.0,0.0,0.0
2001-12-26,114.6500015258789,116.20999908447266,114.6500015258789,115.36000061035156,73.98025512695312,10304800,0.0,0.0,0.0
2001-12-27,115.30000305175781,116.08000183105469,115.25,116.05999755859375,74.4291763305664,9407300,0.0,0.0,0.0
2001-12-28,116.29000091552734,116.75,115.91999816894531,116.0,74.39070129394531,10593800,0.0,0.0,0.0
2001-12-31,116.1500015258789,116.38999938964844,114.2300033569336,114.30000305175781,73.30046844482422,14619500,0.0,0.0,0.0
2002-01-02,115.11000061035156,115.75,113.80999755859375,115.52999877929688,74.0892562866211,18651900,0.0,0.0,0.0
2002-01-03,115.6500015258789,116.94999694824219,115.54000091552734,116.83999633789062,74.92936706542969,15743000,0.0,0.0,0.0
2002-01-04,117.16999816894531,117.9800033569336,116.55000305175781,117.62000274658203,75.42959594726562,20140700,0.0,0.0,0.0
2002-01-07,117.69999694824219,117.98999786376953,116.55999755859375,116.79000091552734,74.89728546142578,13106500,0.0,0.0,0.0
2002-01-08,116.79000091552734,117.05999755859375,115.97000122070312,116.5199966430664,74.72410583496094,12683700,0.0,0.0,0.0
2002-01-09,116.68000030517578,117.77999877929688,115.33999633789062,115.56999969482422,74.11493682861328,16610300,0.0,0.0,0.0
2002-01-10,115.69000244140625,116.3499984741211,115.30000305175781,116.08000183105469,74.44197845458984,12823400,0.0,0.0,0.0
2002-01-11,116.20999908447266,116.27999877929688,114.69999694824219,114.94000244140625,73.71092224121094,13708400,0.0,0.0,0.0
2002-01-14,114.6500015258789,114.83999633789062,113.95999908447266,114.22000122070312,73.2491455078125,12301100,0.0,0.0,0.0
2002-01-15,114.55000305175781,115.38999938964844,113.9000015258789,115.1500015258789,73.8455581665039,20219900,0.0,0.0,0.0
2002-01-16,114.30000305175781,114.4000015258789,112.69000244140625,112.81999969482422,72.35133361816406,17067000,0.0,0.0,0.0
2002-01-17,113.76000213623047,114.23999786376953,113.4000015258789,113.66999816894531,72.89643096923828,17283400,0.0,0.0,0.0
2002-01-18,113.0,113.8499984741211,112.66999816894531,113.1500015258789,72.56295776367188,17028000,0.0,0.0,0.0
2002-01-22,113.75,113.93000030517578,112.0199966430664,112.37000274658203,72.062744140625,11689300,0.0,0.0,0.0
2002-01-23,112.62999725341797,113.55000305175781,112.0199966430664,113.2300033569336,72.6142578125,12438900,0.0,0.0,0.0
2002-01-24,113.63999938964844,114.25,113.31999969482422,113.58000183105469,72.83871459960938,12142800,0.0,0.0,0.0
2002-01-25,113.12000274658203,114.18000030517578,113.04000091552734,113.55000305175781,72.8194808959961,12810700,0.0,0.0,0.0
2002-01-28,113.9000015258789,114.19000244140625,112.91999816894531,113.86000061035156,73.01826477050781,10589200,0.0,0.0,0.0
2002-01-29,113.8499984741211,114.12999725341797,110.05000305175781,110.27999877929688,70.72246551513672,27720800,0.0,0.0,0.0
2002-01-30,110.38999938964844,113.38999938964844,108.4000015258789,111.87000274658203,71.74211883544922,34711800,0.0,0.0,0.0
2002-01-31,112.1500015258789,113.30000305175781,111.62000274658203,113.18000030517578,72.58219909667969,19909200,0.0,0.0,0.0
2002-02-01,113.08999633789062,113.30000305175781,112.16999816894531,112.6500015258789,72.24238586425781,15838500,0.0,0.0,0.0
2002-02-04,112.2300033569336,112.2300033569336,109.44000244140625,109.8499984741211,70.44669342041016,24243400,0.0,0.0,0.0
2002-02-05,109.4000015258789,110.48999786376953,108.52999877929688,109.16999816894531,70.01056671142578,33614000,0.0,0.0,0.0
2002-02-06,109.6500015258789,109.73999786376953,108.05999755859375,108.69999694824219,69.70915985107422,29486000,0.0,0.0,0.0
2002-02-07,108.72000122070312,109.86000061035156,108.0,108.0199966430664,69.27308654785156,23445400,0.0,0.0,0.0
2002-02-08,108.62999725341797,110.75,108.30000305175781,110.08999633789062,70.60060119628906,19277800,0.0,0.0,0.0
2002-02-11,110.05000305175781,111.63999938964844,109.81999969482422,111.44000244140625,71.46634674072266,18792400,0.0,0.0,0.0
2002-02-12,110.95999908447266,111.70999908447266,110.02999877929688,111.08999633789062,71.24189758300781,13942500,0.0,0.0,0.0
2002-02-13,111.4800033569336,112.54000091552734,111.3499984741211,112.2699966430664,71.99862670898438,16781100,0.0,0.0,0.0
2002-02-14,112.51000213623047,112.97000122070312,111.58999633789062,112.05999755859375,71.86397552490234,20453800,0.0,0.0,0.0
2002-02-15,112.1500015258789,112.23999786376953,110.70999908447266,110.88999938964844,71.1136474609375,18366800,0.0,0.0,0.0
2002-02-19,110.1500015258789,110.29000091552734,108.61000061035156,108.76000213623047,69.74766540527344,15988100,0.0,0.0,0.0
2002-02-20,109.05000305175781,110.58999633789062,107.81999969482422,110.58999633789062,70.92125701904297,29242800,0.0,0.0,0.0
2002-02-21,109.93000030517578,110.62999725341797,108.26000213623047,108.30000305175781,69.45266723632812,26288600,0.0,0.0,0.0
2002-02-22,108.3499984741211,109.94000244140625,107.87000274658203,109.63999938964844,70.31201171875,26572900,0.0,0.0,0.0
2002-02-25,109.73999786376953,111.80999755859375,109.69999694824219,111.44999694824219,71.4727783203125,17458700,0.0,0.0,0.0
2002-02-26,111.5999984741211,112.04000091552734,110.56999969482422,111.22000122070312,71.32525634765625,22346500,0.0,0.0,0.0
2002-02-27,111.95999908447266,112.86000061035156,110.6500015258789,111.6500015258789,71.60101318359375,28597900,0.0,0.0,0.0
2002-02-28,111.83000183105469,112.75,111.02999877929688,111.1500015258789,71.28035736083984,23755400,0.0,0.0,0.0
2002-03-01,111.72000122070312,113.8499984741211,111.51000213623047,113.73999786376953,72.94136047363281,26273600,0.0,0.0,0.0
2002-03-04,113.9000015258789,115.98999786376953,113.6500015258789,115.75,74.2303237915039,27184600,0.0,0.0,0.0
2002-03-05,115.33000183105469,116.4000015258789,114.97000122070312,115.37999725341797,73.9930648803711,22718900,0.0,0.0,0.0
2002-03-06,115.0999984741211,117.1500015258789,115.06999969482422,116.75,74.87162780761719,20143200,0.0,0.0,0.0
2002-03-07,117.36000061035156,117.5,115.56999969482422,116.5,74.71131134033203,19330800,0.0,0.0,0.0
2002-03-08,117.37999725341797,117.9000015258789,116.4800033569336,116.98999786376953,75.02555084228516,19930100,0.0,0.0,0.0
2002-03-11,116.88999938964844,117.9000015258789,116.43000030517578,117.23999786376953,75.18586730957031,15621800,0.0,0.0,0.0
2002-03-12,116.0999984741211,117.25,115.94000244140625,117.16999816894531,75.14097595214844,17153600,0.0,0.0,0.0
2002-03-13,116.62999725341797,116.75,115.63999938964844,116.04000091552734,74.41631317138672,17175300,0.0,0.0,0.0
2002-03-14,116.04000091552734,116.43000030517578,115.62999725341797,115.87999725341797,74.31371307373047,11168100,0.0,0.0,0.0
2002-03-15,115.97000122070312,116.94999694824219,115.9000015258789,116.6500015258789,75.02179718017578,21220100,0.331,0.0,0.0
2002-03-18,117.0999984741211,117.55999755859375,116.0999984741211,116.66999816894531,75.03465270996094,17548900,0.0,0.0,0.0
2002-03-19,117.30000305175781,117.73999786376953,116.81999969482422,117.44999694824219,75.53636169433594,17912000,0.0,0.0,0.0
2002-03-20,116.5,116.58000183105469,115.19000244140625,115.23999786376953,74.11497497558594,17114500,0.0,0.0,0.0
2002-03-21,115.30000305175781,115.9000015258789,114.12000274658203,115.29000091552734,74.14714813232422,25846800,0.0,0.0,0.0
2002-03-22,115.5,115.94000244140625,114.69999694824219,115.04000091552734,73.98634338378906,15235400,0.0,0.0,0.0
2002-03-25,115.08999633789062,115.36000061035156,113.30000305175781,113.61000061035156,73.06668853759766,17499600,0.0,0.0,0.0
2002-03-26,113.5199966430664,115.0199966430664,113.47000122070312,114.2699966430664,73.49111938476562,19947600,0.0,0.0,0.0
2002-03-27,114.02999877929688,115.01000213623047,113.76000213623047,114.56999969482422,73.6841049194336,19020300,0.0,0.0,0.0
2002-03-28,114.97000122070312,115.7699966430664,114.5,114.5199966430664,73.65190887451172,17532900,0.0,0.0,0.0
2002-04-01,114.2300033569336,115.0999984741211,113.5,114.56999969482422,73.6841049194336,17711000,0.0,0.0,0.0
2002-04-02,113.9800033569336,114.94999694824219,113.7699966430664,113.94000244140625,73.27890014648438,15669500,0.0,0.0,0.0
2002-04-03,114.01000213623047,114.20999908447266,112.16000366210938,113.13999938964844,72.7643814086914,25658500,0.0,0.0,0.0
2002-04-04,112.5999984741211,113.4000015258789,112.2300033569336,112.66999816894531,72.4621353149414,23549000,0.0,0.0,0.0
2002-04-05,113.19000244140625,113.62999725341797,112.18000030517578,112.69000244140625,72.47496795654297,19404900,0.0,0.0,0.0
2002-04-08,111.31999969482422,113.02999877929688,111.2300033569336,112.93000030517578,72.62932586669922,16470100,0.0,0.0,0.0
2002-04-09,113.18000030517578,113.18000030517578,111.93000030517578,112.13999938964844,72.12127685546875,15122700,0.0,0.0,0.0
2002-04-10,112.0999984741211,113.54000091552734,112.08999633789062,113.41000366210938,72.93804168701172,17199300,0.0,0.0,0.0
2002-04-11,112.88999938964844,113.05000305175781,110.5,110.58999633789062,71.12442016601562,25453700,0.0,0.0,0.0
2002-04-12,111.0199966430664,111.6500015258789,110.04000091552734,111.41999816894531,71.6582260131836,14950600,0.0,0.0,0.0
2002-04-15,111.62000274658203,111.86000061035156,110.19999694824219,110.56999969482422,71.11153411865234,17394900,0.0,0.0,0.0
2002-04-16,111.69999694824219,113.31999969482422,111.66999816894531,113.19999694824219,72.802978515625,15040900,0.0,0.0,0.0
2002-04-17,113.38999938964844,113.66999816894531,112.5999984741211,112.95999908447266,72.64863586425781,12920100,0.0,0.0,0.0
2002-04-18,112.9000015258789,113.45999908447266,111.1500015258789,112.47000122070312,72.33348846435547,25204800,0.0,0.0,0.0
2002-04-19,113.19999694824219,113.23999786376953,112.55999755859375,112.87999725341797,72.59719848632812,10499200,0.0,0.0,0.0
2002-04-22,112.37999725341797,112.43000030517578,110.83999633789062,111.0,71.3880844116211,13922900,0.0,0.0,0.0
2002-04-23,111.08999633789062,111.4800033569336,110.16999816894531,110.5199966430664,71.07937622070312,16967000,0.0,0.0,0.0
2002-04-24,110.55999755859375,111.80999755859375,109.4000015258789,109.41000366210938,70.36550903320312,18902700,0.0,0.0,0.0
2002-04-25,109.20999908447266,109.73999786376953,108.72000122070312,109.47000122070312,70.40410614013672,25451500,0.0,0.0,0.0
2002-04-26,109.79000091552734,110.01000213623047,107.29000091552734,107.38999938964844,69.06633758544922,19769800,0.0,0.0,0.0
2002-04-29,107.93000030517578,108.26000213623047,106.62999725341797,106.86000061035156,68.72550201416016,17724400,0.0,0.0,0.0
2002-04-30,107.0199966430664,108.63999938964844,106.63999938964844,107.86000061035156,69.36864471435547,19473500,0.0,0.0,0.0
2002-05-01,107.97000122070312,109.25,106.80000305175781,109.18000030517578,70.21758270263672,24575600,0.0,0.0,0.0
2002-05-02,109.0999984741211,109.91000366210938,107.77999877929688,108.76000213623047,69.94747161865234,15666800,0.0,0.0,0.0
2002-05-03,108.5999984741211,108.76000213623047,107.19999694824219,107.58000183105469,69.18858337402344,18185500,0.0,0.0,0.0
2002-05-06,107.63999938964844,107.98999786376953,105.30999755859375,105.47000122070312,67.83153533935547,23630400,0.0,0.0,0.0
2002-05-07,106.0999984741211,106.31999969482422,104.9000015258789,105.0999984741211,67.5936050415039,21910000,0.0,0.0,0.0
2002-05-08,107.05000305175781,109.36000061035156,106.79000091552734,109.01000213623047,70.10828399658203,27917400,0.0,0.0,0.0
2002-05-09,108.6500015258789,109.0999984741211,107.58000183105469,107.75,69.29790496826172,18085600,0.0,0.0,0.0
2002-05-10,107.97000122070312,108.05000305175781,105.5999984741211,105.72000122070312,67.99234008789062,18958900,0.0,0.0,0.0
2002-05-13,106.22000122070312,107.94999694824219,105.79000091552734,107.87000274658203,69.37507629394531,14677700,0.0,0.0,0.0
2002-05-14,109.62000274658203,110.37000274658203,109.0,110.22000122070312,70.8864517211914,34201200,0.0,0.0,0.0
2002-05-15,109.5,110.91000366210938,109.29000091552734,109.79000091552734,70.6098861694336,29535300,0.0,0.0,0.0
2002-05-16,109.69999694824219,110.4800033569336,109.33000183105469,110.36000061035156,70.97647094726562,28092000,0.0,0.0,0.0
2002-05-17,110.66000366210938,111.25,110.0999984741211,110.9000015258789,71.32376098632812,27823700,0.0,0.0,0.0
2002-05-20,110.63999938964844,110.69000244140625,109.48999786376953,109.69999694824219,70.5520248413086,13833800,0.0,0.0,0.0
2002-05-21,110.11000061035156,110.4800033569336,108.31999969482422,108.69999694824219,69.90886688232422,16877200,0.0,0.0,0.0
2002-05-22,108.22000122070312,109.12000274658203,108.0,108.94000244140625,70.063232421875,15844200,0.0,0.0,0.0
2002-05-23,109.26000213623047,110.36000061035156,108.4800033569336,110.0999984741211,70.80924987792969,13879800,0.0,0.0,0.0
2002-05-24,109.9800033569336,110.19999694824219,108.61000061035156,108.69000244140625,69.90242767333984,11877000,0.0,0.0,0.0
2002-05-28,109.05000305175781,109.12999725341797,107.44999694824219,108.0999984741211,69.52300262451172,24236900,0.0,0.0,0.0
2002-05-29,107.62000274658203,108.0199966430664,107.12999725341797,107.30000305175781,69.00849151611328,14773300,0.0,0.0,0.0
2002-05-30,106.55000305175781,107.51000213623047,105.9000015258789,107.0,68.81555938720703,18217900,0.0,0.0,0.0
2002-05-31,107.4000015258789,108.55999755859375,106.8499984741211,107.22000122070312,68.95703125,19826300,0.0,0.0,0.0
2002-06-03,107.08999633789062,107.5999984741211,104.12999725341797,104.37000274658203,67.12408447265625,26056300,0.0,0.0,0.0
2002-06-04,104.1500015258789,105.19999694824219,103.55000305175781,104.62999725341797,67.29132080078125,25856200,0.0,0.0,0.0
2002-06-05,104.94999694824219,105.66999816894531,104.3499984741211,105.61000061035156,67.92157745361328,19695900,0.0,0.0,0.0
2002-06-06,105.54000091552734,105.5999984741211,103.1500015258789,103.45999908447266,66.53883361816406,22998500,0.0,0.0,0.0
2002-06-07,101.77999877929688,103.91999816894531,101.72000122070312,103.33999633789062,66.46163177490234,24011600,0.0,0.0,0.0
2002-06-10,103.23999786376953,104.45999908447266,103.0199966430664,103.73999786376953,66.71894073486328,18759900,0.0,0.0,0.0
2002-06-11,104.12999725341797,104.54000091552734,101.7300033569336,101.95999908447266,65.5741195678711,19990700,0.0,0.0,0.0
2002-06-12,101.70999908447266,102.80999755859375,100.77999877929688,102.58000183105469,65.97289276123047,31266000,0.0,0.0,0.0
2002-06-13,102.12999725341797,103.0,101.33999633789062,101.55000305175781,65.31046295166016,21043900,0.0,0.0,0.0
2002-06-14,100.30999755859375,101.55999755859375,98.5,101.4000015258789,65.21398162841797,39267500,0.0,0.0,0.0
2002-06-17,101.91999816894531,104.33999633789062,101.8499984741211,104.12000274658203,66.96329498291016,17647200,0.0,0.0,0.0
2002-06-18,103.73999786376953,105.02999877929688,103.62999725341797,104.97000122070312,67.50996398925781,21628500,0.0,0.0,0.0
2002-06-19,103.5,104.43000030517578,102.23999786376953,102.5199966430664,65.93431854248047,21540700,0.0,0.0,0.0
2002-06-20,102.26000213623047,103.05000305175781,100.95999908447266,101.20999908447266,65.091796875,25691000,0.0,0.0,0.0
2002-06-21,100.47000122070312,100.93000030517578,98.68000030517578,99.27999877929688,64.07400512695312,31190700,0.353,0.0,0.0
2002-06-24,98.61000061035156,100.69000244140625,97.25,99.80000305175781,64.40962219238281,37169700,0.0,0.0,0.0
2002-06-25,100.30000305175781,100.88999938964844,97.54000091552734,97.55999755859375,62.963966369628906,33355000,0.0,0.0,0.0
2002-06-26,95.19999694824219,98.1500015258789,95.19000244140625,97.72000122070312,63.067222595214844,37913600,0.0,0.0,0.0
2002-06-27,98.5,99.48999786376953,96.56999969482422,99.43000030517578,64.17081451416016,31616400,0.0,0.0,0.0
2002-06-28,99.23999786376953,100.5,98.87999725341797,98.95999908447266,63.86751174926758,28184200,0.0,0.0,0.0
2002-07-01,99.18000030517578,99.80000305175781,96.88999938964844,97.02999877929688,62.621891021728516,20270200,0.0,0.0,0.0
2002-07-02,96.86000061035156,97.19999694824219,94.7699966430664,94.97000122070312,61.29240036010742,34213900,0.0,0.0,0.0
2002-07-03,94.62000274658203,95.83999633789062,93.72000122070312,95.51000213623047,61.64088821411133,30565800,0.0,0.0,0.0
2002-07-05,96.77999877929688,99.52999877929688,96.66000366210938,99.30999755859375,64.0933837890625,19013500,0.0,0.0,0.0
2002-07-08,98.9800033569336,99.69999694824219,97.55999755859375,98.06999969482422,63.29308319091797,19118600,0.0,0.0,0.0
2002-07-09,97.7300033569336,98.33999633789062,95.01000213623047,95.5999984741211,61.69898223876953,28620400,0.0,0.0,0.0
2002-07-10,96.0,96.06999969482422,92.04000091552734,92.12000274658203,59.453025817871094,50522500,0.0,0.0,0.0
2002-07-11,91.76000213623047,93.3499984741211,90.31999969482422,92.87000274658203,59.93708419799805,59476500,0.0,0.0,0.0
2002-07-12,93.33000183105469,93.88999938964844,91.5199966430664,91.8499984741211,59.2787971496582,39018600,0.0,0.0,0.0
2002-07-15,91.63999938964844,92.4000015258789,87.88999938964844,92.33999633789062,59.59504318237305,77317200,0.0,0.0,0.0
2002-07-16,91.12000274658203,92.37999725341797,89.87000274658203,90.55999755859375,58.44624328613281,53282400,0.0,0.0,0.0
2002-07-17,92.45999908447266,93.30000305175781,89.75,90.73999786376953,58.56241226196289,48880600,0.0,0.0,0.0
2002-07-18,90.69999694824219,91.0999984741211,87.75,87.80000305175781,56.66496276855469,32656700,0.0,0.0,0.0
2002-07-19,86.76000213623047,87.55000305175781,84.30000305175781,84.70999908447266,54.67071533203125,77572600,0.0,0.0,0.0
2002-07-22,84.0999984741211,85.91000366210938,81.44999694824219,82.19999694824219,53.050819396972656,78134000,0.0,0.0,0.0
2002-07-23,82.55000305175781,83.23999786376953,79.75,79.94999694824219,51.59868621826172,74484100,0.0,0.0,0.0
2002-07-24,78.12999725341797,85.12000274658203,77.68000030517578,84.72000122070312,54.67719268798828,107022800,0.0,0.0,0.0
2002-07-25,84.2699966430664,85.8499984741211,81.5999984741211,84.0,54.21251678466797,87176600,0.0,0.0,0.0
2002-07-26,84.6500015258789,85.93000030517578,83.80000305175781,85.5999984741211,55.2451286315918,41206800,0.0,0.0,0.0
2002-07-29,87.5,90.33999633789062,87.30000305175781,89.7699966430664,57.93639373779297,53492900,0.0,0.0,0.0
2002-07-30,89.31999969482422,91.4000015258789,88.72000122070312,90.94000244140625,58.69148635864258,47532200,0.0,0.0,0.0
2002-07-31,90.48999786376953,91.55000305175781,89.25,91.16000366210938,58.833473205566406,44669900,0.0,0.0,0.0
2002-08-01,90.87999725341797,91.3499984741211,88.33000183105469,88.77999877929688,57.29745101928711,66571900,0.0,0.0,0.0
2002-08-02,88.5,88.91000366210938,85.62000274658203,86.79000091552734,56.013118743896484,51772900,0.0,0.0,0.0
2002-08-05,86.48999786376953,86.93000030517578,83.55000305175781,83.7699966430664,54.064083099365234,47191300,0.0,0.0,0.0
2002-08-06,85.2300033569336,87.9000015258789,85.11000061035156,86.58999633789062,55.88404846191406,64730000,0.0,0.0,0.0
2002-08-07,87.87000274658203,88.5,85.7699966430664,88.0999984741211,56.85859680175781,43289400,0.0,0.0,0.0
2002-08-08,88.41999816894531,91.0999984741211,87.80000305175781,90.94999694824219,58.69792556762695,48339800,0.0,0.0,0.0
2002-08-09,90.0999984741211,91.94000244140625,89.3499984741211,91.29000091552734,58.9173698425293,41879200,0.0,0.0,0.0
2002-08-12,89.98999786376953,91.2699966430664,89.55000305175781,90.62000274658203,58.484954833984375,25841700,0.0,0.0,0.0
2002-08-13,90.1500015258789,91.66000366210938,88.6500015258789,88.97000122070312,57.42008972167969,49690500,0.0,0.0,0.0
2002-08-14,89.0199966430664,92.62999725341797,88.0199966430664,92.22000122070312,59.517578125,57423600,0.0,0.0,0.0
2002-08-15,92.83999633789062,93.98999786376953,92.19999694824219,93.5,60.34367370605469,45551500,0.0,0.0,0.0
2002-08-16,92.81999969482422,94.08000183105469,92.0,93.22000122070312,60.1629638671875,36517300,0.0,0.0,0.0
2002-08-19,93.45999908447266,95.75,93.0999984741211,95.4000015258789,61.569942474365234,33669900,0.0,0.0,0.0
2002-08-20,94.81999969482422,95.4000015258789,93.62000274658203,94.38999938964844,60.91808319091797,30508300,0.0,0.0,0.0
2002-08-21,95.05999755859375,95.77999877929688,93.56999969482422,95.75,61.79579162597656,39628900,0.0,0.0,0.0
2002-08-22,95.48999786376953,97.1500015258789,95.06999969482422,96.68000030517578,62.39600372314453,38399800,0.0,0.0,0.0
2002-08-23,96.01000213623047,96.1500015258789,94.1500015258789,94.5999984741211,61.05360794067383,33716400,0.0,0.0,0.0
2002-08-26,94.91000366210938,95.63999938964844,93.5,95.26000213623047,61.47954559326172,33830100,0.0,0.0,0.0
2002-08-27,95.69999694824219,96.25,93.5,94.16000366210938,60.76963424682617,35335700,0.0,0.0,0.0
2002-08-28,93.27999877929688,93.48999786376953,91.80000305175781,92.0999984741211,59.44016647338867,38970600,0.0,0.0,0.0
2002-08-29,91.2699966430664,93.05000305175781,90.80999755859375,92.13999938964844,59.46599578857422,42965700,0.0,0.0,0.0
2002-08-30,91.68000030517578,93.38999938964844,91.4000015258789,91.77999877929688,59.233638763427734,30366700,0.0,0.0,0.0
2002-09-03,90.7300033569336,91.0,88.1500015258789,88.27999877929688,56.97475814819336,76586400,0.0,0.0,0.0
2002-09-04,88.61000061035156,90.25,88.05999755859375,89.54000091552734,57.78794479370117,51099500,0.0,0.0,0.0
2002-09-05,88.48999786376953,89.43000030517578,87.5,88.77999877929688,57.29745101928711,67250900,0.0,0.0,0.0
2002-09-06,89.75,90.56999969482422,89.33999633789062,90.0,58.08481216430664,38622200,0.0,0.0,0.0
2002-09-09,89.0999984741211,91.3499984741211,88.80000305175781,90.66000366210938,58.51078796386719,33998400,0.0,0.0,0.0
2002-09-10,91.13999938964844,91.77999877929688,90.55999755859375,91.69999694824219,59.181968688964844,41416600,0.0,0.0,0.0
2002-09-11,92.47000122070312,93.33000183105469,91.0999984741211,91.12999725341797,58.81412887573242,27711200,0.0,0.0,0.0
2002-09-12,90.75,90.83999633789062,88.98999786376953,89.44999694824219,57.72986602783203,43601700,0.0,0.0,0.0
2002-09-13,88.69000244140625,89.9000015258789,88.25,89.66999816894531,57.871864318847656,41131000,0.0,0.0,0.0
2002-09-16,89.30999755859375,89.88999938964844,88.45999908447266,89.88999938964844,58.01383972167969,28167600,0.0,0.0,0.0
2002-09-17,90.88999938964844,91.19000244140625,87.75,87.83000183105469,56.6843376159668,47609700,0.0,0.0,0.0
2002-09-18,87.01000213623047,88.5,86.27999877929688,86.94999694824219,56.11640548706055,54719400,0.0,0.0,0.0
2002-09-19,85.98999786376953,86.80000305175781,84.69999694824219,84.69999694824219,54.664302825927734,48510500,0.0,0.0,0.0
2002-09-20,84.91999816894531,85.19999694824219,84.05000305175781,84.3499984741211,54.68243408203125,46325600,0.378,0.0,0.0
2002-09-23,83.6500015258789,84.05999755859375,82.69000244140625,83.66000366210938,54.23512649536133,46893800,0.0,0.0,0.0
2002-09-24,82.44000244140625,83.6500015258789,81.8499984741211,82.30999755859375,53.359901428222656,69507000,0.0,0.0,0.0
2002-09-25,83.37000274658203,84.7699966430664,82.04000091552734,84.3499984741211,54.68243408203125,59294400,0.0,0.0,0.0
2002-09-26,85.0199966430664,85.97000122070312,84.44999694824219,85.7300033569336,55.5770378112793,53638000,0.0,0.0,0.0
2002-09-27,85.0,85.62999725341797,82.75,82.75,53.645198822021484,64648300,0.0,0.0,0.0
2002-09-30,82.0,82.80000305175781,80.9000015258789,81.79000091552734,53.02281951904297,73096400,0.0,0.0,0.0
2002-10-01,82.43000030517578,85.7699966430664,81.47000122070312,85.72000122070312,55.570587158203125,67198100,0.0,0.0,0.0
2002-10-02,84.69000244140625,85.52999877929688,82.5999984741211,83.1500015258789,53.90447998046875,56749100,0.0,0.0,0.0
2002-10-03,83.13999938964844,84.5999984741211,81.94999694824219,82.30999755859375,53.359901428222656,55547000,0.0,0.0,0.0
2002-10-04,82.80000305175781,82.91999816894531,79.58000183105469,80.80000305175781,52.38102722167969,68483700,0.0,0.0,0.0
2002-10-07,80.05999755859375,81.19999694824219,78.55000305175781,79.12999725341797,51.29840087890625,53188000,0.0,0.0,0.0
2002-10-08,79.80999755859375,81.30999755859375,78.19999694824219,80.37000274658203,52.10227584838867,79531000,0.0,0.0,0.0
2002-10-09,79.08999633789062,79.69999694824219,77.77999877929688,78.0999984741211,50.63069152832031,79956400,0.0,0.0,0.0
2002-10-10,77.94000244140625,81.06999969482422,77.06999969482422,80.62999725341797,52.27082824707031,76749000,0.0,0.0,0.0
2002-10-11,82.0999984741211,84.7300033569336,81.81999969482422,84.16000366210938,54.55925369262695,82308300,0.0,0.0,0.0
2002-10-14,83.19999694824219,84.8499984741211,83.04000091552734,84.62999725341797,54.86393356323242,40631900,0.0,0.0,0.0
2002-10-15,86.98999786376953,88.72000122070312,86.8499984741211,88.69999694824219,57.5024528503418,82320300,0.0,0.0,0.0
2002-10-16,87.41000366210938,87.80000305175781,85.91999816894531,86.55000305175781,56.1086311340332,62977800,0.0,0.0,0.0
2002-10-17,88.87000274658203,89.30000305175781,87.8499984741211,88.2699966430664,57.22367477416992,68534100,0.0,0.0,0.0
2002-10-18,87.6500015258789,89.11000061035156,86.93000030517578,88.63999938964844,57.46351623535156,47448700,0.0,0.0,0.0
2002-10-21,88.12000274658203,90.5,87.56999969482422,90.16999816894531,58.45540237426758,45859100,0.0,0.0,0.0
2002-10-22,89.05000305175781,90.01000213623047,88.5199966430664,89.5199966430664,58.03404235839844,40966800,0.0,0.0,0.0
2002-10-23,88.7699966430664,90.2699966430664,87.68000030517578,90.19999694824219,58.474876403808594,54905800,0.0,0.0,0.0
2002-10-24,90.75,90.9000015258789,88.0999984741211,88.36000061035156,57.28205108642578,54987400,0.0,0.0,0.0
2002-10-25,88.20999908447266,90.38999938964844,87.94000244140625,90.19999694824219,58.474876403808594,43672100,0.0,0.0,0.0
2002-10-28,91.1500015258789,91.29000091552734,88.8499984741211,89.61000061035156,58.092384338378906,39416100,0.0,0.0,0.0
2002-10-29,89.08000183105469,89.48999786376953,87.0,88.56999969482422,57.41817855834961,59508200,0.0,0.0,0.0
2002-10-30,88.68000030517578,89.95999908447266,88.2300033569336,89.43000030517578,57.97569274902344,41688600,0.0,0.0,0.0
2002-10-31,89.66000366210938,90.30000305175781,88.19000244140625,88.5199966430664,57.38576126098633,41620600,0.0,0.0,0.0
2002-11-01,88.3499984741211,90.81999969482422,88.05000305175781,90.2699966430664,58.52023696899414,51878900,0.0,0.0,0.0
2002-11-04,91.80000305175781,92.94000244140625,90.9000015258789,91.12999725341797,59.07777404785156,49080600,0.0,0.0,0.0
2002-11-05,90.83999633789062,92.06999969482422,90.83999633789062,91.8499984741211,59.544517517089844,37270800,0.0,0.0,0.0
2002-11-06,92.4800033569336,93.06999969482422,90.79000091552734,93.04000091552734,60.31598663330078,65013100,0.0,0.0,0.0
2002-11-07,92.0199966430664,92.22000122070312,90.22000122070312,90.76000213623047,58.837890625,51572000,0.0,0.0,0.0
2002-11-08,90.52999877929688,91.56999969482422,89.5199966430664,89.6500015258789,58.11832046508789,37905400,0.0,0.0,0.0
2002-11-11,89.51000213623047,89.55999755859375,87.80000305175781,88.26000213623047,57.217201232910156,33505100,0.0,0.0,0.0
2002-11-12,88.66000366210938,89.93000030517578,88.37000274658203,88.95999908447266,57.6710090637207,37724500,0.0,0.0,0.0
2002-11-13,88.31999969482422,89.73999786376953,87.44999694824219,89.05000305175781,57.72934341430664,63891500,0.0,0.0,0.0
2002-11-14,90.06999969482422,91.0,89.75,90.7300033569336,58.81846237182617,31896800,0.0,0.0,0.0
2002-11-15,90.0,91.55000305175781,89.94999694824219,91.4000015258789,59.25282287597656,39152100,0.0,0.0,0.0
2002-11-18,92.1500015258789,92.1500015258789,90.3499984741211,90.4800033569336,58.65639114379883,28934800,0.0,0.0,0.0
2002-11-19,90.0199966430664,91.0999984741211,89.76000213623047,90.36000061035156,58.57861328125,32806600,0.0,0.0,0.0
2002-11-20,89.9800033569336,92.41999816894531,89.94999694824219,92.37000274658203,59.88163375854492,36688400,0.0,0.0,0.0
2002-11-21,92.5999984741211,94.19000244140625,92.43000030517578,94.08999633789062,60.99665832519531,55128200,0.0,0.0,0.0
2002-11-22,93.4800033569336,94.2699966430664,93.2699966430664,93.41999816894531,60.56230163574219,32513800,0.0,0.0,0.0
2002-11-25,93.43000030517578,94.26000213623047,92.7699966430664,93.4800033569336,60.60121154785156,33846400,0.0,0.0,0.0
2002-11-26,93.06999969482422,93.44999694824219,91.62000274658203,91.69999694824219,59.447288513183594,42284700,0.0,0.0,0.0
2002-11-27,92.5199966430664,94.6500015258789,92.43000030517578,94.27999877929688,61.119850158691406,37764000,0.0,0.0,0.0
2002-11-29,94.80000305175781,94.94999694824219,93.7699966430664,93.9800033569336,60.92536544799805,19385700,0.0,0.0,0.0
2002-12-02,95.47000122070312,96.05000305175781,93.22000122070312,94.12999725341797,61.02259063720703,49911900,0.0,0.0,0.0
2002-12-03,93.25,93.4000015258789,92.3499984741211,92.87000274658203,60.20573806762695,34407700,0.0,0.0,0.0
2002-12-04,91.7699966430664,93.13999938964844,91.43000030517578,92.44999694824219,59.9334831237793,64040800,0.0,0.0,0.0
2002-12-05,92.7300033569336,92.80000305175781,91.0999984741211,91.43000030517578,59.27225875854492,36724900,0.0,0.0,0.0
2002-12-06,90.12000274658203,92.16999816894531,89.9800033569336,92.02999877929688,59.66122055053711,49824100,0.0,0.0,0.0
2002-12-09,91.06999969482422,91.45999908447266,89.4800033569336,89.5,58.02107620239258,36789600,0.0,0.0,0.0
2002-12-10,90.0199966430664,91.0999984741211,89.76000213623047,90.69999694824219,58.79899597167969,33319900,0.0,0.0,0.0
2002-12-11,90.41999816894531,91.62000274658203,90.16000366210938,90.77999877929688,58.850852966308594,39201000,0.0,0.0,0.0
2002-12-12,91.19999694824219,91.48999786376953,90.19999694824219,90.7699966430664,58.844398498535156,34465600,0.0,0.0,0.0
2002-12-13,89.91000366210938,90.4800033569336,89.2699966430664,89.33999633789062,57.91733932495117,36862200,0.0,0.0,0.0
2002-12-16,89.81999969482422,91.79000091552734,89.66000366210938,91.6500015258789,59.41485595703125,37098400,0.0,0.0,0.0
2002-12-17,91.37000274658203,91.73999786376953,90.73999786376953,90.8499984741211,58.896263122558594,32353900,0.0,0.0,0.0
2002-12-18,90.31999969482422,90.4000015258789,89.33000183105469,89.80000305175781,58.21554946899414,35612600,0.0,0.0,0.0
2002-12-19,89.3499984741211,90.69999694824219,88.5999984741211,89.16000366210938,57.800682067871094,39264200,0.0,0.0,0.0
2002-12-20,89.19999694824219,90.0199966430664,89.0999984741211,89.98999786376953,58.625404357910156,31176900,0.436,0.0,0.0
2002-12-23,89.58999633789062,90.47000122070312,89.30999755859375,90.0199966430664,58.64496612548828,22599300,0.0,0.0,0.0
2002-12-24,89.58999633789062,89.86000061035156,89.25,89.3499984741211,58.20846939086914,10937000,0.0,0.0,0.0
2002-12-26,89.69999694824219,90.61000061035156,88.83999633789062,89.38999938964844,58.2345085144043,17485600,0.0,0.0,0.0
2002-12-27,88.95999908447266,89.29000091552734,87.37999725341797,87.37999725341797,56.925079345703125,22205700,0.0,0.0,0.0
2002-12-30,87.79000091552734,88.47000122070312,87.22000122070312,88.11000061035156,57.40066909790039,29968000,0.0,0.0,0.0
2002-12-31,87.98999786376953,88.43000030517578,87.11000061035156,88.2300033569336,57.47882843017578,34036600,0.0,0.0,0.0
2003-01-02,88.8499984741211,91.30000305175781,88.54000091552734,91.06999969482422,59.32898712158203,44516300,0.0,0.0,0.0
2003-01-03,90.91000366210938,91.37999725341797,90.5,91.3499984741211,59.51141357421875,32222600,0.0,0.0,0.0
2003-01-06,91.23999786376953,93.48999786376953,91.16999816894531,92.95999908447266,60.56025695800781,40984500,0.0,0.0,0.0
2003-01-07,92.9000015258789,93.37000274658203,92.19999694824219,92.7300033569336,60.410438537597656,38640400,0.0,0.0,0.0
2003-01-08,92.19999694824219,92.4000015258789,91.05000305175781,91.38999938964844,59.53749465942383,38702200,0.0,0.0,0.0
2003-01-09,91.81999969482422,93.18000030517578,91.41000366210938,92.80999755859375,60.4625129699707,34804900,0.0,0.0,0.0
2003-01-10,91.94999694824219,93.63999938964844,91.80000305175781,93.05999755859375,60.62540054321289,37768900,0.0,0.0,0.0
2003-01-13,93.54000091552734,93.86000061035156,92.44000244140625,93.02999877929688,60.605873107910156,31649900,0.0,0.0,0.0
2003-01-14,92.69000244140625,93.83000183105469,92.41000366210938,93.33000183105469,60.80134201049805,30733000,0.0,0.0,0.0
2003-01-15,93.54000091552734,93.56999969482422,91.91000366210938,92.4000015258789,60.195430755615234,33511800,0.0,0.0,0.0
2003-01-16,92.5,92.93000030517578,91.44999694824219,92.0199966430664,59.947906494140625,44812100,0.0,0.0,0.0
2003-01-17,90.98999786376953,92.30000305175781,90.1500015258789,90.66000366210938,59.06188201904297,35618300,0.0,0.0,0.0
2003-01-21,90.87000274658203,90.91999816894531,88.94999694824219,89.25,58.1433219909668,36826200,0.0,0.0,0.0
2003-01-22,88.7699966430664,89.80000305175781,88.0,88.16999816894531,57.439727783203125,42286500,0.0,0.0,0.0
2003-01-23,88.75,89.37999725341797,87.94999694824219,88.70999908447266,57.79154586791992,55919800,0.0,0.0,0.0
2003-01-24,88.58999633789062,88.68000030517578,86.16999816894531,86.37999725341797,56.273597717285156,68633900,0.0,0.0,0.0
2003-01-27,85.7300033569336,86.80000305175781,84.5,85.19999694824219,55.504878997802734,57884400,0.0,0.0,0.0
2003-01-28,85.62999725341797,86.4000015258789,85.12999725341797,85.83000183105469,55.91531753540039,46929100,0.0,0.0,0.0
2003-01-29,85.41999816894531,87.18000030517578,84.7699966430664,86.4800033569336,56.338783264160156,53712200,0.0,0.0,0.0
2003-01-30,86.79000091552734,86.87999725341797,84.4000015258789,84.43000030517578,55.00325012207031,49845900,0.0,0.0,0.0
2003-01-31,84.1500015258789,86.20999908447266,84.1500015258789,86.05999755859375,56.06515884399414,55317000,0.0,0.0,0.0
2003-02-03,86.13999938964844,86.80999755859375,85.91999816894531,86.2300033569336,56.17588806152344,39696000,0.0,0.0,0.0
2003-02-04,85.30999755859375,85.75,84.30000305175781,85.37999725341797,55.62212371826172,43633400,0.0,0.0,0.0
2003-02-05,85.75,86.54000091552734,84.4800033569336,84.8499984741211,55.2768669128418,55270600,0.0,0.0,0.0
2003-02-06,84.37000274658203,84.88999938964844,83.6500015258789,84.44999694824219,55.016300201416016,53638000,0.0,0.0,0.0
2003-02-07,84.91000366210938,84.98999786376953,82.97000122070312,83.41999816894531,54.34528350830078,43165000,0.0,0.0,0.0
2003-02-10,83.45999908447266,84.12999725341797,82.6500015258789,84.01000213623047,54.72965621948242,45455900,0.0,0.0,0.0
2003-02-11,84.37000274658203,84.87999725341797,82.83000183105469,83.43000030517578,54.3517951965332,46861000,0.0,0.0,0.0
2003-02-12,83.16000366210938,83.62000274658203,82.08999633789062,82.0999984741211,53.485355377197266,35873600,0.0,0.0,0.0
2003-02-13,82.1500015258789,82.66000366210938,81.0,82.3499984741211,53.648193359375,57934100,0.0,0.0,0.0
2003-02-14,82.37000274658203,84.19999694824219,81.81999969482422,84.1500015258789,54.82085418701172,59580900,0.0,0.0,0.0
2003-02-18,84.52999877929688,85.80000305175781,84.38999938964844,85.62999725341797,55.78501510620117,39492700,0.0,0.0,0.0
2003-02-19,85.31999969482422,85.47000122070312,84.27999877929688,85.18000030517578,55.491878509521484,31432000,0.0,0.0,0.0
2003-02-20,85.20999908447266,85.41999816894531,84.05000305175781,84.33000183105469,54.938114166259766,29280100,0.0,0.0,0.0
2003-02-21,84.37999725341797,85.73999786376953,83.45999908447266,85.18000030517578,55.491878509521484,60955800,0.0,0.0,0.0
2003-02-24,84.93000030517578,85.0,83.58999633789062,83.80000305175781,54.59284591674805,30628600,0.0,0.0,0.0
2003-02-25,82.94999694824219,84.48999786376953,82.22000122070312,84.47000122070312,55.0293083190918,56770600,0.0,0.0,0.0
2003-02-26,84.0199966430664,84.52999877929688,83.08000183105469,83.23999786376953,54.22800827026367,37787200,0.0,0.0,0.0
2003-02-27,83.69999694824219,84.75,83.16000366210938,84.33999633789062,54.944602966308594,51126000,0.0,0.0,0.0
2003-02-28,84.47000122070312,85.2300033569336,84.16000366210938,84.9000015258789,55.309452056884766,43666800,0.0,0.0,0.0
2003-03-03,85.26000213623047,85.77999877929688,83.72000122070312,84.08999633789062,54.781768798828125,42923100,0.0,0.0,0.0
2003-03-04,83.94999694824219,84.01000213623047,82.6500015258789,82.75,53.90879440307617,31440500,0.0,0.0,0.0
2003-03-05,82.61000061035156,83.54000091552734,82.36000061035156,83.44999694824219,54.364830017089844,43974700,0.0,0.0,0.0
2003-03-06,82.87000274658203,83.5199966430664,82.47000122070312,82.75,53.90879440307617,41217700,0.0,0.0,0.0
2003-03-07,81.61000061035156,83.98999786376953,81.43000030517578,83.31999969482422,54.2801513671875,63538000,0.0,0.0,0.0
2003-03-10,82.5999984741211,82.86000061035156,81.0999984741211,81.31999969482422,52.977230072021484,41014100,0.0,0.0,0.0
2003-03-11,81.4800033569336,82.0,80.4800033569336,80.5199966430664,52.45603942871094,48102700,0.0,0.0,0.0
2003-03-12,80.37999725341797,81.0999984741211,79.37999725341797,81.05999755859375,52.80781555175781,62459800,0.0,0.0,0.0
2003-03-13,82.18000030517578,83.91000366210938,81.52999877929688,83.86000061035156,54.63195037841797,72117800,0.0,0.0,0.0
2003-03-14,84.19999694824219,84.7699966430664,83.3499984741211,84.12999725341797,54.8078498840332,63951800,0.0,0.0,0.0
2003-03-17,83.45999908447266,86.94999694824219,83.22000122070312,86.77999877929688,56.534210205078125,88217500,0.0,0.0,0.0
2003-03-18,87.1500015258789,87.3499984741211,86.27999877929688,87.29000091552734,56.86642837524414,50792300,0.0,0.0,0.0
2003-03-19,87.27999877929688,88.16000366210938,86.68000030517578,87.95999908447266,57.30292510986328,49630800,0.0,0.0,0.0
2003-03-20,87.33000183105469,88.58999633789062,86.3499984741211,88.1500015258789,57.42672348022461,67321600,0.0,0.0,0.0
2003-03-21,88.80000305175781,89.87999725341797,87.93000030517578,89.66999816894531,58.652469635009766,71165300,0.354,0.0,0.0
2003-03-24,88.0199966430664,88.13999938964844,86.3499984741211,86.69000244140625,56.703285217285156,65398900,0.0,0.0,0.0
2003-03-25,86.73999786376953,88.26000213623047,86.44000244140625,87.5199966430664,57.246177673339844,61040100,0.0,0.0,0.0
2003-03-26,87.55999755859375,87.8499984741211,86.80000305175781,87.08000183105469,56.95840072631836,45740800,0.0,0.0,0.0
2003-03-27,86.4000015258789,87.66000366210938,85.98999786376953,87.1500015258789,57.004180908203125,53120200,0.0,0.0,0.0
2003-03-28,86.47000122070312,87.27999877929688,86.25,86.70999908447266,56.716373443603516,32583000,0.0,0.0,0.0
2003-03-31,85.3499984741211,86.58999633789062,84.4000015258789,84.73999786376953,55.42780685424805,61119500,0.0,0.0,0.0
2003-04-01,85.25,86.38999938964844,84.91000366210938,86.04000091552734,56.27811813354492,53574000,0.0,0.0,0.0
2003-04-02,87.54000091552734,88.7699966430664,87.5,88.12000274658203,57.63862991333008,50431200,0.0,0.0,0.0
2003-04-03,88.87000274658203,88.98999786376953,87.6500015258789,87.69999694824219,57.36391830444336,48755500,0.0,0.0,0.0
2003-04-04,88.43000030517578,88.58999633789062,87.62000274658203,88.22000122070312,57.70405960083008,36250100,0.0,0.0,0.0
2003-04-07,90.33999633789062,90.8499984741211,87.97000122070312,88.05000305175781,57.59283447265625,69776200,0.0,0.0,0.0
2003-04-08,88.30000305175781,88.6500015258789,87.70999908447266,88.19000244140625,57.68441390991211,39712700,0.0,0.0,0.0
2003-04-09,88.36000061035156,89.0999984741211,86.7699966430664,87.02999877929688,56.92567443847656,55647300,0.0,0.0,0.0
2003-04-10,87.08999633789062,87.62999725341797,85.70999908447266,87.51000213623047,57.23963928222656,41812400,0.0,0.0,0.0
2003-04-11,88.16000366210938,88.69999694824219,86.86000061035156,87.1500015258789,57.004180908203125,47730100,0.0,0.0,0.0
2003-04-14,87.47000122070312,89.0,87.0,88.94999694824219,58.18152618408203,36711700,0.0,0.0,0.0
2003-04-15,88.83999633789062,89.77999877929688,88.41999816894531,89.77999877929688,58.724430084228516,49709800,0.0,0.0,0.0
2003-04-16,89.91000366210938,90.05999755859375,88.02999877929688,88.25,57.723655700683594,51788000,0.0,0.0,0.0
2003-04-17,88.30000305175781,89.72000122070312,88.19000244140625,89.55999755859375,58.580501556396484,37403100,0.0,0.0,0.0
2003-04-21,89.86000061035156,90.16000366210938,89.05999755859375,89.6500015258789,58.63941955566406,32052700,0.0,0.0,0.0
2003-04-22,89.0999984741211,91.55999755859375,88.88999938964844,91.33999633789062,59.74480438232422,59763600,0.0,0.0,0.0
2003-04-23,91.62000274658203,92.3499984741211,91.23999786376953,92.18000030517578,60.29426956176758,44227100,0.0,0.0,0.0
2003-04-24,91.52999877929688,92.08000183105469,90.95999908447266,91.36000061035156,59.75790786743164,49692400,0.0,0.0,0.0
2003-04-25,91.30000305175781,91.47000122070312,90.0199966430664,90.2300033569336,59.01877212524414,43917200,0.0,0.0,0.0
2003-04-28,90.44000244140625,92.19000244140625,90.30000305175781,91.79000091552734,60.03915023803711,46432900,0.0,0.0,0.0
2003-04-29,92.13999938964844,92.80000305175781,91.4000015258789,92.11000061035156,60.24847412109375,52017100,0.0,0.0,0.0
2003-04-30,91.91000366210938,92.56999969482422,91.41000366210938,91.91000366210938,60.11766052246094,48709100,0.0,0.0,0.0
2003-05-01,91.91999816894531,92.7300033569336,90.5,91.9000015258789,60.11112976074219,50240400,0.0,0.0,0.0
2003-05-02,91.55999755859375,93.47000122070312,91.48999786376953,93.20999908447266,60.96794509887695,50201500,0.0,0.0,0.0
2003-05-05,93.47000122070312,93.77999877929688,92.5,93.02999877929688,60.8502311706543,35437800,0.0,0.0,0.0
2003-05-06,93.04000091552734,94.37999725341797,93.0,93.91000366210938,61.42583084106445,44401000,0.0,0.0,0.0
2003-05-07,93.41999816894531,94.13999938964844,92.97000122070312,93.38999938964844,61.08570098876953,41413100,0.0,0.0,0.0
2003-05-08,92.5199966430664,93.33000183105469,92.27999877929688,92.44999694824219,60.47085189819336,40570700,0.0,0.0,0.0
2003-05-09,92.83000183105469,93.80000305175781,92.61000061035156,93.7300033569336,61.30807113647461,33608100,0.0,0.0,0.0
2003-05-12,93.5,95.12000274658203,93.27999877929688,94.87999725341797,62.06027603149414,35662300,0.0,0.0,0.0
2003-05-13,94.52999877929688,95.18000030517578,94.26000213623047,94.70999908447266,61.949119567871094,39253600,0.0,0.0,0.0
2003-05-14,95.08999633789062,95.23999786376953,93.91000366210938,94.51000213623047,61.81827926635742,32195100,0.0,0.0,0.0
2003-05-15,94.88999938964844,95.33000183105469,94.25,95.11000061035156,62.21074676513672,43879200,0.0,0.0,0.0
2003-05-16,94.88999938964844,95.44999694824219,94.26000213623047,94.87000274658203,62.05378723144531,38905000,0.0,0.0,0.0
2003-05-19,94.1500015258789,94.41999816894531,92.33000183105469,92.6500015258789,60.601688385009766,41606000,0.0,0.0,0.0
2003-05-20,92.81999969482422,93.02999877929688,91.58999633789062,92.45999908447266,60.477386474609375,55404600,0.0,0.0,0.0
2003-05-21,92.11000061035156,92.87999725341797,91.91000366210938,92.6500015258789,60.601688385009766,49333800,0.0,0.0,0.0
2003-05-22,92.94999694824219,94.05000305175781,92.68000030517578,93.56999969482422,61.20344543457031,38421800,0.0,0.0,0.0
2003-05-23,93.52999877929688,93.9800033569336,93.13999938964844,93.76000213623047,61.327720642089844,26155900,0.0,0.0,0.0
2003-05-27,93.30000305175781,95.83999633789062,93.06999969482422,95.4000015258789,62.400447845458984,43719200,0.0,0.0,0.0
2003-05-28,95.8499984741211,96.47000122070312,95.43000030517578,95.66999816894531,62.57703399658203,37727100,0.0,0.0,0.0
2003-05-29,95.87999725341797,96.81999969482422,95.08000183105469,95.41999816894531,62.41352081298828,50844200,0.0,0.0,0.0
2003-05-30,95.9000015258789,97.08999633789062,95.55999755859375,96.94999694824219,63.414302825927734,52529500,0.0,0.0,0.0
2003-06-02,97.52999877929688,98.44999694824219,96.66999816894531,97.3499984741211,63.6759147644043,50305500,0.0,0.0,0.0
2003-06-03,97.1500015258789,97.83999633789062,96.8499984741211,97.75,63.937538146972656,38254500,0.0,0.0,0.0
2003-06-04,97.66000366210938,99.3499984741211,97.56999969482422,99.16000366210938,64.85982513427734,49360700,0.0,0.0,0.0
2003-06-05,98.58000183105469,99.6500015258789,98.2699966430664,99.6500015258789,65.18034362792969,46262400,0.0,0.0,0.0
2003-06-06,100.4000015258789,101.4000015258789,99.12999725341797,99.26000213623047,64.92523956298828,60356800,0.0,0.0,0.0
2003-06-09,98.7699966430664,99.0999984741211,97.7699966430664,98.25,64.26457977294922,37808500,0.0,0.0,0.0
2003-06-10,98.45999908447266,99.26000213623047,98.19000244140625,99.25,64.91871643066406,29965900,0.0,0.0,0.0
2003-06-11,99.16000366210938,100.38999938964844,98.70999908447266,100.30000305175781,65.60548400878906,37610200,0.0,0.0,0.0
2003-06-12,100.75,100.9000015258789,99.62000274658203,100.61000061035156,65.80825805664062,36442000,0.0,0.0,0.0
2003-06-13,100.61000061035156,100.75,98.94999694824219,99.55999755859375,65.12144470214844,48628300,0.0,0.0,0.0
2003-06-16,99.95999908447266,101.69999694824219,99.80000305175781,101.66000366210938,66.49508666992188,36326300,0.0,0.0,0.0
2003-06-17,102.06999969482422,102.18000030517578,101.2300033569336,101.66000366210938,66.49508666992188,36801800,0.0,0.0,0.0
2003-06-18,101.29000091552734,102.13999938964844,101.0,101.56999969482422,66.43618774414062,35521000,0.0,0.0,0.0
2003-06-19,101.63999938964844,101.7300033569336,99.83999633789062,100.0199966430664,65.42233276367188,43551700,0.0,0.0,0.0
2003-06-20,100.38999938964844,100.5,99.41999816894531,99.44000244140625,65.27794647216797,41545000,0.36,0.0,0.0
2003-06-23,99.44999694824219,99.66000366210938,97.91999816894531,98.41999816894531,64.60836029052734,34237500,0.0,0.0,0.0
2003-06-24,98.22000122070312,99.08999633789062,98.0199966430664,98.5199966430664,64.67399597167969,36213600,0.0,0.0,0.0
2003-06-25,98.52999877929688,99.44000244140625,97.52999877929688,97.52999877929688,64.02410125732422,47743400,0.0,0.0,0.0
2003-06-26,97.77999877929688,98.9800033569336,96.95999908447266,98.80000305175781,64.8578109741211,33477300,0.0,0.0,0.0
2003-06-27,98.75,99.19000244140625,97.58000183105469,97.66000366210938,64.10945129394531,54208800,0.0,0.0,0.0
2003-06-30,98.22000122070312,98.66999816894531,97.47000122070312,97.62999725341797,64.08975982666016,33349000,0.0,0.0,0.0
2003-07-01,97.25,98.8499984741211,96.43000030517578,98.52999877929688,64.68052673339844,51322800,0.0,0.0,0.0
2003-07-02,98.7699966430664,99.79000091552734,98.56999969482422,99.7699966430664,65.49452209472656,34662100,0.0,0.0,0.0
2003-07-03,99.06999969482422,99.8499984741211,97.9000015258789,98.73999786376953,64.81838989257812,30792800,0.0,0.0,0.0
2003-07-07,99.6500015258789,100.9000015258789,99.6500015258789,100.69999694824219,66.10509490966797,31391100,0.0,0.0,0.0
2003-07-08,100.5,101.29000091552734,100.16999816894531,101.1500015258789,66.4004898071289,30952500,0.0,0.0,0.0
2003-07-09,100.91999816894531,101.4000015258789,100.02999877929688,100.58000183105469,66.02630615234375,36528500,0.0,0.0,0.0
2003-07-10,99.83999633789062,100.04000091552734,98.62999725341797,99.30000305175781,65.18602752685547,49777700,0.0,0.0,0.0
2003-07-11,99.38999938964844,100.44999694824219,99.38999938964844,100.23999786376953,65.80310821533203,39976300,0.0,0.0,0.0
2003-07-14,101.19999694824219,101.9000015258789,100.44999694824219,100.7300033569336,66.12474060058594,42114900,0.0,0.0,0.0
2003-07-15,101.37999725341797,101.45999908447266,99.94999694824219,100.51000213623047,65.98033142089844,42573600,0.0,0.0,0.0
2003-07-16,100.80999755859375,100.87000274658203,99.2300033569336,99.91999816894531,65.593017578125,39894200,0.0,0.0,0.0
2003-07-17,99.1500015258789,99.87999725341797,98.16000366210938,98.5,64.66081237792969,52253500,0.0,0.0,0.0
2003-07-18,99.0199966430664,99.80000305175781,98.45999908447266,99.51000213623047,65.3238754272461,35698100,0.0,0.0,0.0
2003-07-21,99.44999694824219,99.48999786376953,97.8499984741211,98.27999877929688,64.51641845703125,34786000,0.0,0.0,0.0
2003-07-22,98.69000244140625,99.41000366210938,97.91999816894531,99.16999816894531,65.10067749023438,49968300,0.0,0.0,0.0
2003-07-23,99.20999908447266,99.44999694824219,98.27999877929688,99.23999786376953,65.14662170410156,37275400,0.0,0.0,0.0
2003-07-24,99.98999786376953,100.33999633789062,98.37000274658203,98.48999786376953,64.65426635742188,40896200,0.0,0.0,0.0
2003-07-25,98.66000366210938,100.29000091552734,98.04000091552734,100.2300033569336,65.79653930664062,43241100,0.0,0.0,0.0
2003-07-28,100.37000274658203,100.9800033569336,99.66999816894531,99.86000061035156,65.55363464355469,34382800,0.0,0.0,0.0
2003-07-29,100.13999938964844,100.26000213623047,98.68000030517578,99.4000015258789,65.25167846679688,53472100,0.0,0.0,0.0
2003-07-30,99.5999984741211,99.75,98.93000030517578,99.16000366210938,65.09412384033203,28363300,0.0,0.0,0.0
2003-07-31,99.9800033569336,100.91000366210938,99.16999816894531,99.38999938964844,65.24510192871094,54937200,0.0,0.0,0.0
2003-08-01,99.19000244140625,99.52999877929688,98.23999786376953,98.51000213623047,64.66744232177734,49321000,0.0,0.0,0.0
2003-08-04,98.30999755859375,99.0,97.0,98.51000213623047,64.66744232177734,55214100,0.0,0.0,0.0
2003-08-05,98.41000366210938,98.76000213623047,96.33999633789062,96.41999816894531,63.2954216003418,61415600,0.0,0.0,0.0
2003-08-06,96.69000244140625,98.05999755859375,96.41999816894531,96.9800033569336,63.66301345825195,50096900,0.0,0.0,0.0
2003-08-07,97.16999816894531,98.06999969482422,96.76000213623047,98.0,64.33265686035156,43427400,0.0,0.0,0.0
2003-08-08,98.31999969482422,98.55000305175781,97.76000213623047,98.27999877929688,64.51641845703125,27357300,0.0,0.0,0.0
2003-08-11,98.26000213623047,99.04000091552734,97.83999633789062,98.6500015258789,64.75930786132812,34631400,0.0,0.0,0.0
2003-08-12,98.70999908447266,99.58999633789062,98.41999816894531,99.55000305175781,65.3501205444336,43285600,0.0,0.0,0.0
2003-08-13,99.81999969482422,99.8499984741211,98.52999877929688,99.04000091552734,65.01536560058594,36152000,0.0,0.0,0.0
2003-08-14,99.0999984741211,99.75,98.44999694824219,99.30999755859375,65.19258117675781,35525100,0.0,0.0,0.0
2003-08-15,99.36000061035156,99.79000091552734,99.12000274658203,99.62000274658203,65.39608764648438,12567000,0.0,0.0,0.0
2003-08-18,99.93000030517578,100.5999984741211,99.73999786376953,100.4800033569336,65.96060943603516,22873800,0.0,0.0,0.0
2003-08-19,100.69000244140625,100.94000244140625,100.0,100.86000061035156,66.21009826660156,37437700,0.0,0.0,0.0
2003-08-20,100.29000091552734,100.88999938964844,100.16000366210938,100.44999694824219,65.94095611572266,21295300,0.0,0.0,0.0
2003-08-21,101.05000305175781,101.5199966430664,100.4000015258789,100.7699966430664,66.15098571777344,46494200,0.0,0.0,0.0
2003-08-22,101.75,101.81999969482422,99.7300033569336,99.7699966430664,65.49452209472656,52040300,0.0,0.0,0.0
2003-08-25,99.70999908447266,100.83000183105469,99.27999877929688,99.93000030517578,65.59960174560547,23473000,0.0,0.0,0.0
2003-08-26,99.5,100.38999938964844,98.83000183105469,100.11000061035156,65.71775817871094,45065800,0.0,0.0,0.0
2003-08-27,100.05000305175781,100.36000061035156,99.56999969482422,100.13999938964844,65.73743438720703,18919500,0.0,0.0,0.0
2003-08-28,100.4000015258789,101.0,99.66000366210938,100.76000213623047,66.14443969726562,27402400,0.0,0.0,0.0
2003-08-29,100.61000061035156,101.4800033569336,100.4800033569336,101.44000244140625,66.5908432006836,28706600,0.0,0.0,0.0
2003-09-02,101.63999938964844,102.87999725341797,101.05000305175781,102.80000305175781,67.48359680175781,49419100,0.0,0.0,0.0
2003-09-03,103.02999877929688,103.69999694824219,102.77999877929688,103.36000061035156,67.85124969482422,44912400,0.0,0.0,0.0
2003-09-04,103.0999984741211,103.55000305175781,102.76000213623047,103.41000366210938,67.88407897949219,28381000,0.0,0.0,0.0
2003-09-05,102.94000244140625,103.55000305175781,102.4000015258789,102.83000183105469,67.50328826904297,31637300,0.0,0.0,0.0
2003-09-08,103.04000091552734,103.87999725341797,102.93000030517578,103.68000030517578,68.06129455566406,32632800,0.0,0.0,0.0
2003-09-09,103.37000274658203,103.45999908447266,102.68000030517578,103.0,67.61487579345703,35053200,0.0,0.0,0.0
2003-09-10,102.52999877929688,102.80000305175781,101.55000305175781,101.95999908447266,66.9321517944336,45904900,0.0,0.0,0.0
2003-09-11,102.0999984741211,102.76000213623047,101.83999633789062,102.26000213623047,67.12911987304688,38396300,0.0,0.0,0.0
2003-09-12,101.91000366210938,102.63999938964844,101.3499984741211,102.44999694824219,67.25387573242188,42524800,0.0,0.0,0.0
2003-09-15,102.5199966430664,102.62999725341797,101.94999694824219,102.08999633789062,67.01754760742188,21312800,0.0,0.0,0.0
2003-09-16,102.2300033569336,103.63999938964844,102.16999816894531,103.58000183105469,67.99563598632812,37892600,0.0,0.0,0.0
2003-09-17,103.4800033569336,103.79000091552734,103.05000305175781,103.37999725341797,67.8643798828125,31885800,0.0,0.0,0.0
2003-09-18,103.4000015258789,104.69999694824219,103.16999816894531,104.5999984741211,68.66523742675781,30243600,0.0,0.0,0.0
2003-09-19,104.2699966430664,104.5999984741211,103.4000015258789,103.66999816894531,68.31595611572266,34331600,0.4,0.0,0.0
2003-09-22,102.8499984741211,102.95999908447266,102.02999877929688,102.55000305175781,67.5779037475586,36677400,0.0,0.0,0.0
2003-09-23,102.58999633789062,103.29000091552734,102.36000061035156,102.94000244140625,67.83489990234375,32489200,0.0,0.0,0.0
2003-09-24,103.12000274658203,103.22000122070312,101.06999969482422,101.11000061035156,66.6290054321289,41694700,0.0,0.0,0.0
2003-09-25,101.41000366210938,101.87999725341797,100.19999694824219,100.27999877929688,66.08203887939453,52673100,0.0,0.0,0.0
2003-09-26,100.44000244140625,100.66000366210938,99.8499984741211,99.94999694824219,65.86458587646484,42914700,0.0,0.0,0.0
2003-09-29,100.30000305175781,100.98999786376953,99.79000091552734,100.93000030517578,66.51038360595703,36771600,0.0,0.0,0.0
2003-09-30,100.4800033569336,100.76000213623047,99.25,99.94999694824219,65.86458587646484,70764500,0.0,0.0,0.0
2003-10-01,100.23999786376953,102.18000030517578,100.19999694824219,102.08000183105469,67.26819610595703,65797600,0.0,0.0,0.0
2003-10-02,101.93000030517578,102.55999755859375,101.62999725341797,102.44999694824219,67.51201629638672,44591500,0.0,0.0,0.0
2003-10-03,103.66999816894531,104.27999877929688,103.08000183105469,103.38999938964844,68.13145446777344,48806900,0.0,0.0,0.0
2003-10-06,103.4800033569336,103.98999786376953,103.19999694824219,103.86000061035156,68.44116973876953,20226500,0.0,0.0,0.0
2003-10-07,103.26000213623047,104.30999755859375,102.91000366210938,104.26000213623047,68.70478057861328,42602900,0.0,0.0,0.0
2003-10-08,104.33000183105469,104.38999938964844,103.41000366210938,104.0,68.53346252441406,30920800,0.0,0.0,0.0
2003-10-09,104.87999725341797,105.22000122070312,103.83000183105469,104.27999877929688,68.71797943115234,40066500,0.0,0.0,0.0
2003-10-10,104.2699966430664,104.5999984741211,103.91000366210938,104.56999969482422,68.90906524658203,22682800,0.0,0.0,0.0
2003-10-13,104.70999908447266,105.29000091552734,104.51000213623047,104.9000015258789,69.12650299072266,23825600,0.0,0.0,0.0
2003-10-14,104.80000305175781,105.43000030517578,104.36000061035156,105.2699966430664,69.3703384399414,38484400,0.0,0.0,0.0
2003-10-15,105.86000061035156,105.88999938964844,104.63999938964844,104.98999786376953,69.18584442138672,39021700,0.0,0.0,0.0
2003-10-16,104.68000030517578,105.7300033569336,104.6500015258789,105.41000366210938,69.46258544921875,32772200,0.0,0.0,0.0
2003-10-17,105.47000122070312,105.62999725341797,103.9800033569336,104.26000213623047,68.70478057861328,32790300,0.0,0.0,0.0
2003-10-20,104.44999694824219,105.04000091552734,103.94000244140625,105.04000091552734,69.21876525878906,27657000,0.0,0.0,0.0
2003-10-21,104.81999969482422,105.27999877929688,104.31999969482422,104.86000061035156,69.10015869140625,26729100,0.0,0.0,0.0
2003-10-22,104.02999877929688,104.19000244140625,103.19000244140625,103.54000091552734,68.23031616210938,33914500,0.0,0.0,0.0
2003-10-23,102.88999938964844,103.94999694824219,102.83999633789062,103.3499984741211,68.10509490966797,45830500,0.0,0.0,0.0
2003-10-24,102.83000183105469,103.58000183105469,102.18000030517578,103.58000183105469,68.2566909790039,51723600,0.0,0.0,0.0
2003-10-27,103.73999786376953,104.18000030517578,103.2699966430664,103.62999725341797,68.28959655761719,32460200,0.0,0.0,0.0
2003-10-28,103.9800033569336,105.1500015258789,103.81999969482422,105.04000091552734,69.21876525878906,34956200,0.0,0.0,0.0
2003-10-29,104.7699966430664,105.43000030517578,103.87000274658203,105.18000030517578,69.31102752685547,30955400,0.0,0.0,0.0
2003-10-30,105.79000091552734,105.97000122070312,104.80000305175781,105.4000015258789,69.45601654052734,39123100,0.0,0.0,0.0
2003-10-31,105.4000015258789,105.73999786376953,105.22000122070312,105.30000305175781,69.39006042480469,25761600,0.0,0.0,0.0
2003-11-03,105.75,106.61000061035156,105.70999908447266,105.98999786376953,69.84479522705078,37589300,0.0,0.0,0.0
2003-11-04,105.98999786376953,106.2699966430664,105.58000183105469,105.76000213623047,69.69320678710938,31421600,0.0,0.0,0.0
2003-11-05,105.48999786376953,105.97000122070312,104.9000015258789,105.83999633789062,69.74591064453125,33558800,0.0,0.0,0.0
2003-11-06,105.5999984741211,106.44000244140625,105.0999984741211,106.4000015258789,70.114990234375,28392300,0.0,0.0,0.0
2003-11-07,106.63999938964844,106.72000122070312,105.56999969482422,105.61000061035156,69.5943832397461,31723200,0.0,0.0,0.0
2003-11-10,105.73999786376953,105.83999633789062,105.01000213623047,105.18000030517578,69.31102752685547,25530800,0.0,0.0,0.0
2003-11-11,105.08999633789062,105.33000183105469,104.80000305175781,105.1500015258789,69.2912368774414,26558600,0.0,0.0,0.0
2003-11-12,105.2300033569336,106.47000122070312,105.16000366210938,106.33000183105469,70.06886291503906,28000000,0.0,0.0,0.0
2003-11-13,106.01000213623047,106.54000091552734,105.77999877929688,106.36000061035156,70.08863830566406,29714800,0.0,0.0,0.0
2003-11-14,106.4000015258789,106.94999694824219,105.29000091552734,105.45999908447266,69.49552917480469,49158500,0.0,0.0,0.0
2003-11-17,104.91000366210938,105.13999938964844,104.04000091552734,104.93000030517578,69.14627838134766,44382100,0.0,0.0,0.0
2003-11-18,105.23999786376953,105.44999694824219,103.69999694824219,103.83999633789062,68.427978515625,41155000,0.0,0.0,0.0
2003-11-19,104.02999877929688,105.01000213623047,103.91999816894531,104.72000122070312,69.00789642333984,29827000,0.0,0.0,0.0
2003-11-20,104.0,105.23999786376953,103.75,103.77999877929688,68.38844299316406,53578700,0.0,0.0,0.0
2003-11-21,104.23999786376953,104.33000183105469,103.62000274658203,104.20999908447266,68.67179870605469,30016000,0.0,0.0,0.0
2003-11-24,104.69000244140625,105.77999877929688,104.68000030517578,105.58999633789062,69.58121490478516,28906400,0.0,0.0,0.0
2003-11-25,105.7300033569336,106.41999816894531,105.44999694824219,105.98999786376953,69.84479522705078,37580000,0.0,0.0,0.0
2003-11-26,106.41999816894531,106.44999694824219,105.38999938964844,106.37000274658203,70.09520721435547,33053600,0.0,0.0,0.0
2003-11-28,106.27999877929688,106.66000366210938,106.19999694824219,106.44999694824219,70.14793395996094,10507500,0.0,0.0,0.0
2003-12-01,106.8499984741211,107.68000030517578,106.80000305175781,107.5999984741211,70.90573120117188,38699000,0.0,0.0,0.0
2003-12-02,107.37999725341797,107.7699966430664,107.06999969482422,107.33000183105469,70.72781372070312,35352000,0.0,0.0,0.0
2003-12-03,107.6500015258789,108.08000183105469,107.06999969482422,107.16000366210938,70.61580657958984,39078600,0.0,0.0,0.0
2003-12-04,107.16999816894531,107.72000122070312,106.94000244140625,107.5999984741211,70.90573120117188,36089500,0.0,0.0,0.0
2003-12-05,107.12000274658203,107.80000305175781,106.62000274658203,106.8499984741211,70.41148376464844,28824400,0.0,0.0,0.0
2003-12-08,106.73999786376953,107.63999938964844,106.68000030517578,107.56999969482422,70.88594818115234,32482900,0.0,0.0,0.0
2003-12-09,107.9000015258789,107.93000030517578,106.54000091552734,106.73999786376953,70.33903503417969,43596100,0.0,0.0,0.0
2003-12-10,106.7699966430664,106.9800033569336,105.95999908447266,106.7300033569336,70.33243560791016,36915400,0.0,0.0,0.0
2003-12-11,106.68000030517578,108.0999984741211,106.66999816894531,107.93000030517578,71.1231918334961,45304000,0.0,0.0,0.0
2003-12-12,107.97000122070312,108.19999694824219,107.38999938964844,108.13999938964844,71.26158905029297,34142200,0.0,0.0,0.0
2003-12-15,109.16999816894531,109.2300033569336,107.4800033569336,107.5999984741211,70.90573120117188,38693400,0.0,0.0,0.0
2003-12-16,107.68000030517578,108.5,107.5199966430664,108.16000366210938,71.27479553222656,32894200,0.0,0.0,0.0
2003-12-17,108.05999755859375,108.5,107.80000305175781,108.5,71.49883270263672,23198800,0.0,0.0,0.0
2003-12-18,108.55000305175781,109.7300033569336,108.38999938964844,109.72000122070312,72.30276489257812,29353100,0.0,0.0,0.0
2003-12-19,109.30000305175781,109.37000274658203,108.58000183105469,108.9000015258789,72.10149383544922,41465100,0.516,0.0,0.0
2003-12-22,108.79000091552734,109.66000366210938,108.77999877929688,109.66000366210938,72.60466003417969,27611300,0.0,0.0,0.0
2003-12-23,109.4800033569336,109.94999694824219,109.37999725341797,109.7300033569336,72.65106201171875,24741200,0.0,0.0,0.0
2003-12-24,109.5199966430664,109.87999725341797,109.43000030517578,109.62000274658203,72.57819366455078,8055800,0.0,0.0,0.0
2003-12-26,109.70999908447266,110.08000183105469,109.62999725341797,109.69999694824219,72.63116455078125,8308400,0.0,0.0,0.0
2003-12-29,110.0999984741211,111.2699966430664,109.77999877929688,111.16000366210938,73.59783172607422,22483700,0.0,0.0,0.0
2003-12-30,111.08999633789062,111.2699966430664,110.8499984741211,111.18000030517578,73.6110610961914,19559500,0.0,0.0,0.0
2003-12-31,111.22000122070312,111.5199966430664,110.83999633789062,111.27999877929688,73.67729187011719,31501800,0.0,0.0,0.0
2004-01-02,111.73999786376953,112.19000244140625,110.7300033569336,111.2300033569336,73.6441650390625,38072300,0.0,0.0,0.0
2004-01-05,111.69000244140625,112.5199966430664,111.58999633789062,112.44000244140625,74.4452896118164,27959800,0.0,0.0,0.0
2004-01-06,112.16000366210938,112.7300033569336,112.0,112.55000305175781,74.51811981201172,20472800,0.0,0.0,0.0
2004-01-07,112.38999938964844,113.05999755859375,111.88999938964844,112.93000030517578,74.76972198486328,30170400,0.0,0.0,0.0
2004-01-08,113.25,113.41000366210938,112.7699966430664,113.37999725341797,75.06763458251953,36438400,0.0,0.0,0.0
2004-01-09,112.83000183105469,113.5,112.2699966430664,112.38999938964844,74.41217803955078,54084300,0.0,0.0,0.0
2004-01-12,112.55000305175781,113.25,112.36000061035156,113.22000122070312,74.96170806884766,31564100,0.0,0.0,0.0
2004-01-13,113.08999633789062,113.2300033569336,111.76000213623047,112.55999755859375,74.5247573852539,54239700,0.0,0.0,0.0
2004-01-14,112.76000213623047,113.66000366210938,112.66999816894531,113.5,75.14710235595703,30112800,0.0,0.0,0.0
2004-01-15,113.56999969482422,114.05999755859375,112.58000183105469,113.77999877929688,75.33246612548828,38408700,0.0,0.0,0.0
2004-01-16,114.04000091552734,114.30999755859375,113.62999725341797,114.2300033569336,75.63042449951172,31922700,0.0,0.0,0.0
2004-01-20,114.52999877929688,114.6500015258789,113.81999969482422,114.19999694824219,75.61056518554688,29863000,0.0,0.0,0.0
2004-01-21,114.12999725341797,115.30000305175781,113.72000122070312,115.0999984741211,76.20645904541016,30725000,0.0,0.0,0.0
2004-01-22,115.13999938964844,115.37999725341797,114.58000183105469,114.80000305175781,76.00779724121094,29888500,0.0,0.0,0.0
2004-01-23,115.0,115.37000274658203,113.94999694824219,114.43000030517578,75.76284790039062,44245300,0.0,0.0,0.0
2004-01-26,114.38999938964844,115.93000030517578,114.37999725341797,115.87000274658203,76.71624755859375,30460600,0.0,0.0,0.0
2004-01-27,115.75,116.5,114.6500015258789,114.68000030517578,75.92841339111328,35322800,0.0,0.0,0.0
2004-01-28,114.9800033569336,115.27999877929688,112.94000244140625,113.37000274658203,75.06102752685547,52621300,0.0,0.0,0.0
2004-01-29,113.55999755859375,113.8499984741211,112.55999755859375,113.4800033569336,75.13385772705078,60117100,0.0,0.0,0.0
2004-01-30,113.5199966430664,113.72000122070312,113.08999633789062,113.4800033569336,75.13385772705078,30984400,0.0,0.0,0.0
2004-02-02,113.69999694824219,114.68000030517578,113.12000274658203,113.97000122070312,75.45831298828125,38832400,0.0,0.0,0.0
2004-02-03,113.73999786376953,114.13999938964844,113.44000244140625,113.77999877929688,75.33246612548828,25093500,0.0,0.0,0.0
2004-02-04,113.19000244140625,113.7300033569336,112.79000091552734,112.8499984741211,74.71673583984375,39332600,0.0,0.0,0.0
2004-02-05,113.16999816894531,113.54000091552734,112.77999877929688,113.18000030517578,74.93521881103516,37226800,0.0,0.0,0.0
2004-02-06,113.41999816894531,114.69999694824219,113.19999694824219,114.44999694824219,75.77610778808594,37216000,0.0,0.0,0.0
2004-02-09,114.66999816894531,114.87000274658203,114.29000091552734,114.4800033569336,75.79595947265625,24851300,0.0,0.0,0.0
2004-02-10,114.27999877929688,115.13999938964844,114.26000213623047,114.8499984741211,76.04092407226562,27908100,0.0,0.0,0.0
2004-02-11,114.8499984741211,116.38999938964844,114.16999816894531,116.06999969482422,76.84869384765625,42965700,0.0,0.0,0.0
2004-02-12,115.97000122070312,116.2699966430664,115.58000183105469,115.6500015258789,76.57057189941406,27814700,0.0,0.0,0.0
2004-02-13,115.81999969482422,116.19999694824219,114.75,115.12999725341797,76.22628021240234,44739900,0.0,0.0,0.0
2004-02-17,115.8499984741211,116.43000030517578,115.7699966430664,116.16999816894531,76.91490173339844,23984300,0.0,0.0,0.0
2004-02-18,116.19999694824219,116.5999984741211,115.3499984741211,115.66000366210938,76.57720947265625,28618000,0.0,0.0,0.0
2004-02-19,116.33000183105469,116.38999938964844,115.05999755859375,115.2300033569336,76.29251098632812,51146200,0.0,0.0,0.0
2004-02-20,115.4800033569336,115.55999755859375,114.31999969482422,114.87999725341797,76.06079864501953,46728800,0.0,0.0,0.0
2004-02-23,115.22000122070312,115.26000213623047,114.16999816894531,114.58999633789062,75.86878967285156,36357000,0.0,0.0,0.0
2004-02-24,114.2699966430664,114.98999786376953,113.02999877929688,114.38999938964844,75.736328125,43953000,0.0,0.0,0.0
2004-02-25,114.45999908447266,115.05999755859375,114.31999969482422,114.87000274658203,76.05415344238281,31213600,0.0,0.0,0.0
2004-02-26,114.61000061035156,115.29000091552734,114.33999633789062,114.94000244140625,76.10050964355469,29683000,0.0,0.0,0.0
2004-02-27,115.19000244140625,115.73999786376953,114.62999725341797,115.0199966430664,76.15351867675781,39312000,0.0,0.0,0.0
2004-03-01,115.43000030517578,116.33999633789062,115.25,116.16000366210938,76.90828704833984,33130800,0.0,0.0,0.0
2004-03-02,115.94000244140625,116.97000122070312,115.2300033569336,115.4800033569336,76.4580078125,38556400,0.0,0.0,0.0
2004-03-03,115.25,115.87000274658203,114.91999816894531,115.69000244140625,76.59709167480469,31346200,0.0,0.0,0.0
2004-03-04,115.72000122070312,116.0999984741211,115.5199966430664,115.98999786376953,76.79570007324219,21060000,0.0,0.0,0.0
2004-03-05,115.41999816894531,116.94999694824219,115.27999877929688,116.37999725341797,77.05392456054688,55905600,0.0,0.0,0.0
2004-03-08,116.33999633789062,116.62000274658203,114.91000366210938,114.95999908447266,76.11376190185547,39281600,0.0,0.0,0.0
2004-03-09,115.0999984741211,115.20999908447266,114.23999786376953,114.5,75.80919647216797,39746100,0.0,0.0,0.0
2004-03-10,114.72000122070312,114.7699966430664,112.55999755859375,112.58000183105469,74.53800201416016,67671800,0.0,0.0,0.0
2004-03-11,112.4000015258789,113.2699966430664,111.0999984741211,111.12000274658203,73.57133483886719,89134800,0.0,0.0,0.0
2004-03-12,111.7300033569336,112.70999908447266,111.58000183105469,112.58000183105469,74.53800201416016,54012200,0.0,0.0,0.0
2004-03-15,112.2699966430664,112.3499984741211,110.9000015258789,111.19999694824219,73.62431335449219,57677200,0.0,0.0,0.0
2004-03-16,111.77999877929688,112.05999755859375,110.83999633789062,111.79000091552734,74.01493072509766,59832600,0.0,0.0,0.0
2004-03-17,112.18000030517578,113.26000213623047,112.0999984741211,113.04000091552734,74.84256744384766,41607300,0.0,0.0,0.0
2004-03-18,112.69999694824219,113.2699966430664,111.93000030517578,113.06999969482422,74.86244201660156,60014300,0.0,0.0,0.0
2004-03-19,112.41000366210938,112.56999969482422,111.04000091552734,111.05999755859375,73.78941345214844,48636200,0.395,0.0,0.0
2004-03-22,110.54000091552734,110.56999969482422,109.0999984741211,109.6500015258789,72.85256958007812,62752100,0.0,0.0,0.0
2004-03-23,110.25,110.4000015258789,109.36000061035156,109.45999908447266,72.72630310058594,54080200,0.0,0.0,0.0
2004-03-24,109.58000183105469,110.13999938964844,108.8499984741211,109.55000305175781,72.7861328125,51584300,0.0,0.0,0.0
2004-03-25,110.08000183105469,111.30000305175781,109.79000091552734,111.0,73.74952697753906,49873600,0.0,0.0,0.0
2004-03-26,110.95999908447266,111.79000091552734,110.80000305175781,111.02999877929688,73.7694320678711,37409500,0.0,0.0,0.0
2004-03-29,111.62999725341797,112.73999786376953,111.58000183105469,112.58999633789062,74.80594635009766,44113600,0.0,0.0,0.0
2004-03-30,112.30000305175781,113.06999969482422,112.22000122070312,112.97000122070312,75.05841064453125,39059900,0.0,0.0,0.0
2004-03-31,112.98999786376953,113.4000015258789,112.37999725341797,113.0999984741211,75.14479064941406,48517600,0.0,0.0,0.0
2004-04-01,113.06999969482422,113.87000274658203,113.05000305175781,113.77999877929688,75.5965576171875,45103800,0.0,0.0,0.0
2004-04-02,114.80999755859375,114.83999633789062,113.9000015258789,114.63999938964844,76.1679916381836,50987700,0.0,0.0,0.0
2004-04-05,114.45999908447266,115.37999725341797,114.44000244140625,115.2699966430664,76.58653259277344,30251800,0.0,0.0,0.0
2004-04-06,114.83000183105469,115.18000030517578,114.62000274658203,114.9000015258789,76.34073638916016,28420900,0.0,0.0,0.0
2004-04-07,114.94999694824219,114.9800033569336,114.11000061035156,114.62999725341797,76.16132354736328,45890500,0.0,0.0,0.0
2004-04-08,115.41000366210938,115.41000366210938,113.73999786376953,114.37000274658203,75.98861694335938,46929700,0.0,0.0,0.0
2004-04-12,114.58000183105469,115.08000183105469,114.56999969482422,114.81999969482422,76.28759002685547,23085200,0.0,0.0,0.0
2004-04-13,115.26000213623047,115.30000305175781,113.0199966430664,113.20999908447266,75.21788024902344,56210300,0.0,0.0,0.0
2004-04-14,112.61000061035156,113.63999938964844,112.55000305175781,113.38999938964844,75.33745574951172,62322300,0.0,0.0,0.0
2004-04-15,113.44999694824219,113.77999877929688,112.36000061035156,112.95999908447266,75.05175018310547,61602500,0.0,0.0,0.0
2004-04-16,113.37999725341797,114.05000305175781,112.9800033569336,113.83000183105469,75.62980651855469,47059200,0.0,0.0,0.0
2004-04-19,113.55000305175781,113.98999786376953,113.2699966430664,113.83000183105469,75.62980651855469,28277600,0.0,0.0,0.0
2004-04-20,114.08000183105469,114.31999969482422,111.77999877929688,111.91999816894531,74.36077880859375,53299400,0.0,0.0,0.0
2004-04-21,112.19999694824219,112.94999694824219,111.87000274658203,112.66999816894531,74.85907745361328,50177300,0.0,0.0,0.0
2004-04-22,112.4800033569336,114.66999816894531,112.44000244140625,114.25,75.9088363647461,62071500,0.0,0.0,0.0
2004-04-23,114.41999816894531,114.56999969482422,113.79000091552734,114.36000061035156,75.98191833496094,29395700,0.0,0.0,0.0
2004-04-26,114.5,114.94000244140625,113.5999984741211,114.19999694824219,75.8756332397461,35515200,0.0,0.0,0.0
2004-04-27,114.2300033569336,115.12000274658203,113.95999908447266,114.30000305175781,75.94207000732422,43485500,0.0,0.0,0.0
2004-04-28,113.88999938964844,114.01000213623047,112.5,112.81999969482422,74.958740234375,50165800,0.0,0.0,0.0
2004-04-29,112.72000122070312,113.31999969482422,111.16000366210938,111.83000183105469,74.30098724365234,69687600,0.0,0.0,0.0
2004-04-30,112.16999816894531,112.37999725341797,110.9000015258789,110.95999908447266,73.72296905517578,48681400,0.0,0.0,0.0
2004-05-03,111.37000274658203,112.29000091552734,111.3499984741211,112.1500015258789,74.51361083984375,33758000,0.0,0.0,0.0
2004-05-04,112.25,113.26000213623047,111.66000366210938,112.05999755859375,74.45380401611328,51185100,0.0,0.0,0.0
2004-05-05,112.41000366210938,112.95999908447266,112.16000366210938,112.77999877929688,74.93215942382812,34405000,0.0,0.0,0.0
2004-05-06,112.0199966430664,112.58999633789062,111.0,111.80999755859375,74.28773498535156,54997000,0.0,0.0,0.0
2004-05-07,111.22000122070312,112.2300033569336,109.95999908447266,109.95999908447266,73.05852508544922,60950000,0.0,0.0,0.0
2004-05-10,109.44000244140625,109.75,108.36000061035156,108.83000183105469,72.3077621459961,75279400,0.0,0.0,0.0
2004-05-11,109.45999908447266,110.05000305175781,109.33000183105469,109.75,72.91901397705078,48300600,0.0,0.0,0.0
2004-05-12,109.56999969482422,110.54000091552734,108.05999755859375,110.44999694824219,73.38406372070312,90830500,0.0,0.0,0.0
2004-05-13,109.76000213623047,110.80999755859375,109.62999725341797,109.98999786376953,73.07846069335938,57393700,0.0,0.0,0.0
2004-05-14,109.94999694824219,110.73999786376953,109.2699966430664,110.04000091552734,73.11168670654297,54123100,0.0,0.0,0.0
2004-05-17,108.88999938964844,109.5,108.41000366210938,109.0999984741211,72.48712158203125,55020400,0.0,0.0,0.0
2004-05-18,109.48999786376953,109.94000244140625,109.33000183105469,109.6500015258789,72.85256958007812,30193100,0.0,0.0,0.0
2004-05-19,110.5,111.18000030517578,109.1500015258789,109.2699966430664,72.60005950927734,54804100,0.0,0.0,0.0
2004-05-20,109.44999694824219,109.87000274658203,109.04000091552734,109.62000274658203,72.83262634277344,38082900,0.0,0.0,0.0
2004-05-21,109.97000122070312,110.55000305175781,109.47000122070312,109.80999755859375,72.95887756347656,47480400,0.0,0.0,0.0
2004-05-24,110.52999877929688,110.76000213623047,109.68000030517578,110.2699966430664,73.26446533203125,40961500,0.0,0.0,0.0
2004-05-25,109.9000015258789,111.9800033569336,109.5999984741211,111.8499984741211,74.31425476074219,48668000,0.0,0.0,0.0
2004-05-26,111.66000366210938,112.29000091552734,111.51000213623047,112.23999786376953,74.57339477539062,35977000,0.0,0.0,0.0
2004-05-27,112.54000091552734,113.02999877929688,112.05999755859375,112.87000274658203,74.9919662475586,45306900,0.0,0.0,0.0
2004-05-28,112.7300033569336,112.87999725341797,112.36000061035156,112.86000061035156,74.98531341552734,23367200,0.0,0.0,0.0
2004-06-01,112.45999908447266,112.86000061035156,111.87000274658203,112.70999908447266,74.88566589355469,41044700,0.0,0.0,0.0
2004-06-02,113.02999877929688,113.4800033569336,112.45999908447266,113.12999725341797,75.16472625732422,39774200,0.0,0.0,0.0
2004-06-03,112.80999755859375,113.19000244140625,112.06999969482422,112.08999633789062,74.47372436523438,38688300,0.0,0.0,0.0
2004-06-04,112.9800033569336,113.58000183105469,112.70999908447266,112.9800033569336,75.0650634765625,32739500,0.0,0.0,0.0
2004-06-07,113.43000030517578,114.80999755859375,113.41999816894531,114.69999694824219,76.20783233642578,31643800,0.0,0.0,0.0
2004-06-08,114.37000274658203,114.91999816894531,114.16999816894531,114.86000061035156,76.31414794921875,32846500,0.0,0.0,0.0
2004-06-09,114.51000213623047,114.69999694824219,113.72000122070312,113.79000091552734,75.60321807861328,36737600,0.0,0.0,0.0
2004-06-10,114.04000091552734,114.3499984741211,113.93000030517578,114.3499984741211,75.97528839111328,21711000,0.0,0.0,0.0
2004-06-14,113.81999969482422,113.8499984741211,112.87000274658203,113.22000122070312,75.22449493408203,34633000,0.0,0.0,0.0
2004-06-15,113.9000015258789,114.44999694824219,113.51000213623047,114.0199966430664,75.75604248046875,37445000,0.0,0.0,0.0
2004-06-16,114.0,114.19999694824219,113.69999694824219,114.0,75.74275207519531,26633400,0.0,0.0,0.0
2004-06-17,113.8499984741211,114.06999969482422,113.33000183105469,113.83000183105469,75.62980651855469,28402400,0.0,0.0,0.0
2004-06-18,113.2699966430664,114.22000122070312,113.18000030517578,113.62999725341797,75.77249145507812,31799800,0.414,0.0,0.0
2004-06-21,113.75,114.13999938964844,113.12999725341797,113.19999694824219,75.48572540283203,25284000,0.0,0.0,0.0
2004-06-22,113.12999725341797,113.87999725341797,112.66999816894531,113.7699966430664,75.86588287353516,37334000,0.0,0.0,0.0
2004-06-23,113.61000061035156,114.83999633789062,113.41999816894531,114.75,76.51937866210938,35580000,0.0,0.0,0.0
2004-06-24,114.55999755859375,114.93000030517578,114.26000213623047,114.38999938964844,76.27928924560547,35272100,0.0,0.0,0.0
2004-06-25,114.41000366210938,114.94000244140625,113.68000030517578,113.83999633789062,75.91254425048828,32837900,0.0,0.0,0.0
2004-06-28,114.5199966430664,114.61000061035156,113.41000366210938,113.44999694824219,75.65250396728516,40824500,0.0,0.0,0.0
2004-06-29,113.52999877929688,114.16999816894531,113.41999816894531,113.91999816894531,75.96589660644531,28418100,0.0,0.0,0.0
2004-06-30,114.06999969482422,114.79000091552734,113.6500015258789,114.52999877929688,76.3726577758789,52230600,0.0,0.0,0.0
2004-07-01,114.25,114.4000015258789,112.58000183105469,112.94000244140625,75.31241607666016,57734700,0.0,0.0,0.0
2004-07-02,113.16000366210938,113.29000091552734,112.5999984741211,112.87999725341797,75.27237701416016,34615100,0.0,0.0,0.0
2004-07-06,112.37000274658203,112.44999694824219,111.62999725341797,111.88999938964844,74.61221313476562,38698200,0.0,0.0,0.0
2004-07-07,111.80999755859375,112.56999969482422,111.75,112.22000122070312,74.832275390625,29839800,0.0,0.0,0.0
2004-07-08,111.80999755859375,112.31999969482422,111.19999694824219,111.44000244140625,74.31212615966797,45291100,0.0,0.0,0.0
2004-07-09,111.72000122070312,111.94000244140625,111.37999725341797,111.7300033569336,74.50550842285156,27412900,0.0,0.0,0.0
2004-07-12,111.5199966430664,112.04000091552734,111.0,111.77999877929688,74.5388412475586,35691300,0.0,0.0,0.0
2004-07-13,111.91999816894531,112.0199966430664,111.5999984741211,111.86000061035156,74.59222412109375,26752000,0.0,0.0,0.0
2004-07-14,111.26000213623047,112.38999938964844,111.12000274658203,111.5199966430664,74.3655014038086,54089400,0.0,0.0,0.0
2004-07-15,111.73999786376953,111.91000366210938,110.69999694824219,110.80000305175781,73.8853530883789,38403500,0.0,0.0,0.0
2004-07-16,111.56999969482422,111.66999816894531,110.44000244140625,110.70999908447266,73.82537078857422,40871200,0.0,0.0,0.0
2004-07-19,110.75,110.95999908447266,109.98999786376953,110.23999786376953,73.51190948486328,39592800,0.0,0.0,0.0
2004-07-20,110.52999877929688,111.9000015258789,110.25,111.63999938964844,74.44550323486328,46679800,0.0,0.0,0.0
2004-07-21,111.81999969482422,112.05999755859375,109.44999694824219,109.58000183105469,73.07186126708984,56241100,0.0,0.0,0.0
2004-07-22,109.36000061035156,110.38999938964844,108.7699966430664,109.87999725341797,73.27185821533203,72477100,0.0,0.0,0.0
2004-07-23,109.62000274658203,109.70999908447266,108.69000244140625,108.95999908447266,72.65840148925781,49610500,0.0,0.0,0.0
2004-07-26,109.19000244140625,109.43000030517578,108.20999908447266,108.75,72.51834869384766,49679100,0.0,0.0,0.0
2004-07-27,109.05000305175781,110.11000061035156,108.97000122070312,109.7699966430664,73.19851684570312,51295100,0.0,0.0,0.0
2004-07-28,109.55000305175781,110.37000274658203,108.58999633789062,110.0999984741211,73.41859436035156,65862300,0.0,0.0,0.0
2004-07-29,110.54000091552734,110.87000274658203,110.0,110.56999969482422,73.73200225830078,52200500,0.0,0.0,0.0
2004-07-30,110.31999969482422,110.9000015258789,110.0999984741211,110.83999633789062,73.91204071044922,41581700,0.0,0.0,0.0
2004-08-02,110.19000244140625,111.36000061035156,110.05000305175781,111.06999969482422,74.0654296875,38263100,0.0,0.0,0.0
2004-08-03,110.93000030517578,111.05999755859375,110.16000366210938,110.20999908447266,73.4919662475586,40948800,0.0,0.0,0.0
2004-08-04,109.88999938964844,110.75,109.63999938964844,110.19999694824219,73.48524475097656,40763200,0.0,0.0,0.0
2004-08-05,110.29000091552734,110.37999725341797,108.2699966430664,108.4000015258789,72.2849349975586,50772000,0.0,0.0,0.0
2004-08-06,107.62999725341797,107.95999908447266,106.62000274658203,106.8499984741211,71.25137329101562,74729000,0.0,0.0,0.0
2004-08-09,107.0199966430664,107.4800033569336,106.87000274658203,107.0,71.35140228271484,37476300,0.0,0.0,0.0
2004-08-10,107.30999755859375,108.41000366210938,107.26000213623047,108.37999725341797,72.2716064453125,55870600,0.0,0.0,0.0
2004-08-11,107.68000030517578,108.33000183105469,107.0999984741211,108.16000366210938,72.12493133544922,52933200,0.0,0.0,0.0
2004-08-12,107.68000030517578,107.94999694824219,106.62999725341797,106.9800033569336,71.33805847167969,50015900,0.0,0.0,0.0
2004-08-13,107.0999984741211,107.3499984741211,106.58999633789062,107.19000244140625,71.4781265258789,41634700,0.0,0.0,0.0
2004-08-16,107.13999938964844,108.63999938964844,107.0999984741211,108.30000305175781,72.21826171875,45731900,0.0,0.0,0.0
2004-08-17,108.75,109.27999877929688,108.52999877929688,108.91000366210938,72.62504577636719,40701600,0.0,0.0,0.0
2004-08-18,108.5199966430664,110.16999816894531,108.48999786376953,110.02999877929688,73.37191772460938,43165400,0.0,0.0,0.0
2004-08-19,109.80999755859375,110.0199966430664,109.18000030517578,109.70999908447266,73.15850067138672,39881600,0.0,0.0,0.0
2004-08-20,109.61000061035156,110.62999725341797,109.51000213623047,110.4800033569336,73.67198181152344,44870900,0.0,0.0,0.0
2004-08-23,110.55000305175781,110.7699966430664,110.05000305175781,110.19999694824219,73.48524475097656,33745100,0.0,0.0,0.0
2004-08-24,110.63999938964844,110.7300033569336,109.8499984741211,110.3499984741211,73.58529663085938,30453100,0.0,0.0,0.0
2004-08-25,110.33000183105469,111.2699966430664,109.9000015258789,111.0999984741211,74.08541107177734,38551400,0.0,0.0,0.0
2004-08-26,110.95999908447266,111.30999755859375,110.8499984741211,111.0999984741211,74.08541107177734,26629500,0.0,0.0,0.0
2004-08-27,111.19999694824219,111.62999725341797,111.05000305175781,111.44999694824219,74.31881713867188,24902900,0.0,0.0,0.0
2004-08-30,111.22000122070312,111.33999633789062,110.44999694824219,110.52999877929688,73.705322265625,26726500,0.0,0.0,0.0
2004-08-31,110.66000366210938,111.16000366210938,110.0999984741211,111.11000061035156,74.09208679199219,44125300,0.0,0.0,0.0
2004-09-01,110.94999694824219,111.63999938964844,110.4800033569336,111.31999969482422,74.23210144042969,52778300,0.0,0.0,0.0
2004-09-02,111.23999786376953,112.69999694824219,111.23999786376953,112.58000183105469,75.07233428955078,42736600,0.0,0.0,0.0
2004-09-03,112.33000183105469,112.81999969482422,112.01000213623047,112.12000274658203,74.76558685302734,30480500,0.0,0.0,0.0
2004-09-07,112.54000091552734,113.12999725341797,112.31999969482422,112.86000061035156,75.259033203125,37338800,0.0,0.0,0.0
2004-09-08,112.62000274658203,113.05999755859375,112.30999755859375,112.58000183105469,75.07233428955078,32963100,0.0,0.0,0.0
2004-09-09,112.56999969482422,112.87999725341797,112.02999877929688,112.4800033569336,75.00566101074219,34314800,0.0,0.0,0.0
2004-09-10,112.5199966430664,113.2699966430664,112.08000183105469,113.05999755859375,75.39241790771484,27900600,0.0,0.0,0.0
2004-09-13,113.30999755859375,113.73999786376953,113.01000213623047,113.43000030517578,75.63912963867188,44398100,0.0,0.0,0.0
2004-09-14,113.30000305175781,113.69000244140625,113.19000244140625,113.66000366210938,75.79248809814453,28048900,0.0,0.0,0.0
2004-09-15,113.30000305175781,113.36000061035156,112.68000030517578,112.80000305175781,75.21903228759766,38295000,0.0,0.0,0.0
2004-09-16,112.8499984741211,113.37000274658203,112.80000305175781,113.13999938964844,75.44572448730469,23911700,0.0,0.0,0.0
2004-09-17,112.94999694824219,113.36000061035156,112.69000244140625,113.1500015258789,75.7665023803711,33683000,0.469,0.0,0.0
2004-09-20,112.66999816894531,112.98999786376953,112.27999877929688,112.47000122070312,75.3111343383789,37149400,0.0,0.0,0.0
2004-09-21,112.75,113.47000122070312,112.54000091552734,112.95999908447266,75.6392822265625,40920800,0.0,0.0,0.0
2004-09-22,112.5,112.5199966430664,111.47000122070312,111.55000305175781,74.69515991210938,49042100,0.0,0.0,0.0
2004-09-23,111.5999984741211,111.69999694824219,110.94999694824219,110.94999694824219,74.29338073730469,44068700,0.0,0.0,0.0
2004-09-24,111.16999816894531,111.7300033569336,111.12999725341797,111.45999908447266,74.63485717773438,34981100,0.0,0.0,0.0
2004-09-27,111.0999984741211,111.19999694824219,110.58000183105469,110.75,74.15945434570312,39355100,0.0,0.0,0.0
2004-09-28,110.91000366210938,111.51000213623047,110.41000366210938,111.27999877929688,74.51432800292969,41662900,0.0,0.0,0.0
2004-09-29,111.20999908447266,111.8499984741211,111.0,111.83999633789062,74.88932800292969,33325700,0.0,0.0,0.0
2004-09-30,111.55000305175781,111.9800033569336,111.26000213623047,111.76000213623047,74.83576202392578,43536700,0.0,0.0,0.0
2004-10-01,112.26000213623047,113.6500015258789,112.20999908447266,113.6500015258789,76.101318359375,62824300,0.0,0.0,0.0
2004-10-04,114.0999984741211,114.44000244140625,113.80000305175781,113.83999633789062,76.22854614257812,33082400,0.0,0.0,0.0
2004-10-05,113.8499984741211,114.16000366210938,113.54000091552734,113.9000015258789,76.26874542236328,36910600,0.0,0.0,0.0
2004-10-06,113.7699966430664,114.68000030517578,113.68000030517578,114.68000030517578,76.79102325439453,42297800,0.0,0.0,0.0
2004-10-07,114.37999725341797,114.4000015258789,113.36000061035156,113.44999694824219,75.96739959716797,39388800,0.0,0.0,0.0
2004-10-08,113.1500015258789,113.7699966430664,112.3499984741211,112.51000213623047,75.33794403076172,51872600,0.0,0.0,0.0
2004-10-11,112.77999877929688,113.0199966430664,112.63999938964844,112.97000122070312,75.64600372314453,20229100,0.0,0.0,0.0
2004-10-12,112.19999694824219,112.83000183105469,111.94000244140625,112.52999877929688,75.35134887695312,41754700,0.0,0.0,0.0
2004-10-13,113.0,113.06999969482422,111.31999969482422,111.54000091552734,74.6884536743164,54212600,0.0,0.0,0.0
2004-10-14,111.68000030517578,111.93000030517578,110.58000183105469,110.63999938964844,74.08576965332031,64082200,0.0,0.0,0.0
2004-10-15,111.0199966430664,111.73999786376953,110.56999969482422,111.26000213623047,74.50094604492188,63482200,0.0,0.0,0.0
2004-10-18,110.88999938964844,111.9000015258789,110.69999694824219,111.68000030517578,74.78218841552734,43535100,0.0,0.0,0.0
2004-10-19,112.0199966430664,112.2300033569336,110.58999633789062,110.73999786376953,74.15272521972656,55851900,0.0,0.0,0.0
2004-10-20,110.37999725341797,110.81999969482422,109.75,110.5199966430664,74.00543975830078,57118500,0.0,0.0,0.0
2004-10-21,110.79000091552734,111.31999969482422,110.20999908447266,111.23999786376953,74.48755645751953,53218300,0.0,0.0,0.0
2004-10-22,111.19000244140625,111.25,109.86000061035156,109.98999786376953,73.65055084228516,48752400,0.0,0.0,0.0
2004-10-25,109.75,110.12000274658203,109.3499984741211,109.86000061035156,73.56349182128906,43990900,0.0,0.0,0.0
2004-10-26,110.12999725341797,111.5999984741211,109.87999725341797,111.54000091552734,74.6884536743164,54337400,0.0,0.0,0.0
2004-10-27,111.37999725341797,113.0999984741211,111.12000274658203,112.87999725341797,75.58572387695312,73896000,0.0,0.0,0.0
2004-10-28,112.77999877929688,113.55999755859375,112.48999786376953,113.22000122070312,75.81336212158203,54413300,0.0,0.0,0.0
2004-10-29,113.12000274658203,113.63999938964844,112.9000015258789,113.19999694824219,75.79998779296875,48820200,0.0,0.0,0.0
2004-11-01,113.55999755859375,113.83999633789062,113.19999694824219,113.51000213623047,76.00757598876953,36720900,0.0,0.0,0.0
2004-11-02,113.66999816894531,114.56999969482422,113.22000122070312,113.55000305175781,76.03435516357422,56210000,0.0,0.0,0.0
2004-11-03,115.02999877929688,115.36000061035156,114.23999786376953,114.9800033569336,76.99187469482422,76960200,0.0,0.0,0.0
2004-11-04,114.77999877929688,116.66999816894531,114.68000030517578,116.55000305175781,78.0431900024414,55350300,0.0,0.0,0.0
2004-11-05,117.05000305175781,117.63999938964844,116.48999786376953,117.27999877929688,78.5320053100586,63287200,0.0,0.0,0.0
2004-11-08,116.9800033569336,117.2300033569336,116.72000122070312,117.11000061035156,78.41817474365234,33863800,0.0,0.0,0.0
2004-11-09,117.08000183105469,117.5,116.76000213623047,116.87999725341797,78.26414489746094,44658100,0.0,0.0,0.0
2004-11-10,117.05999755859375,117.55000305175781,116.76000213623047,116.97000122070312,78.32442474365234,45265400,0.0,0.0,0.0
2004-11-11,117.18000030517578,118.12000274658203,117.0999984741211,117.86000061035156,78.92037963867188,37863200,0.0,0.0,0.0
2004-11-12,117.97000122070312,119.0,117.68000030517578,118.79000091552734,79.5431137084961,55583700,0.0,0.0,0.0
2004-11-15,118.5,118.7699966430664,118.2300033569336,118.7300033569336,79.73856353759766,35297900,0.351,0.0,0.0
2004-11-16,118.36000061035156,118.41000366210938,117.7300033569336,117.87999725341797,79.16767883300781,40028700,0.0,0.0,0.0
2004-11-17,118.37000274658203,119.13999938964844,118.06999969482422,118.58000183105469,79.63780212402344,54494000,0.0,0.0,0.0
2004-11-18,118.52999877929688,118.80000305175781,118.2300033569336,118.73999786376953,79.74526977539062,31854300,0.0,0.0,0.0
2004-11-19,118.69999694824219,118.72000122070312,117.13999938964844,117.41999816894531,78.85871887207031,54276500,0.0,0.0,0.0
2004-11-22,117.16999816894531,118.12000274658203,117.02999877929688,117.9800033569336,79.23480987548828,37560200,0.0,0.0,0.0
2004-11-23,117.93000030517578,118.26000213623047,117.37000274658203,118.16000366210938,79.35574340820312,41968800,0.0,0.0,0.0
2004-11-24,118.2699966430664,118.58999633789062,118.05000305175781,118.44000244140625,79.54380798339844,29724800,0.0,0.0,0.0
2004-11-26,118.51000213623047,118.9800033569336,118.30000305175781,118.3499984741211,79.48332977294922,15487700,0.0,0.0,0.0
2004-11-29,118.79000091552734,119.01000213623047,117.4800033569336,117.80999755859375,79.12065124511719,61460800,0.0,0.0,0.0
2004-11-30,118.0,118.23999786376953,117.63999938964844,117.88999938964844,79.17436981201172,53685200,0.0,0.0,0.0
2004-12-01,118.16000366210938,119.5,118.0999984741211,119.2300033569336,80.07437896728516,49898300,0.0,0.0,0.0
2004-12-02,119.0999984741211,119.87000274658203,119.01000213623047,119.33000183105469,80.14151763916016,60163500,0.0,0.0,0.0
2004-12-03,119.30999755859375,120.13999938964844,119.08999633789062,119.25,80.0877685546875,49067900,0.0,0.0,0.0
2004-12-06,119.20999908447266,119.63999938964844,118.83999633789062,119.20999908447266,80.0609359741211,33030500,0.0,0.0,0.0
2004-12-07,119.48999786376953,119.62000274658203,118.04000091552734,118.0999984741211,79.31546020507812,52047200,0.0,0.0,0.0
2004-12-08,118.20999908447266,118.81999969482422,118.01000213623047,118.79000091552734,79.77885437011719,43895100,0.0,0.0,0.0
2004-12-09,118.13999938964844,119.45999908447266,117.7300033569336,119.20999908447266,80.0609359741211,60922800,0.0,0.0,0.0
2004-12-10,118.91999816894531,119.55999755859375,118.8499984741211,119.33000183105469,80.14151763916016,47828600,0.0,0.0,0.0
2004-12-13,119.76000213623047,120.4000015258789,119.3499984741211,120.37000274658203,80.83995056152344,38541000,0.0,0.0,0.0
2004-12-14,120.18000030517578,120.95999908447266,120.18000030517578,120.79000091552734,81.1220474243164,41500700,0.0,0.0,0.0
2004-12-15,120.69999694824219,121.11000061035156,120.30999755859375,120.87999725341797,81.18248748779297,46699200,0.0,0.0,0.0
2004-12-16,120.72000122070312,121.23999786376953,120.04000091552734,120.80999755859375,81.13545227050781,51641800,0.0,0.0,0.0
2004-12-17,119.45999908447266,119.97000122070312,119.16000366210938,119.44000244140625,80.59429931640625,70761900,0.568,0.0,0.0
2004-12-20,119.75,120.29000091552734,119.16999816894531,119.47000122070312,80.6145248413086,47187400,0.0,0.0,0.0
2004-12-21,119.5999984741211,120.4800033569336,119.45999908447266,120.38999938964844,81.23532104492188,33094200,0.0,0.0,0.0
2004-12-22,120.37999725341797,121.08000183105469,120.30000305175781,120.68000030517578,81.4310302734375,31500700,0.0,0.0,0.0
2004-12-23,120.87000274658203,121.27999877929688,120.66000366210938,120.7699966430664,81.49177551269531,25646100,0.0,0.0,0.0
2004-12-27,121.19999694824219,121.36000061035156,120.38999938964844,120.5199966430664,81.32305145263672,29944100,0.0,0.0,0.0
2004-12-28,120.63999938964844,121.33000183105469,120.5999984741211,121.18000030517578,81.76835632324219,23422900,0.0,0.0,0.0
2004-12-29,121.08000183105469,121.4000015258789,120.94999694824219,121.36000061035156,81.88986206054688,22650600,0.0,0.0,0.0
2004-12-30,121.4000015258789,121.56999969482422,121.04000091552734,121.12999725341797,81.73463439941406,21076900,0.0,0.0,0.0
2004-12-31,121.30000305175781,121.66000366210938,120.80000305175781,120.87000274658203,81.55924224853516,28648800,0.0,0.0,0.0
2005-01-03,121.55999755859375,121.76000213623047,119.9000015258789,120.30000305175781,81.17463684082031,55748000,0.0,0.0,0.0
2005-01-04,120.45999908447266,120.54000091552734,118.44000244140625,118.83000183105469,80.18270874023438,69167600,0.0,0.0,0.0
2005-01-05,118.73999786376953,119.25,118.0,118.01000213623047,79.62939453125,65667300,0.0,0.0,0.0
2005-01-06,118.44000244140625,119.1500015258789,118.26000213623047,118.61000061035156,80.03425598144531,47814700,0.0,0.0,0.0
2005-01-07,118.97000122070312,119.2300033569336,118.12999725341797,118.44000244140625,79.91956329345703,55847700,0.0,0.0,0.0
2005-01-10,118.33999633789062,119.45999908447266,118.33999633789062,119.0,80.29740905761719,56563300,0.0,0.0,0.0
2005-01-11,118.63999938964844,118.73999786376953,117.98999786376953,118.18000030517578,79.74410247802734,63099700,0.0,0.0,0.0
2005-01-12,118.4000015258789,118.83999633789062,117.5199966430664,118.56999969482422,80.00724792480469,72720500,0.0,0.0,0.0
2005-01-13,118.63999938964844,118.7300033569336,117.5,117.62000274658203,79.36621856689453,55537500,0.0,0.0,0.0
2005-01-14,117.97000122070312,118.52999877929688,117.76000213623047,118.23999786376953,79.78455352783203,42032500,0.0,0.0,0.0
2005-01-18,118.05000305175781,119.62000274658203,117.94999694824219,119.47000122070312,80.6145248413086,57391700,0.0,0.0,0.0
2005-01-19,119.43000030517578,119.5199966430664,118.20999908447266,118.22000122070312,79.77111053466797,54378900,0.0,0.0,0.0
2005-01-20,117.88999938964844,118.19999694824219,117.29000091552734,117.5,79.28524017333984,72049300,0.0,0.0,0.0
2005-01-21,117.79000091552734,118.0,116.6500015258789,116.77999877929688,78.7994613647461,63160400,0.0,0.0,0.0
2005-01-24,117.08999633789062,117.33999633789062,116.37000274658203,116.55000305175781,78.64423370361328,58441900,0.0,0.0,0.0
2005-01-25,116.91000366210938,117.47000122070312,116.72000122070312,116.87999725341797,78.86688232421875,68245000,0.0,0.0,0.0
2005-01-26,117.31999969482422,117.5999984741211,117.04000091552734,117.2300033569336,79.10306549072266,57195100,0.0,0.0,0.0
2005-01-27,117.19000244140625,117.75,116.9800033569336,117.43000030517578,79.23802185058594,55878800,0.0,0.0,0.0
2005-01-28,117.48999786376953,117.55000305175781,116.61000061035156,117.43000030517578,79.23802185058594,60738900,0.0,0.0,0.0
2005-01-31,117.94999694824219,118.25,117.70999908447266,118.16000366210938,79.73059844970703,52532700,0.0,0.0,0.0
2005-02-01,118.25,119.08000183105469,118.0999984741211,118.91000366210938,80.23668670654297,49841200,0.0,0.0,0.0
2005-02-02,119.05999755859375,119.58999633789062,118.9000015258789,119.2699966430664,80.47960662841797,52468900,0.0,0.0,0.0
2005-02-03,119.05999755859375,119.16000366210938,118.56999969482422,118.95999908447266,80.2704086303711,48837100,0.0,0.0,0.0
2005-02-04,119.0,120.43000030517578,118.9800033569336,120.2300033569336,81.12737274169922,50024600,0.0,0.0,0.0
2005-02-07,120.25,120.5199966430664,119.95999908447266,120.06999969482422,81.01937103271484,45412000,0.0,0.0,0.0
2005-02-08,120.16999816894531,120.6500015258789,120.06999969482422,120.20999908447266,81.11388397216797,39263500,0.0,0.0,0.0
2005-02-09,120.41999816894531,120.48999786376953,119.25,119.30999755859375,80.50657653808594,55279400,0.0,0.0,0.0
2005-02-10,119.66000366210938,120.0199966430664,119.26000213623047,119.73999786376953,80.7967529296875,45858600,0.0,0.0,0.0
2005-02-11,119.69999694824219,121.04000091552734,119.45999908447266,120.7699966430664,81.49177551269531,53133000,0.0,0.0,0.0
2005-02-14,120.69000244140625,120.86000061035156,120.4800033569336,120.68000030517578,81.4310302734375,32432100,0.0,0.0,0.0
2005-02-15,120.80000305175781,121.43000030517578,120.68000030517578,121.12999725341797,81.73463439941406,43852700,0.0,0.0,0.0
2005-02-16,120.93000030517578,121.45999908447266,120.66999816894531,121.20999908447266,81.78864288330078,55523000,0.0,0.0,0.0
2005-02-17,121.2300033569336,121.33000183105469,120.22000122070312,120.2300033569336,81.12737274169922,58124000,0.0,0.0,0.0
2005-02-18,120.23999786376953,120.4800033569336,119.9000015258789,120.38999938964844,81.23532104492188,47723300,0.0,0.0,0.0
2005-02-22,119.9000015258789,120.47000122070312,118.58000183105469,118.5999984741211,80.0274887084961,80697600,0.0,0.0,0.0
2005-02-23,118.93000030517578,119.56999969482422,118.62000274658203,119.44999694824219,80.60105895996094,68292600,0.0,0.0,0.0
2005-02-24,119.23999786376953,120.31999969482422,118.9800033569336,120.23999786376953,81.13410949707031,68563600,0.0,0.0,0.0
2005-02-25,120.2699966430664,121.66999816894531,120.18000030517578,121.43000030517578,81.93708801269531,60899900,0.0,0.0,0.0
2005-02-28,121.1500015258789,121.30000305175781,120.04000091552734,120.62999725341797,81.39727783203125,69381300,0.0,0.0,0.0
2005-03-01,120.81999969482422,121.5199966430664,120.77999877929688,121.2300033569336,81.80213928222656,47294400,0.0,0.0,0.0
2005-03-02,120.76000213623047,121.93000030517578,120.6500015258789,121.16999816894531,81.76165008544922,64226500,0.0,0.0,0.0
2005-03-03,121.66000366210938,121.9000015258789,120.69999694824219,121.22000122070312,81.79539489746094,61230800,0.0,0.0,0.0
2005-03-04,122.05000305175781,122.83000183105469,121.79000091552734,122.7300033569336,82.8143081665039,56168500,0.0,0.0,0.0
2005-03-07,122.66000366210938,123.25,122.4000015258789,122.79000091552734,82.85478973388672,43442400,0.0,0.0,0.0
2005-03-08,122.66999816894531,123.0,122.11000061035156,122.33000183105469,82.54438781738281,44362000,0.0,0.0,0.0
2005-03-09,121.97000122070312,122.29000091552734,120.95999908447266,120.97000122070312,81.626708984375,73263600,0.0,0.0,0.0
2005-03-10,121.19999694824219,121.5,120.4000015258789,121.23999786376953,81.80888366699219,65149000,0.0,0.0,0.0
2005-03-11,121.30999755859375,121.72000122070312,120.16000366210938,120.38999938964844,81.23532104492188,57976500,0.0,0.0,0.0
2005-03-14,120.61000061035156,121.16000366210938,120.27999877929688,121.13999938964844,81.74137115478516,36336400,0.0,0.0,0.0
2005-03-15,121.41999816894531,121.45999908447266,120.08000183105469,120.13999938964844,81.06665802001953,62438500,0.0,0.0,0.0
2005-03-16,119.69999694824219,120.16000366210938,118.9000015258789,119.12000274658203,80.37837982177734,74874200,0.0,0.0,0.0
2005-03-17,119.30999755859375,119.73999786376953,118.9800033569336,119.36000061035156,80.540283203125,62584200,0.0,0.0,0.0
2005-03-18,119.11000061035156,119.52999877929688,118.1500015258789,118.54000091552734,80.30119323730469,60232000,0.467,0.0,0.0
2005-03-21,118.70999908447266,118.77999877929688,117.76000213623047,118.0999984741211,80.0031509399414,61244300,0.0,0.0,0.0
2005-03-22,118.37000274658203,118.93000030517578,116.9000015258789,116.9000015258789,79.19022369384766,92472400,0.0,0.0,0.0
2005-03-23,116.94999694824219,117.72000122070312,116.75,117.0,79.25798034667969,70817300,0.0,0.0,0.0
2005-03-24,117.45999908447266,117.98999786376953,117.05999755859375,117.13999938964844,79.35281372070312,51932500,0.0,0.0,0.0
2005-03-28,117.41999816894531,117.94000244140625,117.30999755859375,117.30999755859375,79.46797943115234,46765500,0.0,0.0,0.0
2005-03-29,117.13999938964844,117.9000015258789,116.25,116.52999877929688,78.9395751953125,71160300,0.0,0.0,0.0
2005-03-30,116.77999877929688,118.19999694824219,116.7699966430664,118.18000030517578,80.05733489990234,62002100,0.0,0.0,0.0
2005-03-31,118.19000244140625,118.45999908447266,117.87000274658203,117.95999908447266,79.90831756591797,64575400,0.0,0.0,0.0
2005-04-01,118.62999725341797,118.98999786376953,116.91000366210938,117.43000030517578,79.54924774169922,95255300,0.0,0.0,0.0
2005-04-04,117.36000061035156,117.86000061035156,116.73999786376953,117.62999725341797,79.6847152709961,71581200,0.0,0.0,0.0
2005-04-05,117.77999877929688,118.37999725341797,117.66999816894531,118.19000244140625,80.06407928466797,46853900,0.0,0.0,0.0
2005-04-06,118.44999694824219,118.94999694824219,118.18000030517578,118.5999984741211,80.34180450439453,53268200,0.0,0.0,0.0
2005-04-07,118.41000366210938,119.26000213623047,118.31999969482422,119.23999786376953,80.77537536621094,46734600,0.0,0.0,0.0
2005-04-08,119.16999816894531,119.20999908447266,118.0,118.0,79.93537902832031,63772900,0.0,0.0,0.0
2005-04-11,118.29000091552734,118.41999816894531,117.83000183105469,118.08999633789062,79.99633026123047,44945000,0.0,0.0,0.0
2005-04-12,117.88999938964844,119.05999755859375,117.06999969482422,118.69999694824219,80.40957641601562,86144800,0.0,0.0,0.0
2005-04-13,118.55999755859375,118.80000305175781,117.12999725341797,117.30000305175781,79.46116638183594,65949000,0.0,0.0,0.0
2005-04-14,117.4000015258789,117.5,115.7699966430664,115.7699966430664,78.42471313476562,96119800,0.0,0.0,0.0
2005-04-15,115.73999786376953,116.19999694824219,114.0999984741211,114.1500015258789,77.32733154296875,128677300,0.0,0.0,0.0
2005-04-18,114.12000274658203,114.95999908447266,113.95999908447266,114.5,77.56439971923828,100035200,0.0,0.0,0.0
2005-04-19,115.0999984741211,115.52999877929688,114.83000183105469,115.41000366210938,78.18087768554688,64930100,0.0,0.0,0.0
2005-04-20,115.37999725341797,115.62999725341797,113.55000305175781,113.80000305175781,77.0902328491211,107735900,0.0,0.0,0.0
2005-04-21,114.79000091552734,116.20999908447266,114.37999725341797,116.01000213623047,78.58731079101562,86952200,0.0,0.0,0.0
2005-04-22,115.73999786376953,116.5,114.2699966430664,115.56999969482422,78.28926086425781,88845800,0.0,0.0,0.0
2005-04-25,115.86000061035156,116.5,115.72000122070312,116.33000183105469,78.80409240722656,52284100,0.0,0.0,0.0
2005-04-26,115.95999908447266,116.7699966430664,115.1500015258789,115.19999694824219,78.03862762451172,72626000,0.0,0.0,0.0
2005-04-27,114.86000061035156,116.06999969482422,114.44000244140625,115.6500015258789,78.34343719482422,84131900,0.0,0.0,0.0
2005-04-28,115.2699966430664,115.68000030517578,114.19999694824219,114.19999694824219,77.36119842529297,72481500,0.0,0.0,0.0
2005-04-29,115.06999969482422,115.87000274658203,113.97000122070312,115.75,78.41117858886719,103993800,0.0,0.0,0.0
2005-05-02,116.06999969482422,116.41000366210938,115.5199966430664,116.4000015258789,78.8515396118164,56026400,0.0,0.0,0.0
2005-05-03,116.06999969482422,116.8499984741211,115.69000244140625,116.5999984741211,78.98702239990234,86000300,0.0,0.0,0.0
2005-05-04,116.6500015258789,117.75,116.27999877929688,117.5,79.59664916992188,81055700,0.0,0.0,0.0
2005-05-05,117.66999816894531,118.0,116.73999786376953,117.45999908447266,79.56957244873047,96906700,0.0,0.0,0.0
2005-05-06,117.93000030517578,117.98999786376953,117.05999755859375,117.08999633789062,79.3189468383789,67415400,0.0,0.0,0.0
2005-05-09,117.20999908447266,118.08000183105469,117.05000305175781,117.81999969482422,79.81343078613281,43750500,0.0,0.0,0.0
2005-05-10,117.36000061035156,117.5,116.38999938964844,116.5999984741211,78.98702239990234,74613500,0.0,0.0,0.0
2005-05-11,116.93000030517578,117.4000015258789,115.8499984741211,117.23999786376953,79.42053985595703,91647400,0.0,0.0,0.0
2005-05-12,117.31999969482422,117.58999633789062,115.94999694824219,115.94999694824219,78.54668426513672,95086800,0.0,0.0,0.0
2005-05-13,116.30000305175781,116.62000274658203,114.80000305175781,115.72000122070312,78.39087677001953,85267000,0.0,0.0,0.0
2005-05-16,115.69999694824219,116.83999633789062,115.66000366210938,116.80000305175781,79.12247467041016,49207000,0.0,0.0,0.0
2005-05-17,116.41000366210938,117.69999694824219,116.16000366210938,117.58000183105469,79.6509017944336,61071800,0.0,0.0,0.0
2005-05-18,118.08999633789062,119.08000183105469,118.01000213623047,118.79000091552734,80.47055053710938,77944900,0.0,0.0,0.0
2005-05-19,119.0199966430664,119.41000366210938,118.69999694824219,119.29000091552734,80.80928039550781,61768100,0.0,0.0,0.0
2005-05-20,119.33999633789062,119.38999938964844,118.73999786376953,119.12000274658203,80.6940689086914,46345500,0.0,0.0,0.0
2005-05-23,119.20999908447266,120.04000091552734,119.19000244140625,119.77999877929688,81.14122772216797,51047900,0.0,0.0,0.0
2005-05-24,119.44000244140625,119.83000183105469,119.19999694824219,119.5,80.95152282714844,50654100,0.0,0.0,0.0
2005-05-25,119.3499984741211,119.87000274658203,118.83000183105469,119.41000366210938,80.89053344726562,47608800,0.0,0.0,0.0
2005-05-26,119.79000091552734,120.20999908447266,119.62000274658203,120.05000305175781,81.32408142089844,43256200,0.0,0.0,0.0
2005-05-27,120.05999755859375,120.25,119.80000305175781,120.25,81.45954895019531,24596100,0.0,0.0,0.0
2005-05-31,120.08000183105469,120.16999816894531,119.4000015258789,119.4800033569336,80.9379653930664,43377200,0.0,0.0,0.0
2005-06-01,119.5199966430664,120.91999816894531,119.44999694824219,120.5,81.62893676757812,69611000,0.0,0.0,0.0
2005-06-02,120.2300033569336,120.83999633789062,120.0999984741211,120.76000213623047,81.80506896972656,39704500,0.0,0.0,0.0
2005-06-03,120.55000305175781,120.88999938964844,119.7300033569336,120.1500015258789,81.391845703125,60999400,0.0,0.0,0.0
2005-06-06,119.94999694824219,120.19999694824219,119.55000305175781,120.04000091552734,81.31732177734375,36046400,0.0,0.0,0.0
2005-06-07,120.38999938964844,121.25,120.01000213623047,120.12999725341797,81.37828063964844,66501300,0.0,0.0,0.0
2005-06-08,120.43000030517578,120.58999633789062,119.66999816894531,119.91000366210938,81.2292709350586,46881200,0.0,0.0,0.0
2005-06-09,119.73999786376953,120.58000183105469,119.44000244140625,120.4800033569336,81.6153793334961,56653300,0.0,0.0,0.0
2005-06-10,120.55999755859375,120.6500015258789,119.5999984741211,120.19999694824219,81.42571258544922,36465300,0.0,0.0,0.0
2005-06-13,119.94000244140625,121.08000183105469,119.80999755859375,120.58000183105469,81.68313598632812,49383200,0.0,0.0,0.0
2005-06-14,120.44999694824219,121.19999694824219,120.37999725341797,120.86000061035156,81.87281799316406,33857100,0.0,0.0,0.0
2005-06-15,121.16000366210938,121.23999786376953,120.2300033569336,121.08999633789062,82.02861022949219,53195600,0.0,0.0,0.0
2005-06-16,121.05999755859375,121.63999938964844,120.91999816894531,121.4000015258789,82.23860168457031,46564500,0.0,0.0,0.0
2005-06-17,121.54000091552734,121.9000015258789,121.22000122070312,121.36000061035156,82.54330444335938,51529400,0.488,0.0,0.0
2005-06-20,121.08000183105469,121.83999633789062,120.94000244140625,121.4000015258789,82.57052612304688,41019400,0.0,0.0,0.0
2005-06-21,121.5,121.6500015258789,121.02999877929688,121.47000122070312,82.61812591552734,39879800,0.0,0.0,0.0
2005-06-22,121.68000030517578,121.94000244140625,121.06999969482422,121.56999969482422,82.68612670898438,46310100,0.0,0.0,0.0
2005-06-23,121.31999969482422,121.5999984741211,119.83000183105469,119.86000061035156,81.52311706542969,62185600,0.0,0.0,0.0
2005-06-24,119.87999725341797,120.01000213623047,118.83999633789062,118.9800033569336,80.924560546875,58572500,0.0,0.0,0.0
2005-06-27,118.97000122070312,119.41000366210938,118.75,119.1500015258789,81.0401840209961,48183800,0.0,0.0,0.0
2005-06-28,119.4000015258789,120.23999786376953,119.37000274658203,120.1500015258789,81.72030639648438,41174200,0.0,0.0,0.0
2005-06-29,120.37000274658203,120.4000015258789,119.76000213623047,119.83000183105469,81.50270080566406,42316500,0.0,0.0,0.0
2005-06-30,120.22000122070312,120.31999969482422,118.94999694824219,119.18000030517578,81.06058502197266,62288800,0.0,0.0,0.0
2005-07-01,119.44999694824219,119.80000305175781,119.20999908447266,119.52999877929688,81.29863739013672,49737500,0.0,0.0,0.0
2005-07-05,119.25,120.6500015258789,119.19000244140625,120.48999786376953,81.95157623291016,51549000,0.0,0.0,0.0
2005-07-06,120.38999938964844,120.6500015258789,119.41000366210938,119.4800033569336,81.26461791992188,52363600,0.0,0.0,0.0
2005-07-07,118.29000091552734,119.94999694824219,118.26000213623047,119.94999694824219,81.58430480957031,103268800,0.0,0.0,0.0
2005-07-08,119.97000122070312,121.31999969482422,119.72000122070312,121.31999969482422,82.51610565185547,64491200,0.0,0.0,0.0
2005-07-11,121.33000183105469,122.0999984741211,121.30999755859375,121.94000244140625,82.93780517578125,49688300,0.0,0.0,0.0
2005-07-12,121.98999786376953,122.62999725341797,121.63999938964844,122.26000213623047,83.15546417236328,51871100,0.0,0.0,0.0
2005-07-13,122.2699966430664,122.5199966430664,121.98999786376953,122.43000030517578,83.27108764648438,41182300,0.0,0.0,0.0
2005-07-14,122.9800033569336,123.44000244140625,122.48999786376953,122.91000366210938,83.59757995605469,63638800,0.0,0.0,0.0
2005-07-15,122.79000091552734,123.04000091552734,122.36000061035156,122.83999633789062,83.54991912841797,56075900,0.0,0.0,0.0
2005-07-18,122.5,122.62999725341797,122.05000305175781,122.3499984741211,83.21665954589844,56598400,0.0,0.0,0.0
2005-07-19,122.70999908447266,123.11000061035156,122.41000366210938,123.0199966430664,83.67234802246094,59165700,0.0,0.0,0.0
2005-07-20,122.58999633789062,123.7300033569336,122.30000305175781,123.44000244140625,83.95803833007812,69477000,0.0,0.0,0.0
2005-07-21,123.55000305175781,123.61000061035156,122.47000122070312,122.72000122070312,83.46830749511719,101110900,0.0,0.0,0.0
2005-07-22,122.87999725341797,123.55999755859375,122.62999725341797,123.54000091552734,84.02603149414062,52607100,0.0,0.0,0.0
2005-07-25,123.41000366210938,123.94999694824219,122.8499984741211,123.19000244140625,83.78800201416016,57301600,0.0,0.0,0.0
2005-07-26,123.2300033569336,123.52999877929688,122.94999694824219,123.33999633789062,83.89002227783203,42758800,0.0,0.0,0.0
2005-07-27,123.5,123.88999938964844,123.05000305175781,123.79000091552734,84.19609069824219,43181600,0.0,0.0,0.0
2005-07-28,123.95999908447266,124.63999938964844,123.63999938964844,124.56999969482422,84.72662353515625,47880700,0.0,0.0,0.0
2005-07-29,124.41000366210938,124.62999725341797,123.5,123.73999786376953,84.16207122802734,62358100,0.0,0.0,0.0
2005-08-01,123.83000183105469,124.04000091552734,123.44999694824219,123.6500015258789,84.1008529663086,40418200,0.0,0.0,0.0
2005-08-02,123.87000274658203,124.5999984741211,123.73999786376953,124.38999938964844,84.60421752929688,45147400,0.0,0.0,0.0
2005-08-03,124.25,124.73999786376953,124.12000274658203,124.72000122070312,84.82859802246094,36837200,0.0,0.0,0.0
2005-08-04,124.2300033569336,124.30999755859375,123.56999969482422,123.72000122070312,84.14847564697266,50855600,0.0,0.0,0.0
2005-08-05,123.44999694824219,123.9800033569336,122.66999816894531,122.87999725341797,83.57711791992188,53595500,0.0,0.0,0.0
2005-08-08,123.1500015258789,123.41000366210938,122.37999725341797,122.6500015258789,83.42071533203125,47616000,0.0,0.0,0.0
2005-08-09,123.05999755859375,123.58999633789062,122.87000274658203,123.38999938964844,83.92403411865234,47170000,0.0,0.0,0.0
2005-08-10,123.81999969482422,124.5,122.81999969482422,123.33000183105469,83.8832015991211,72863700,0.0,0.0,0.0
2005-08-11,123.2699966430664,124.02999877929688,123.01000213623047,123.81999969482422,84.21649169921875,58570200,0.0,0.0,0.0
2005-08-12,123.56999969482422,123.69000244140625,122.75,123.05999755859375,83.69956970214844,54776900,0.0,0.0,0.0
2005-08-15,123.22000122070312,123.87000274658203,122.83000183105469,123.81999969482422,84.21649169921875,36208500,0.0,0.0,0.0
2005-08-16,123.44000244140625,123.5199966430664,122.08999633789062,122.20999908447266,83.12142944335938,71942100,0.0,0.0,0.0
2005-08-17,122.19000244140625,122.87000274658203,122.02999877929688,122.19999694824219,83.11466979980469,62275100,0.0,0.0,0.0
2005-08-18,122.05000305175781,122.55999755859375,121.83999633789062,122.19000244140625,83.10781860351562,53388600,0.0,0.0,0.0
2005-08-19,122.62999725341797,122.81999969482422,122.19999694824219,122.47000122070312,83.29829406738281,39842100,0.0,0.0,0.0
2005-08-22,122.58000183105469,123.2300033569336,121.87999725341797,122.47000122070312,83.29829406738281,69912000,0.0,0.0,0.0
2005-08-23,122.5,122.61000061035156,121.1500015258789,122.23999786376953,83.14186096191406,55168600,0.0,0.0,0.0
2005-08-24,121.94000244140625,122.7300033569336,121.08999633789062,121.1500015258789,82.40049743652344,79104600,0.0,0.0,0.0
2005-08-25,121.3499984741211,121.66999816894531,121.20999908447266,121.58999633789062,82.69974517822266,35631100,0.0,0.0,0.0
2005-08-26,121.4800033569336,121.48999786376953,120.68000030517578,120.76000213623047,82.13523864746094,61956800,0.0,0.0,0.0
2005-08-29,120.41000366210938,121.77999877929688,120.37999725341797,121.69000244140625,82.76778411865234,56179200,0.0,0.0,0.0
2005-08-30,121.25,121.30000305175781,120.38999938964844,121.05000305175781,82.33245849609375,74160200,0.0,0.0,0.0
2005-08-31,121.19000244140625,122.66000366210938,120.73999786376953,122.58000183105469,83.37312316894531,102945200,0.0,0.0,0.0
2005-09-01,122.5199966430664,123.1500015258789,121.13999938964844,122.48999786376953,83.31189727783203,74578700,0.0,0.0,0.0
2005-09-02,122.8499984741211,122.87999725341797,122.04000091552734,122.2699966430664,83.1622543334961,47653400,0.0,0.0,0.0
2005-09-06,122.66000366210938,123.80000305175781,122.6500015258789,123.69999694824219,84.13489532470703,57251300,0.0,0.0,0.0
2005-09-07,123.62999725341797,124.12999725341797,123.45999908447266,123.91000366210938,84.27770233154297,41749700,0.0,0.0,0.0
2005-09-08,123.66000366210938,124.0,123.30999755859375,123.5,83.99884796142578,39068700,0.0,0.0,0.0
2005-09-09,123.83000183105469,124.73999786376953,123.80000305175781,124.5999984741211,84.74700927734375,43093900,0.0,0.0,0.0
2005-09-12,124.44999694824219,124.66999816894531,124.2699966430664,124.3499984741211,84.57695007324219,33017600,0.0,0.0,0.0
2005-09-13,124.12999725341797,124.41999816894531,123.5199966430664,123.66000366210938,84.10765838623047,58427500,0.0,0.0,0.0
2005-09-14,123.73999786376953,123.91999816894531,123.0199966430664,123.20999908447266,83.80162048339844,57694600,0.0,0.0,0.0
2005-09-15,123.58999633789062,123.6500015258789,122.9000015258789,123.1500015258789,83.76077270507812,73156900,0.0,0.0,0.0
2005-09-16,123.30000305175781,123.73999786376953,122.87000274658203,123.5,84.35639953613281,75424100,0.522,0.0,0.0
2005-09-19,123.47000122070312,123.55000305175781,122.63999938964844,123.08999633789062,84.07634735107422,53355300,0.0,0.0,0.0
2005-09-20,123.19999694824219,123.61000061035156,121.87000274658203,122.05000305175781,83.3659896850586,84480300,0.0,0.0,0.0
2005-09-21,121.79000091552734,121.87000274658203,120.77999877929688,120.91000366210938,82.58731842041016,94469100,0.0,0.0,0.0
2005-09-22,120.94999694824219,121.66000366210938,120.44000244140625,121.33999633789062,82.88101959228516,84597200,0.0,0.0,0.0
2005-09-23,121.23999786376953,121.88999938964844,120.9000015258789,121.44000244140625,82.94932556152344,59368100,0.0,0.0,0.0
2005-09-26,122.0199966430664,122.23999786376953,121.08000183105469,121.58000183105469,83.04496002197266,70415400,0.0,0.0,0.0
2005-09-27,121.5199966430664,121.98999786376953,121.0199966430664,121.55000305175781,83.02445983886719,66150800,0.0,0.0,0.0
2005-09-28,121.93000030517578,122.12000274658203,121.19999694824219,121.66999816894531,83.1064224243164,58620500,0.0,0.0,0.0
2005-09-29,121.55000305175781,122.86000061035156,121.08000183105469,122.66000366210938,83.78264617919922,66607700,0.0,0.0,0.0
2005-09-30,122.62000274658203,123.04000091552734,121.73999786376953,123.04000091552734,84.04218292236328,47824200,0.0,0.0,0.0
2005-10-03,122.95999908447266,123.33999633789062,122.44999694824219,122.5999984741211,83.74165344238281,50994800,0.0,0.0,0.0
2005-10-04,122.79000091552734,123.02999877929688,121.16000366210938,121.22000122070312,82.79902648925781,60776300,0.0,0.0,0.0
2005-10-05,121.25,121.30999755859375,119.56999969482422,119.62999725341797,81.71299743652344,106052100,0.0,0.0,0.0
2005-10-06,119.77999877929688,120.26000213623047,118.16999816894531,119.19999694824219,81.41931915283203,140941800,0.0,0.0,0.0
2005-10-07,119.69999694824219,120.05000305175781,119.12999725341797,119.61000061035156,81.69934844970703,75661400,0.0,0.0,0.0
2005-10-10,119.68000030517578,119.70999908447266,118.30000305175781,118.5999984741211,81.00944519042969,52677000,0.0,0.0,0.0
2005-10-11,118.98999786376953,119.38999938964844,118.31999969482422,118.43000030517578,80.89335632324219,75629800,0.0,0.0,0.0
2005-10-12,118.38999938964844,119.12999725341797,117.41000366210938,117.5,80.25812530517578,100510400,0.0,0.0,0.0
2005-10-13,117.45999908447266,118.08000183105469,116.87999725341797,117.43000030517578,80.21031188964844,99052900,0.0,0.0,0.0
2005-10-14,118.12000274658203,118.80999755859375,117.55999755859375,118.66999816894531,81.05729675292969,88651000,0.0,0.0,0.0
2005-10-17,118.80000305175781,119.2699966430664,118.44999694824219,119.11000061035156,81.35783386230469,68109300,0.0,0.0,0.0
2005-10-18,118.94000244140625,118.95999908447266,117.80000305175781,117.81999969482422,80.47669219970703,74996900,0.0,0.0,0.0
2005-10-19,117.5,119.80000305175781,117.12000274658203,119.77999877929688,81.81549835205078,116563800,0.0,0.0,0.0
2005-10-20,119.48999786376953,119.80999755859375,117.30000305175781,117.66999816894531,80.37419891357422,131966700,0.0,0.0,0.0
2005-10-21,118.29000091552734,118.77999877929688,117.51000213623047,118.12999725341797,80.68842315673828,96579500,0.0,0.0,0.0
2005-10-24,118.44000244140625,120.08999633789062,118.41000366210938,119.95999908447266,81.93839263916016,71308400,0.0,0.0,0.0
2005-10-25,119.72000122070312,120.23999786376953,118.94000244140625,119.72000122070312,81.77452087402344,76594500,0.0,0.0,0.0
2005-10-26,119.51000213623047,120.54000091552734,119.19000244140625,119.37000274658203,81.53541564941406,80855800,0.0,0.0,0.0
2005-10-27,119.19999694824219,119.37000274658203,117.93000030517578,118.0999984741211,80.6679458618164,66623100,0.0,0.0,0.0
2005-10-28,118.43000030517578,119.94999694824219,118.0999984741211,119.80000305175781,81.8291244506836,72322000,0.0,0.0,0.0
2005-10-31,120.29000091552734,121.30000305175781,120.12999725341797,120.12999725341797,82.05452728271484,77698900,0.0,0.0,0.0
2005-11-01,120.58000183105469,120.9000015258789,120.22000122070312,120.48999786376953,82.30042266845703,66365100,0.0,0.0,0.0
2005-11-02,120.16999816894531,121.75,120.12999725341797,121.75,83.1611099243164,74012300,0.0,0.0,0.0
2005-11-03,122.1500015258789,122.66000366210938,121.75,122.2699966430664,83.51626586914062,84897600,0.0,0.0,0.0
2005-11-04,122.4000015258789,122.45999908447266,121.55000305175781,122.11000061035156,83.40696716308594,59156000,0.0,0.0,0.0
2005-11-07,122.37000274658203,122.62000274658203,121.8499984741211,122.2300033569336,83.48894500732422,46765400,0.0,0.0,0.0
2005-11-08,121.93000030517578,122.41999816894531,121.79000091552734,122.2300033569336,83.48894500732422,42152800,0.0,0.0,0.0
2005-11-09,122.08000183105469,122.94999694824219,121.86000061035156,122.38999938964844,83.59819793701172,57666800,0.0,0.0,0.0
2005-11-10,122.33999633789062,123.5199966430664,121.75,123.33999633789062,84.24710845947266,79048100,0.0,0.0,0.0
2005-11-11,123.3499984741211,123.83999633789062,122.43000030517578,123.76000213623047,84.53397369384766,34867000,0.0,0.0,0.0
2005-11-14,123.79000091552734,124.0199966430664,123.37999725341797,123.69000244140625,84.4861831665039,45092200,0.0,0.0,0.0
2005-11-15,123.55000305175781,124.08999633789062,122.86000061035156,123.23999786376953,84.17880249023438,69592500,0.0,0.0,0.0
2005-11-16,123.37000274658203,123.55000305175781,122.9800033569336,123.48999786376953,84.34959411621094,51133000,0.0,0.0,0.0
2005-11-17,123.68000030517578,124.6500015258789,123.13999938964844,124.63999938964844,85.13506317138672,55717500,0.0,0.0,0.0
2005-11-18,125.05999755859375,125.27999877929688,124.33000183105469,125.12999725341797,85.46977996826172,72437200,0.0,0.0,0.0
2005-11-21,125.1500015258789,125.91000366210938,124.9800033569336,125.76000213623047,85.90010833740234,50021200,0.0,0.0,0.0
2005-11-22,125.55999755859375,126.5199966430664,125.41999816894531,126.30000305175781,86.26893615722656,66438800,0.0,0.0,0.0
2005-11-23,126.25,127.41000366210938,126.20999908447266,127.02999877929688,86.76756286621094,50854700,0.0,0.0,0.0
2005-11-25,126.9800033569336,127.22000122070312,126.80999755859375,127.12999725341797,86.83586883544922,15270000,0.0,0.0,0.0
2005-11-28,127.25,127.2699966430664,126.04000091552734,126.2300033569336,86.22112274169922,54498500,0.0,0.0,0.0
2005-11-29,126.6500015258789,126.9800033569336,126.08999633789062,126.08999633789062,86.12549591064453,51738900,0.0,0.0,0.0
2005-11-30,126.16000366210938,126.5199966430664,125.29000091552734,125.41000366210938,85.66102600097656,56007200,0.0,0.0,0.0
2005-12-01,126.0199966430664,127.02999877929688,125.9800033569336,126.69000244140625,86.53536224365234,65468200,0.0,0.0,0.0
2005-12-02,126.7699966430664,127.08000183105469,126.5,126.8499984741211,86.64460754394531,46699400,0.0,0.0,0.0
2005-12-05,126.69999694824219,126.7300033569336,126.18000030517578,126.58000183105469,86.46022033691406,59273400,0.0,0.0,0.0
2005-12-06,127.05000305175781,127.73999786376953,126.62999725341797,126.81999969482422,86.62413787841797,57935200,0.0,0.0,0.0
2005-12-07,126.7699966430664,126.87000274658203,125.68000030517578,126.08000183105469,86.11868286132812,66816500,0.0,0.0,0.0
2005-12-08,126.22000122070312,126.81999969482422,125.4800033569336,126.0,86.06401824951172,62608600,0.0,0.0,0.0
2005-12-09,126.16000366210938,126.77999877929688,125.81999969482422,126.33000183105469,86.2894287109375,50744500,0.0,0.0,0.0
2005-12-12,126.70999908447266,126.86000061035156,125.95999908447266,126.44999694824219,86.37142181396484,48389900,0.0,0.0,0.0
2005-12-13,126.41999816894531,127.69999694824219,126.29000091552734,127.30999755859375,86.95883178710938,88630900,0.0,0.0,0.0
2005-12-14,127.19000244140625,128.08999633789062,127.13999938964844,127.80999755859375,87.30033874511719,64375000,0.0,0.0,0.0
2005-12-15,127.83999633789062,128.0,127.18000030517578,127.44000244140625,87.04761505126953,55900300,0.0,0.0,0.0
2005-12-16,127.27999877929688,127.36000061035156,126.36000061035156,126.36000061035156,86.76744842529297,46238300,0.672,0.0,0.0
2005-12-19,126.7300033569336,126.87000274658203,125.69000244140625,125.70999908447266,86.32112884521484,48733000,0.0,0.0,0.0
2005-12-20,125.86000061035156,126.58999633789062,125.4800033569336,125.83000183105469,86.40353393554688,46603200,0.0,0.0,0.0
2005-12-21,126.22000122070312,126.76000213623047,125.80000305175781,126.02999877929688,86.54085540771484,51806900,0.0,0.0,0.0
2005-12-22,126.30999755859375,126.69000244140625,126.08000183105469,126.69000244140625,86.99407196044922,32247900,0.0,0.0,0.0
2005-12-23,126.77999877929688,126.86000061035156,126.41999816894531,126.76000213623047,87.04214477539062,27977300,0.0,0.0,0.0
2005-12-27,126.95999908447266,127.05000305175781,125.37999725341797,125.47000122070312,86.15628814697266,44499500,0.0,0.0,0.0
2005-12-28,125.73999786376953,125.98999786376953,125.5,125.75,86.34858703613281,30764300,0.0,0.0,0.0
2005-12-29,125.72000122070312,125.95999908447266,125.05999755859375,125.19000244140625,85.96405029296875,32788900,0.0,0.0,0.0
2005-12-30,124.80000305175781,125.05999755859375,124.36000061035156,124.51000213623047,85.49711608886719,44645600,0.0,0.0,0.0
2006-01-03,125.19000244140625,127.0,124.38999938964844,126.69999694824219,87.00093078613281,73256700,0.0,0.0,0.0
2006-01-04,126.86000061035156,127.48999786376953,126.69999694824219,127.30000305175781,87.41294860839844,51899600,0.0,0.0,0.0
2006-01-05,127.1500015258789,127.58999633789062,126.87999725341797,127.37999725341797,87.46785736083984,47307500,0.0,0.0,0.0
2006-01-06,128.02000427246094,128.5800018310547,127.36000061035156,128.44000244140625,88.19574737548828,62885900,0.0,0.0,0.0
2006-01-09,128.4199981689453,129.05999755859375,128.3800048828125,128.77000427246094,88.42230987548828,43527400,0.0,0.0,0.0
2006-01-10,128.38999938964844,128.97999572753906,128.25999450683594,128.89999389648438,88.51158905029297,44960800,0.0,0.0,0.0
2006-01-11,129.02000427246094,129.44000244140625,128.72999572753906,129.30999755859375,88.79310607910156,49598900,0.0,0.0,0.0
2006-01-12,129.0800018310547,129.27999877929688,128.44000244140625,128.8000030517578,88.44292449951172,40509200,0.0,0.0,0.0
2006-01-13,128.57000732421875,128.89999389648438,128.1999969482422,128.67999267578125,88.36051940917969,44856700,0.0,0.0,0.0
2006-01-17,128.1999969482422,128.4199981689453,127.80999755859375,128.3300018310547,88.12019348144531,52066600,0.0,0.0,0.0
2006-01-18,127.58000183105469,128.89999389648438,127.16000366210938,127.81999969482422,87.7699966430664,75067600,0.0,0.0,0.0
2006-01-19,128.1300048828125,128.77000427246094,127.80999755859375,128.30999755859375,88.1064682006836,81530400,0.0,0.0,0.0
2006-01-20,128.27999877929688,128.30999755859375,125.97000122070312,125.97000122070312,86.49964141845703,114957800,0.0,0.0,0.0
2006-01-23,126.20999908447266,126.81999969482422,126.12999725341797,126.41999816894531,86.80868530273438,67017400,0.0,0.0,0.0
2006-01-24,126.62999725341797,127.1500015258789,126.41999816894531,126.55000305175781,86.89791107177734,53008800,0.0,0.0,0.0
2006-01-25,127.04000091552734,127.18000030517578,125.83999633789062,126.66000366210938,86.97344207763672,87747700,0.0,0.0,0.0
2006-01-26,127.25,127.66999816894531,126.76000213623047,127.36000061035156,87.45410919189453,71294000,0.0,0.0,0.0
2006-01-27,127.66000366210938,128.66000366210938,127.44999694824219,128.5399932861328,88.26441192626953,65771200,0.0,0.0,0.0
2006-01-30,128.44000244140625,128.80999755859375,128.35000610351562,128.44000244140625,88.19574737548828,33709600,0.0,0.0,0.0
2006-01-31,128.32000732421875,128.5399932861328,127.48999786376953,127.5,87.55024719238281,72937000,0.0,0.0,0.0
2006-02-01,127.81999969482422,128.42999267578125,127.72000122070312,128.38999938964844,88.16136932373047,63561000,0.0,0.0,0.0
2006-02-02,128.10000610351562,128.13999938964844,126.80000305175781,126.9000015258789,87.1382827758789,83626900,0.0,0.0,0.0
2006-02-03,126.58000183105469,128.38999938964844,126.13999938964844,126.2699966430664,86.70563507080078,86040400,0.0,0.0,0.0
2006-02-06,126.44000244140625,126.80000305175781,126.16999816894531,126.5999984741211,86.93223571777344,45511900,0.0,0.0,0.0
2006-02-07,126.37999725341797,126.66000366210938,125.4000015258789,125.4800033569336,86.16315460205078,71208100,0.0,0.0,0.0
2006-02-08,125.8499984741211,128.10000610351562,125.5999984741211,126.62000274658203,86.94599151611328,59422200,0.0,0.0,0.0
2006-02-09,126.91999816894531,127.5999984741211,126.37000274658203,126.41000366210938,86.80177307128906,62023300,0.0,0.0,0.0
2006-02-10,126.43000030517578,127.12999725341797,125.44999694824219,126.63999938964844,86.95970916748047,64508700,0.0,0.0,0.0
2006-02-13,126.5999984741211,126.79000091552734,125.94999694824219,126.41000366210938,86.80177307128906,52308700,0.0,0.0,0.0
2006-02-14,126.45999908447266,128.02999877929688,126.20999908447266,127.75,87.721923828125,90964400,0.0,0.0,0.0
2006-02-15,127.68000030517578,128.32000732421875,127.23999786376953,128.1999969482422,88.03092193603516,85471300,0.0,0.0,0.0
2006-02-16,128.33999633789062,129.2100067138672,128.17999267578125,129.16000366210938,88.69015502929688,61017900,0.0,0.0,0.0
2006-02-17,129.0500030517578,129.16000366210938,128.5800018310547,128.80999755859375,88.44978332519531,40342600,0.0,0.0,0.0
2006-02-21,129.11000061035156,129.39999389648438,128.2899932861328,128.49000549316406,88.23004913330078,46456300,0.0,0.0,0.0
2006-02-22,128.77000427246094,129.64999389648438,128.64999389648438,129.27000427246094,88.76563262939453,42326700,0.0,0.0,0.0
2006-02-23,129.27000427246094,129.63999938964844,128.27999877929688,129.0800018310547,88.63520050048828,43423200,0.0,0.0,0.0
2006-02-24,129.11000061035156,129.47999572753906,128.75999450683594,129.41000366210938,88.8617935180664,36777400,0.0,0.0,0.0
2006-02-27,129.39999389648438,130.0399932861328,129.27999877929688,129.4600067138672,88.89616394042969,35858600,0.0,0.0,0.0
2006-02-28,129.1999969482422,129.91000366210938,128.1300048828125,128.22999572753906,88.05152893066406,74394800,0.0,0.0,0.0
2006-03-01,128.60000610351562,129.49000549316406,128.5,129.3699951171875,88.83432006835938,48641600,0.0,0.0,0.0
2006-03-02,128.89999389648438,129.4199981689453,128.61000061035156,129.36000061035156,88.82744598388672,60642300,0.0,0.0,0.0
2006-03-03,128.6699981689453,130.07000732421875,128.64999389648438,128.75999450683594,88.4154281616211,73402500,0.0,0.0,0.0
2006-03-06,129.13999938964844,129.17999267578125,127.8499984741211,128.1699981689453,88.01033020019531,57478400,0.0,0.0,0.0
2006-03-07,127.86000061035156,128.05999755859375,127.4000015258789,127.97000122070312,87.87298583984375,61780800,0.0,0.0,0.0
2006-03-08,127.69999694824219,128.44000244140625,127.18000030517578,128.24000549316406,88.05836486816406,66692400,0.0,0.0,0.0
2006-03-09,128.27999877929688,128.67999267578125,127.37999725341797,127.37999725341797,87.46785736083984,56313600,0.0,0.0,0.0
2006-03-10,127.70999908447266,128.83999633789062,127.44000244140625,128.58999633789062,88.29871368408203,60490800,0.0,0.0,0.0
2006-03-13,128.83999633789062,129.16000366210938,128.52999877929688,128.8300018310547,88.4635009765625,45479100,0.0,0.0,0.0
2006-03-14,128.7100067138672,130.22999572753906,128.61000061035156,130.17999267578125,89.39053344726562,69877300,0.0,0.0,0.0
2006-03-15,130.14999389648438,130.86000061035156,129.85000610351562,130.75999450683594,89.788818359375,53398900,0.0,0.0,0.0
2006-03-16,131.00999450683594,131.47000122070312,130.83999633789062,131.02999877929688,89.97421264648438,65526400,0.0,0.0,0.0
2006-03-17,130.67999267578125,130.89999389648438,130.3800048828125,130.6199951171875,90.04930877685547,47286800,0.519,0.0,0.0
2006-03-20,130.63999938964844,130.89999389648438,130.2100067138672,130.41000366210938,89.904541015625,45538500,0.0,0.0,0.0
2006-03-21,130.3699951171875,130.99000549316406,129.4499969482422,129.58999633789062,89.33924865722656,87102700,0.0,0.0,0.0
2006-03-22,129.50999450683594,130.50999450683594,129.4499969482422,130.3800048828125,89.88391876220703,51605700,0.0,0.0,0.0
2006-03-23,130.25999450683594,130.38999938964844,129.66000366210938,130.11000061035156,89.6977310180664,46704200,0.0,0.0,0.0
2006-03-24,129.99000549316406,130.57000732421875,129.74000549316406,130.2100067138672,89.76671600341797,43209200,0.0,0.0,0.0
2006-03-27,130.02999877929688,130.27999877929688,129.74000549316406,130.02000427246094,89.63569641113281,32523000,0.0,0.0,0.0
2006-03-28,129.92999267578125,130.52999877929688,129.0500030517578,129.22000122070312,89.08419036865234,82079900,0.0,0.0,0.0
2006-03-29,129.41000366210938,130.5,129.2899932861328,130.02999877929688,89.6426010131836,61505700,0.0,0.0,0.0
2006-03-30,130.11000061035156,130.97999572753906,129.5500030517578,129.8000030517578,89.48403930664062,70571700,0.0,0.0,0.0
2006-03-31,130.02000427246094,130.24000549316406,129.3699951171875,129.8300018310547,89.50469970703125,62925600,0.0,0.0,0.0
2006-04-03,130.07000732421875,130.8699951171875,129.49000549316406,129.72999572753906,89.43579864501953,61624700,0.0,0.0,0.0
2006-04-04,129.72999572753906,130.72999572753906,129.36000061035156,130.55999755859375,90.00794982910156,54809300,0.0,0.0,0.0
2006-04-05,130.61000061035156,131.27999877929688,130.3800048828125,131.00999450683594,90.31819915771484,50607200,0.0,0.0,0.0
2006-04-06,130.85000610351562,131.2100067138672,130.19000244140625,130.8699951171875,90.2217025756836,57906200,0.0,0.0,0.0
2006-04-07,131.05999755859375,131.39999389648438,129.35000610351562,129.5399932861328,89.30475616455078,80180900,0.0,0.0,0.0
2006-04-10,129.74000549316406,130.0800018310547,129.25999450683594,129.74000549316406,89.44268798828125,41496500,0.0,0.0,0.0
2006-04-11,129.85000610351562,130.05999755859375,128.25,128.63999938964844,88.6843032836914,72799400,0.0,0.0,0.0
2006-04-12,128.77000427246094,129.1300048828125,128.61000061035156,128.8800048828125,88.84979248046875,43033700,0.0,0.0,0.0
2006-04-13,128.58999633789062,129.25,128.30999755859375,128.7100067138672,88.73259735107422,51051800,0.0,0.0,0.0
2006-04-17,128.8300018310547,129.30999755859375,128.02000427246094,128.66000366210938,88.69810485839844,64167700,0.0,0.0,0.0
2006-04-18,128.92999267578125,130.94000244140625,128.92999267578125,130.6999969482422,90.10450744628906,92531800,0.0,0.0,0.0
2006-04-19,130.75,131.07000732421875,130.24000549316406,130.9499969482422,90.27682495117188,87269000,0.0,0.0,0.0
2006-04-20,131.0,131.86000061035156,130.60000610351562,131.1300048828125,90.40095520019531,86005500,0.0,0.0,0.0
2006-04-21,131.69000244140625,131.7899932861328,130.6199951171875,131.14999389648438,90.41473388671875,72342600,0.0,0.0,0.0
2006-04-24,130.88999938964844,131.07000732421875,130.3800048828125,130.91000366210938,90.24922180175781,52546400,0.0,0.0,0.0
2006-04-25,131.0399932861328,131.1199951171875,129.9199981689453,130.3699951171875,89.87701416015625,84359800,0.0,0.0,0.0
2006-04-26,130.5,131.13999938964844,130.3000030517578,130.39999389648438,89.89764404296875,67262400,0.0,0.0,0.0
2006-04-27,129.89999389648438,131.6300048828125,129.58999633789062,131.02999877929688,90.33199310302734,124478600,0.0,0.0,0.0
2006-04-28,130.7899932861328,131.75,130.7100067138672,131.47000122070312,90.63532257080078,55854400,0.0,0.0,0.0
2006-05-01,131.47000122070312,131.8000030517578,130.32000732421875,130.39999389648438,89.89764404296875,64990300,0.0,0.0,0.0
2006-05-02,131.00999450683594,131.4600067138672,130.74000549316406,131.3800048828125,90.57331085205078,49063500,0.0,0.0,0.0
2006-05-03,131.14999389648438,131.32000732421875,130.4499969482422,130.88999938964844,90.23545837402344,60821300,0.0,0.0,0.0
2006-05-04,131.0800018310547,131.6199951171875,130.97000122070312,131.36000061035156,90.55949401855469,42921400,0.0,0.0,0.0
2006-05-05,132.0500030517578,132.8000030517578,131.85000610351562,132.52000427246094,91.35921478271484,62588200,0.0,0.0,0.0
2006-05-08,132.50999450683594,132.77000427246094,132.36000061035156,132.36000061035156,91.2489013671875,30016700,0.0,0.0,0.0
2006-05-09,132.4199981689453,132.77000427246094,132.30999755859375,132.6199951171875,91.4281234741211,29864000,0.0,0.0,0.0
2006-05-10,132.41000366210938,132.75,131.88999938964844,132.5500030517578,91.3798828125,64378200,0.0,0.0,0.0
2006-05-11,132.50999450683594,132.5500030517578,130.52000427246094,130.9499969482422,90.27682495117188,80626900,0.0,0.0,0.0
2006-05-12,130.36000061035156,130.72000122070312,129.19000244140625,129.24000549316406,89.09796905517578,91726500,0.0,0.0,0.0
2006-05-15,128.7899932861328,129.74000549316406,128.61000061035156,129.5,89.2771987915039,84029300,0.0,0.0,0.0
2006-05-16,129.75999450683594,130.0,129.00999450683594,129.30999755859375,89.1462173461914,62137600,0.0,0.0,0.0
2006-05-17,128.6699981689453,129.10000610351562,126.7699966430664,126.8499984741211,87.45027923583984,144789500,0.0,0.0,0.0
2006-05-18,127.3499984741211,127.75,126.11000061035156,126.20999908447266,87.00912475585938,87906300,0.0,0.0,0.0
2006-05-19,126.87000274658203,127.48999786376953,125.80000305175781,127.0999984741211,87.6226806640625,124309400,0.0,0.0,0.0
2006-05-22,126.27999877929688,127.16999816894531,125.5,126.12999725341797,86.95391845703125,110852800,0.0,0.0,0.0
2006-05-23,127.18000030517578,127.62999725341797,125.16999816894531,125.16999816894531,86.29212188720703,92006500,0.0,0.0,0.0
2006-05-24,125.68000030517578,126.88999938964844,124.76000213623047,126.16999816894531,86.98151397705078,168405000,0.0,0.0,0.0
2006-05-25,126.91999816894531,127.7300033569336,126.43000030517578,127.7300033569336,88.05697631835938,78977900,0.0,0.0,0.0
2006-05-26,128.00999450683594,128.3800048828125,127.51000213623047,128.3800048828125,88.50506591796875,62989700,0.0,0.0,0.0
2006-05-30,127.97000122070312,128.0,126.05000305175781,126.0999984741211,86.9332504272461,72419900,0.0,0.0,0.0
2006-05-31,126.62000274658203,127.51000213623047,126.19999694824219,127.51000213623047,87.90531921386719,86926200,0.0,0.0,0.0
2006-06-01,127.37999725341797,128.94000244140625,127.2699966430664,128.72999572753906,88.74635314941406,73721700,0.0,0.0,0.0
2006-06-02,129.25,129.42999267578125,128.32000732421875,129.0,88.93251037597656,91702600,0.0,0.0,0.0
2006-06-05,128.85000610351562,128.86000061035156,126.7699966430664,127.12000274658203,87.6364517211914,86105100,0.0,0.0,0.0
2006-06-06,127.20999908447266,127.37999725341797,125.76000213623047,126.80999755859375,87.42272186279297,130498600,0.0,0.0,0.0
2006-06-07,126.91000366210938,127.6500015258789,125.79000091552734,125.86000061035156,86.7677993774414,108599400,0.0,0.0,0.0
2006-06-08,125.58000183105469,126.5,123.87000274658203,125.75,86.69193267822266,204957200,0.0,0.0,0.0
2006-06-09,126.36000061035156,126.95999908447266,125.29000091552734,125.3499984741211,86.41619873046875,94972200,0.0,0.0,0.0
2006-06-12,125.87999725341797,125.93000030517578,123.81999969482422,123.98999786376953,85.47863006591797,95815900,0.0,0.0,0.0
2006-06-13,123.73999786376953,124.83999633789062,122.55000305175781,122.55000305175781,84.48588562011719,185688800,0.0,0.0,0.0
2006-06-14,122.83999633789062,123.62999725341797,122.33999633789062,123.5,85.14080047607422,163566400,0.0,0.0,0.0
2006-06-15,123.94999694824219,126.36000061035156,123.86000061035156,126.12000274658203,86.947021484375,134057000,0.0,0.0,0.0
2006-06-16,125.29000091552734,125.55999755859375,124.45999908447266,124.6500015258789,86.3134536743164,94253500,0.555,0.0,0.0
2006-06-19,125.4000015258789,125.4800033569336,123.55000305175781,123.66999816894531,85.63487243652344,95804400,0.0,0.0,0.0
2006-06-20,124.01000213623047,124.80999755859375,123.72000122070312,124.08999633789062,85.92565155029297,65494700,0.0,0.0,0.0
2006-06-21,124.0,125.69999694824219,123.95999908447266,125.01000213623047,86.56275177001953,75008200,0.0,0.0,0.0
2006-06-22,124.94999694824219,125.05999755859375,124.04000091552734,124.45999908447266,86.18186950683594,74566100,0.0,0.0,0.0
2006-06-23,124.33000183105469,125.30000305175781,124.02999877929688,124.44000244140625,86.16801452636719,54107000,0.0,0.0,0.0
2006-06-26,124.54000091552734,125.05999755859375,124.25,124.98999786376953,86.54888153076172,37899600,0.0,0.0,0.0
2006-06-27,125.01000213623047,125.29000091552734,123.7699966430664,123.91000366210938,85.80103302001953,69780200,0.0,0.0,0.0
2006-06-28,124.19000244140625,124.7699966430664,123.6500015258789,124.75,86.38269805908203,62368100,0.0,0.0,0.0
2006-06-29,125.19999694824219,127.3499984741211,125.16999816894531,127.2699966430664,88.12767028808594,110634800,0.0,0.0,0.0
2006-06-30,127.54000091552734,127.66000366210938,126.95999908447266,127.27999877929688,88.13458251953125,54227800,0.0,0.0,0.0
2006-07-03,127.43000030517578,128.00999450683594,127.30999755859375,127.80000305175781,88.49468231201172,23914000,0.0,0.0,0.0
2006-07-05,127.29000091552734,127.44999694824219,126.5199966430664,127.06999969482422,87.98915100097656,69653400,0.0,0.0,0.0
2006-07-06,127.19999694824219,127.8499984741211,127.08000183105469,127.44000244140625,88.2453842163086,50100300,0.0,0.0,0.0
2006-07-07,127.19000244140625,127.55999755859375,126.29000091552734,126.61000061035156,87.67064666748047,81626500,0.0,0.0,0.0
2006-07-10,126.94000244140625,127.43000030517578,126.41000366210938,126.8499984741211,87.8368148803711,60964100,0.0,0.0,0.0
2006-07-11,126.61000061035156,127.41000366210938,125.94000244140625,127.41000366210938,88.22456359863281,73640800,0.0,0.0,0.0
2006-07-12,127.1500015258789,127.4000015258789,125.72000122070312,126.05000305175781,87.28289794921875,82561300,0.0,0.0,0.0
2006-07-13,125.44999694824219,125.68000030517578,124.0,124.0,85.86338806152344,102405700,0.0,0.0,0.0
2006-07-14,124.12999725341797,124.26000213623047,122.83000183105469,123.5199966430664,85.53096008300781,103242500,0.0,0.0,0.0
2006-07-17,123.5199966430664,124.0999984741211,123.1500015258789,123.33999633789062,85.40637969970703,81159000,0.0,0.0,0.0
2006-07-18,123.70999908447266,124.05000305175781,122.38999938964844,123.97000122070312,85.84257507324219,122771000,0.0,0.0,0.0
2006-07-19,124.18000030517578,126.26000213623047,123.72000122070312,125.69000244140625,87.03359985351562,133565300,0.0,0.0,0.0
2006-07-20,126.12000274658203,126.30000305175781,124.66000366210938,124.83000183105469,86.43810272216797,112259800,0.0,0.0,0.0
2006-07-21,125.1500015258789,125.19000244140625,123.81999969482422,123.94999694824219,85.8287582397461,101560000,0.0,0.0,0.0
2006-07-24,124.44000244140625,126.31999969482422,124.44000244140625,126.20999908447266,87.3936996459961,92884000,0.0,0.0,0.0
2006-07-25,125.9800033569336,127.30000305175781,125.72000122070312,126.66000366210938,87.70526123046875,95480700,0.0,0.0,0.0
2006-07-26,126.58999633789062,127.44999694824219,126.18000030517578,126.83000183105469,87.82300567626953,84525800,0.0,0.0,0.0
2006-07-27,127.37999725341797,127.69000244140625,126.19999694824219,126.70999908447266,87.73989868164062,87257100,0.0,0.0,0.0
2006-07-28,127.04000091552734,128.13999938964844,126.86000061035156,127.9800033569336,88.61932373046875,82137000,0.0,0.0,0.0
2006-07-31,127.66000366210938,127.95999908447266,127.44999694824219,127.8499984741211,88.529296875,49593100,0.0,0.0,0.0
2006-08-01,127.33999633789062,127.37999725341797,126.5999984741211,127.22000122070312,88.09307861328125,65225600,0.0,0.0,0.0
2006-08-02,127.58000183105469,128.4600067138672,127.55000305175781,128.0800018310547,88.68852996826172,64770900,0.0,0.0,0.0
2006-08-03,127.33999633789062,128.5500030517578,127.1500015258789,128.4199981689453,88.92398834228516,63693800,0.0,0.0,0.0
2006-08-04,129.0800018310547,129.42999267578125,127.4800033569336,128.1999969482422,88.77163696289062,96294200,0.0,0.0,0.0
2006-08-07,127.9000015258789,128.0800018310547,127.4000015258789,127.9000015258789,88.56388854980469,45377300,0.0,0.0,0.0
2006-08-08,128.08999633789062,128.4600067138672,126.94999694824219,127.41000366210938,88.22456359863281,90901300,0.0,0.0,0.0
2006-08-09,128.17999267578125,128.60000610351562,126.61000061035156,126.9800033569336,87.92687225341797,78910600,0.0,0.0,0.0
2006-08-10,126.58000183105469,127.5,126.27999877929688,127.37000274658203,88.19690704345703,69322300,0.0,0.0,0.0
2006-08-11,127.16999816894531,127.19999694824219,126.38999938964844,127.01000213623047,87.94762420654297,47482200,0.0,0.0,0.0
2006-08-14,127.62999725341797,128.16000366210938,126.91999816894531,127.11000061035156,88.01687622070312,57839000,0.0,0.0,0.0
2006-08-15,128.25,128.8699951171875,127.9000015258789,128.6300048828125,89.06936645507812,68143000,0.0,0.0,0.0
2006-08-16,129.32000732421875,129.88999938964844,129.0399932861328,129.6999969482422,89.810302734375,71737600,0.0,0.0,0.0
2006-08-17,129.5800018310547,130.3699951171875,129.49000549316406,130.02999877929688,90.038818359375,70992800,0.0,0.0,0.0
2006-08-18,130.19000244140625,130.69000244140625,129.58999633789062,130.69000244140625,90.49579620361328,58288400,0.0,0.0,0.0
2006-08-21,130.17999267578125,130.27999877929688,129.8000030517578,130.1300048828125,90.1080551147461,42133600,0.0,0.0,0.0
2006-08-22,129.99000549316406,130.52000427246094,129.67999267578125,130.1199951171875,90.10114288330078,60839900,0.0,0.0,0.0
2006-08-23,130.17999267578125,130.44000244140625,129.19000244140625,129.75999450683594,89.85185241699219,66592100,0.0,0.0,0.0
2006-08-24,129.99000549316406,130.10000610351562,129.39999389648438,129.64999389648438,89.77567291259766,57983000,0.0,0.0,0.0
2006-08-25,129.63999938964844,130.25,129.5500030517578,129.80999755859375,89.88643646240234,41756000,0.0,0.0,0.0
2006-08-28,129.64999389648438,130.82000732421875,129.63999938964844,130.42999267578125,90.31578063964844,52681500,0.0,0.0,0.0
2006-08-29,130.49000549316406,130.8300018310547,129.80999755859375,130.5800018310547,90.419677734375,61817800,0.0,0.0,0.0
2006-08-30,130.8699951171875,131.0399932861328,130.5500030517578,130.66000366210938,90.47508239746094,50052200,0.0,0.0,0.0
2006-08-31,130.85000610351562,130.99000549316406,130.5800018310547,130.63999938964844,90.4612045288086,37510300,0.0,0.0,0.0
2006-09-01,131.13999938964844,131.5800018310547,130.83999633789062,131.4199981689453,91.00131225585938,48794500,0.0,0.0,0.0
2006-09-05,131.50999450683594,131.85000610351562,131.1999969482422,131.6699981689453,91.17444610595703,52348300,0.0,0.0,0.0
2006-09-06,131.11000061035156,131.16000366210938,130.3300018310547,130.50999450683594,90.37115478515625,53795600,0.0,0.0,0.0
2006-09-07,130.05999755859375,130.57000732421875,129.35000610351562,129.91000366210938,89.95571899414062,86269400,0.0,0.0,0.0
2006-09-08,130.0800018310547,130.4600067138672,129.8300018310547,130.27999877929688,90.21192169189453,45096300,0.0,0.0,0.0
2006-09-11,129.86000061035156,130.69000244140625,129.47999572753906,130.41000366210938,90.30191802978516,68496600,0.0,0.0,0.0
2006-09-12,130.55999755859375,131.83999633789062,130.3699951171875,131.69000244140625,91.18827056884766,69875600,0.0,0.0,0.0
2006-09-13,131.63999938964844,132.4499969482422,131.52000427246094,132.22000122070312,91.55529022216797,62898400,0.0,0.0,0.0
2006-09-14,131.9600067138672,132.24000549316406,131.75,132.22999572753906,91.56217193603516,57805400,0.0,0.0,0.0
2006-09-15,132.30999755859375,132.38999938964844,131.67999267578125,131.9600067138672,91.77708435058594,76703100,0.579,0.0,0.0
2006-09-18,131.7899932861328,132.38999938964844,131.64999389648438,132.13999938964844,91.90227508544922,64154100,0.0,0.0,0.0
2006-09-19,132.1199951171875,132.1300048828125,131.07000732421875,131.80999755859375,91.67276763916016,92089100,0.0,0.0,0.0
2006-09-20,132.25,132.77000427246094,132.05999755859375,132.50999450683594,92.1596450805664,75204100,0.0,0.0,0.0
2006-09-21,132.61000061035156,132.75,131.4199981689453,131.8699951171875,91.7145004272461,88932500,0.0,0.0,0.0
2006-09-22,131.6699981689453,131.67999267578125,131.0,131.47000122070312,91.43630981445312,65966800,0.0,0.0,0.0
2006-09-25,131.72999572753906,132.85000610351562,131.0500030517578,132.47999572753906,92.1387710571289,92299100,0.0,0.0,0.0
2006-09-26,132.5,133.60000610351562,132.39999389648438,133.5800018310547,92.9038314819336,73962700,0.0,0.0,0.0
2006-09-27,133.49000549316406,133.97000122070312,133.27000427246094,133.74000549316406,93.01506805419922,82432200,0.0,0.0,0.0
2006-09-28,133.74000549316406,133.99000549316406,133.27999877929688,133.69000244140625,92.98030853271484,58597500,0.0,0.0,0.0
2006-09-29,133.8000030517578,133.94000244140625,133.47999572753906,133.5800018310547,92.9038314819336,47966600,0.0,0.0,0.0
2006-10-02,133.5399932861328,133.8300018310547,132.9499969482422,133.0800018310547,92.55602264404297,51687400,0.0,0.0,0.0
2006-10-03,132.88999938964844,133.8699951171875,132.64999389648438,133.36000061035156,92.75078582763672,73108100,0.0,0.0,0.0
2006-10-04,133.22999572753906,135.0,133.0800018310547,134.9199981689453,93.83573913574219,80890500,0.0,0.0,0.0
2006-10-05,134.9199981689453,135.41000366210938,134.75,135.17999267578125,94.01656341552734,60505900,0.0,0.0,0.0
2006-10-06,134.9499969482422,135.10000610351562,134.39999389648438,135.00999450683594,93.89836120605469,64983600,0.0,0.0,0.0
2006-10-09,134.85000610351562,135.3000030517578,134.63999938964844,135.08999633789062,93.9540023803711,41176800,0.0,0.0,0.0
2006-10-10,135.10000610351562,135.4499969482422,134.83999633789062,135.27000427246094,94.0792007446289,56403700,0.0,0.0,0.0
2006-10-11,134.83999633789062,135.42999267578125,134.3000030517578,135.11000061035156,93.9679183959961,104071800,0.0,0.0,0.0
2006-10-12,135.4499969482422,136.38999938964844,135.39999389648438,136.27999877929688,94.78164672851562,59158600,0.0,0.0,0.0
2006-10-13,136.16000366210938,136.7100067138672,136.0399932861328,136.6300048828125,95.02506256103516,53944000,0.0,0.0,0.0
2006-10-16,136.52000427246094,137.0500030517578,136.4199981689453,136.83999633789062,95.17108917236328,42273000,0.0,0.0,0.0
2006-10-17,136.47000122070312,136.6999969482422,135.6699981689453,136.41000366210938,94.87201690673828,90500600,0.0,0.0,0.0
2006-10-18,137.0399932861328,137.3699951171875,136.10000610351562,136.58999633789062,94.99722290039062,86848600,0.0,0.0,0.0
2006-10-19,136.38999938964844,136.8800048828125,136.22999572753906,136.80999755859375,95.15020751953125,64063200,0.0,0.0,0.0
2006-10-20,136.83999633789062,136.9499969482422,136.3300018310547,136.83999633789062,95.17108917236328,48094500,0.0,0.0,0.0
2006-10-23,136.55999755859375,137.8000030517578,136.38999938964844,137.47000122070312,95.6092300415039,66219900,0.0,0.0,0.0
2006-10-24,137.27999877929688,137.92999267578125,137.22000122070312,137.8800048828125,95.89440155029297,53234900,0.0,0.0,0.0
2006-10-25,137.74000549316406,138.41000366210938,137.50999450683594,138.35000610351562,96.22127532958984,78105400,0.0,0.0,0.0
2006-10-26,138.66000366210938,139.0,137.97999572753906,138.77999877929688,96.52034759521484,66843700,0.0,0.0,0.0
2006-10-27,138.61000061035156,138.75,137.6300048828125,137.91000366210938,95.91527557373047,80238000,0.0,0.0,0.0
2006-10-30,137.66000366210938,138.1999969482422,137.39999389648438,137.80999755859375,95.84575653076172,49717800,0.0,0.0,0.0
2006-10-31,138.07000732421875,138.25999450683594,137.25,137.7899932861328,95.8318099975586,71274100,0.0,0.0,0.0
2006-11-01,138.22000122070312,138.30999755859375,136.72000122070312,136.86000061035156,95.18500518798828,83005600,0.0,0.0,0.0
2006-11-02,136.50999450683594,137.00999450683594,136.36000061035156,136.77999877929688,95.12935638427734,60693100,0.0,0.0,0.0
2006-11-03,137.27000427246094,137.38999938964844,135.6199951171875,136.5399932861328,94.96245574951172,71346400,0.0,0.0,0.0
2006-11-06,136.9600067138672,138.27999877929688,136.9499969482422,138.0800018310547,96.03350830078125,63303300,0.0,0.0,0.0
2006-11-07,138.1999969482422,138.97999572753906,138.0,138.61000061035156,96.40215301513672,63318900,0.0,0.0,0.0
2006-11-08,138.0,139.0500030517578,136.86000061035156,138.91000366210938,96.61077880859375,87517800,0.0,0.0,0.0
2006-11-09,139.00999450683594,139.13999938964844,137.89999389648438,138.17999267578125,96.10304260253906,95916300,0.0,0.0,0.0
2006-11-10,138.13999938964844,138.33999633789062,137.72000122070312,138.24000549316406,96.14479064941406,48991500,0.0,0.0,0.0
2006-11-13,138.17999267578125,139.0399932861328,138.07000732421875,138.5800018310547,96.3812484741211,59398200,0.0,0.0,0.0
2006-11-14,138.97000122070312,139.74000549316406,138.1199951171875,139.6199951171875,97.10456848144531,96704000,0.0,0.0,0.0
2006-11-15,139.57000732421875,140.4499969482422,139.52999877929688,140.02000427246094,97.38279724121094,76509600,0.0,0.0,0.0
2006-11-16,140.44000244140625,140.67999267578125,139.49000549316406,140.3800048828125,97.63314056396484,76728800,0.0,0.0,0.0
2006-11-17,139.92999267578125,140.42999267578125,139.72999572753906,140.4199981689453,97.6609878540039,56353800,0.0,0.0,0.0
2006-11-20,140.3000030517578,140.74000549316406,139.94000244140625,140.5,97.71661376953125,69174200,0.0,0.0,0.0
2006-11-21,140.49000549316406,140.6699981689453,140.2899932861328,140.63999938964844,97.81394958496094,51367900,0.0,0.0,0.0
2006-11-22,140.75,141.16000366210938,140.5,140.9199981689453,98.00868225097656,45505300,0.0,0.0,0.0
2006-11-24,140.24000549316406,140.83999633789062,140.1999969482422,140.35000610351562,97.61226654052734,30998000,0.0,0.0,0.0
2006-11-27,140.27999877929688,140.35000610351562,138.3800048828125,138.4199981689453,96.26996612548828,84545100,0.0,0.0,0.0
2006-11-28,138.24000549316406,139.16000366210938,138.11000061035156,139.02000427246094,96.68728637695312,106652900,0.0,0.0,0.0
2006-11-29,139.47000122070312,140.52999877929688,139.0800018310547,140.47000122070312,97.69574737548828,90034900,0.0,0.0,0.0
2006-11-30,140.44000244140625,141.0500030517578,139.75999450683594,140.52999877929688,97.73746490478516,83994300,0.0,0.0,0.0
2006-12-01,140.52999877929688,140.66000366210938,138.97000122070312,140.22000122070312,97.52188110351562,126080000,0.0,0.0,0.0
2006-12-04,140.25,141.5500030517578,140.22999572753906,141.2899932861328,98.26605224609375,87813200,0.0,0.0,0.0
2006-12-05,141.55999755859375,141.9600067138672,141.25999450683594,141.89999389648438,98.69026947021484,73374400,0.0,0.0,0.0
2006-12-06,141.8699951171875,142.07000732421875,141.5,141.77999877929688,98.60684967041016,53253200,0.0,0.0,0.0
2006-12-07,142.02999877929688,142.3000030517578,141.11000061035156,141.16000366210938,98.17561340332031,62857400,0.0,0.0,0.0
2006-12-08,141.1300048828125,141.89999389648438,140.77999877929688,141.4199981689453,98.35650634765625,79625500,0.0,0.0,0.0
2006-12-11,141.4199981689453,142.08999633789062,141.33999633789062,141.8300018310547,98.64159393310547,39779400,0.0,0.0,0.0
2006-12-12,141.69000244140625,141.8699951171875,140.88999938964844,141.72000122070312,98.56507873535156,77451600,0.0,0.0,0.0
2006-12-13,142.22999572753906,142.33999633789062,141.55999755859375,141.8699951171875,98.66942596435547,55520200,0.0,0.0,0.0
2006-12-14,141.86000061035156,143.24000549316406,141.83999633789062,143.1199951171875,99.53883361816406,64755200,0.0,0.0,0.0
2006-12-15,142.63999938964844,142.88999938964844,142.24000549316406,142.33999633789062,99.54788208007812,70857400,0.793,0.0,0.0
2006-12-18,142.5399932861328,142.8800048828125,141.75,141.9499969482422,99.27511596679688,48954600,0.0,0.0,0.0
2006-12-19,141.5500030517578,142.55999755859375,141.19000244140625,142.22000122070312,99.46398162841797,65023600,0.0,0.0,0.0
2006-12-20,142.27999877929688,142.66000366210938,142.00999450683594,142.13999938964844,99.40800476074219,41469600,0.0,0.0,0.0
2006-12-21,142.27000427246094,142.42999267578125,141.32000732421875,141.6199951171875,99.04429626464844,48698400,0.0,0.0,0.0
2006-12-22,141.63999938964844,141.64999389648438,140.6699981689453,140.75,98.4358901977539,62069100,0.0,0.0,0.0
2006-12-26,140.80999755859375,141.61000061035156,140.77999877929688,141.5800018310547,99.016357421875,32696900,0.0,0.0,0.0
2006-12-27,141.8699951171875,142.60000610351562,141.8300018310547,142.50999450683594,99.66680908203125,39727100,0.0,0.0,0.0
2006-12-28,142.41000366210938,142.6999969482422,141.99000549316406,142.2100067138672,99.4570083618164,37288800,0.0,0.0,0.0
2006-12-29,142.05999755859375,142.5399932861328,141.42999267578125,141.6199951171875,99.04429626464844,45461200,0.0,0.0,0.0
2007-01-03,142.25,142.86000061035156,140.57000732421875,141.3699951171875,98.86949157714844,94807600,0.0,0.0,0.0
2007-01-04,141.22999572753906,142.0500030517578,140.61000061035156,141.6699981689453,99.07928466796875,69620600,0.0,0.0,0.0
2007-01-05,141.3300018310547,141.39999389648438,140.3800048828125,140.5399932861328,98.28901672363281,76645300,0.0,0.0,0.0
2007-01-08,140.82000732421875,141.41000366210938,140.25,141.19000244140625,98.74361419677734,71655000,0.0,0.0,0.0
2007-01-09,141.30999755859375,141.60000610351562,140.39999389648438,141.07000732421875,98.65969848632812,75680100,0.0,0.0,0.0
2007-01-10,140.5800018310547,141.57000732421875,140.3000030517578,141.5399932861328,98.9884033203125,72428000,0.0,0.0,0.0
2007-01-11,141.5800018310547,142.6199951171875,141.5,142.16000366210938,99.42201232910156,54476800,0.0,0.0,0.0
2007-01-12,142.14999389648438,143.24000549316406,142.11000061035156,143.24000549316406,100.17729949951172,55370600,0.0,0.0,0.0
2007-01-16,143.07000732421875,143.44000244140625,142.72999572753906,142.9600067138672,99.98148345947266,44871300,0.0,0.0,0.0
2007-01-17,142.85000610351562,143.4600067138672,142.72999572753906,143.02000427246094,100.02349090576172,50241400,0.0,0.0,0.0
2007-01-18,143.1699981689453,143.25999450683594,142.30999755859375,142.5399932861328,99.6877670288086,68177300,0.0,0.0,0.0
2007-01-19,142.5399932861328,143.10000610351562,142.4600067138672,142.82000732421875,99.88358306884766,56973000,0.0,0.0,0.0
2007-01-22,143.07000732421875,143.10000610351562,141.92999267578125,142.3800048828125,99.57586669921875,60253600,0.0,0.0,0.0
2007-01-23,142.25999450683594,143.0800018310547,142.05999755859375,142.8000030517578,99.86959075927734,54064400,0.0,0.0,0.0
2007-01-24,142.97000122070312,143.97999572753906,142.91000366210938,143.9499969482422,100.67387390136719,55834700,0.0,0.0,0.0
2007-01-25,143.86000061035156,143.9199981689453,142.00999450683594,142.25999450683594,99.49193572998047,73583800,0.0,0.0,0.0
2007-01-26,142.57000732421875,142.64999389648438,141.5800018310547,142.1300048828125,99.40103149414062,67255600,0.0,0.0,0.0
2007-01-29,142.19000244140625,142.8000030517578,141.74000549316406,142.0500030517578,99.3450927734375,66114600,0.0,0.0,0.0
2007-01-30,142.35000610351562,142.86000061035156,142.05999755859375,142.7899932861328,99.86258697509766,70407600,0.0,0.0,0.0
2007-01-31,142.6300048828125,144.1300048828125,142.39999389648438,143.75,100.53401947021484,91868600,0.0,0.0,0.0
2007-02-01,144.14999389648438,144.66000366210938,143.91000366210938,144.61000061035156,101.13542175292969,69312400,0.0,0.0,0.0
2007-02-02,144.72999572753906,144.9499969482422,144.3800048828125,144.80999755859375,101.27537536621094,49607000,0.0,0.0,0.0
2007-02-05,144.6999969482422,144.94000244140625,144.33999633789062,144.85000610351562,101.30330657958984,45705300,0.0,0.0,0.0
2007-02-06,144.97000122070312,145.02999877929688,144.3300018310547,144.88999938964844,101.33125305175781,57081300,0.0,0.0,0.0
2007-02-07,145.1199951171875,145.36000061035156,144.57000732421875,145.2100067138672,101.5550537109375,55669700,0.0,0.0,0.0
2007-02-08,144.77999877929688,145.1199951171875,144.27000427246094,145.02000427246094,101.42218017578125,70641000,0.0,0.0,0.0
2007-02-09,145.05999755859375,145.3300018310547,143.38999938964844,143.94000244140625,100.6668701171875,79084400,0.0,0.0,0.0
2007-02-12,143.94000244140625,144.0399932861328,143.19000244140625,143.4499969482422,100.32417297363281,65657000,0.0,0.0,0.0
2007-02-13,143.77000427246094,144.89999389648438,143.75999450683594,144.66000366210938,101.1704330444336,64081800,0.0,0.0,0.0
2007-02-14,144.8000030517578,145.89999389648438,144.77999877929688,145.61000061035156,101.83477783203125,66039400,0.0,0.0,0.0
2007-02-15,145.6699981689453,145.9499969482422,145.42999267578125,145.8000030517578,101.96770477294922,38715200,0.0,0.0,0.0
2007-02-16,145.44000244140625,145.75999450683594,145.22999572753906,145.72999572753906,101.9187240600586,39841800,0.0,0.0,0.0
2007-02-20,145.55999755859375,146.1999969482422,145.0,146.0399932861328,102.1355209350586,56911800,0.0,0.0,0.0
2007-02-21,145.61000061035156,146.07000732421875,145.35000610351562,145.97999572753906,102.09353637695312,63971600,0.0,0.0,0.0
2007-02-22,146.0500030517578,146.4199981689453,145.1699981689453,145.8699951171875,102.01664733886719,79067400,0.0,0.0,0.0
2007-02-23,145.74000549316406,145.7899932861328,145.02999877929688,145.3000030517578,101.61801147460938,71966200,0.0,0.0,0.0
2007-02-26,145.8300018310547,145.9499969482422,144.75,145.1699981689453,101.52710723876953,69192800,0.0,0.0,0.0
2007-02-27,143.8800048828125,144.1999969482422,139.0,139.5,97.56168365478516,274466500,0.0,0.0,0.0
2007-02-28,140.38999938964844,141.97999572753906,139.8000030517578,140.92999267578125,98.56183624267578,177536300,0.0,0.0,0.0
2007-03-01,139.33999633789062,141.25,138.0500030517578,140.50999450683594,98.26806640625,212828600,0.0,0.0,0.0
2007-03-02,140.0500030517578,140.66000366210938,138.66000366210938,138.6699981689453,96.98118591308594,162574000,0.0,0.0,0.0
2007-03-05,137.92999267578125,139.5800018310547,137.3300018310547,137.35000610351562,96.05804443359375,143750400,0.0,0.0,0.0
2007-03-06,138.77999877929688,140.1199951171875,137.72000122070312,139.6999969482422,97.70158386230469,143333300,0.0,0.0,0.0
2007-03-07,139.58999633789062,140.4600067138672,139.39999389648438,139.55999755859375,97.60362243652344,115144900,0.0,0.0,0.0
2007-03-08,140.5399932861328,141.16000366210938,140.07000732421875,140.74000549316406,98.42890930175781,117891600,0.0,0.0,0.0
2007-03-09,141.30999755859375,141.4199981689453,140.0800018310547,140.77999877929688,98.45686340332031,107765100,0.0,0.0,0.0
2007-03-12,140.4199981689453,141.33999633789062,140.16000366210938,140.99000549316406,98.60372161865234,80366900,0.0,0.0,0.0
2007-03-13,140.17999267578125,140.77000427246094,138.0399932861328,138.25,96.68746185302734,190605200,0.0,0.0,0.0
2007-03-14,138.42999267578125,139.36000061035156,136.75,139.27999877929688,97.40780639648438,231853800,0.0,0.0,0.0
2007-03-15,138.97000122070312,139.99000549316406,138.8000030517578,139.47000122070312,97.54070281982422,132435900,0.0,0.0,0.0
2007-03-16,139.30999755859375,139.6300048828125,138.1199951171875,138.52999877929688,97.26758575439453,121531600,0.551,0.0,0.0
2007-03-19,139.25999450683594,140.3300018310547,139.14999389648438,140.1999969482422,98.44015502929688,96161200,0.0,0.0,0.0
2007-03-20,140.0800018310547,141.0500030517578,139.9600067138672,140.97000122070312,98.98079681396484,82147400,0.0,0.0,0.0
2007-03-21,141.10000610351562,143.64999389648438,140.82000732421875,143.2899932861328,100.6097640991211,152368700,0.0,0.0,0.0
2007-03-22,143.47999572753906,143.67999267578125,142.7899932861328,143.17999267578125,100.53252410888672,118942200,0.0,0.0,0.0
2007-03-23,143.27999877929688,143.80999755859375,143.14999389648438,143.38999938964844,100.67994689941406,74416800,0.0,0.0,0.0
2007-03-26,143.5,143.64999389648438,142.08999633789062,143.1999969482422,100.54654693603516,113787500,0.0,0.0,0.0
2007-03-27,143.1199951171875,143.16000366210938,142.38999938964844,142.86000061035156,100.30782318115234,99864600,0.0,0.0,0.0
2007-03-28,142.13999938964844,142.47000122070312,141.25999450683594,141.82000732421875,99.57762145996094,152907900,0.0,0.0,0.0
2007-03-29,142.5399932861328,142.61000061035156,141.19000244140625,141.97000122070312,99.68293762207031,139432700,0.0,0.0,0.0
2007-03-30,142.24000549316406,142.83999633789062,140.55999755859375,142.0,99.7039794921875,128194100,0.0,0.0,0.0
2007-04-02,142.16000366210938,142.4600067138672,141.47999572753906,142.16000366210938,99.81633758544922,79416400,0.0,0.0,0.0
2007-04-03,142.97000122070312,143.97999572753906,142.91000366210938,143.69000244140625,100.89059448242188,82417800,0.0,0.0,0.0
2007-04-04,143.69000244140625,143.9499969482422,143.16000366210938,143.85000610351562,101.00301361083984,63995200,0.0,0.0,0.0
2007-04-05,143.6699981689453,144.44000244140625,143.61000061035156,144.24000549316406,101.27681732177734,46822800,0.0,0.0,0.0
2007-04-09,144.64999389648438,144.8000030517578,144.14999389648438,144.44000244140625,101.4172592163086,50967400,0.0,0.0,0.0
2007-04-10,144.3300018310547,144.85000610351562,144.27000427246094,144.61000061035156,101.53657531738281,56620000,0.0,0.0,0.0
2007-04-11,144.82000732421875,144.86000061035156,143.5399932861328,144.02000427246094,101.12230682373047,106365700,0.0,0.0,0.0
2007-04-12,143.74000549316406,144.9199981689453,143.33999633789062,144.66000366210938,101.57170104980469,115534400,0.0,0.0,0.0
2007-04-13,144.89999389648438,145.32000732421875,144.36000061035156,145.32000732421875,102.03514099121094,84287000,0.0,0.0,0.0
2007-04-16,145.8300018310547,146.86000061035156,145.82000732421875,146.6999969482422,103.00403594970703,83064600,0.0,0.0,0.0
2007-04-17,146.97000122070312,147.39999389648438,146.64999389648438,147.08999633789062,103.2778549194336,108424100,0.0,0.0,0.0
2007-04-18,146.60000610351562,147.6999969482422,146.57000732421875,147.27000427246094,103.4042739868164,88345300,0.0,0.0,0.0
2007-04-19,146.5500030517578,147.39999389648438,146.36000061035156,147.22999572753906,103.3761978149414,102947700,0.0,0.0,0.0
2007-04-20,148.22000122070312,148.6199951171875,147.0399932861328,148.6199951171875,104.35215759277344,124114100,0.0,0.0,0.0
2007-04-23,148.3699951171875,148.72999572753906,147.97000122070312,148.05999755859375,103.9589614868164,77270800,0.0,0.0,0.0
2007-04-24,148.22999572753906,148.39999389648438,147.32000732421875,148.1199951171875,104.00104522705078,114471000,0.0,0.0,0.0
2007-04-25,148.72999572753906,149.66000366210938,148.02000427246094,149.47999572753906,104.95601654052734,108418800,0.0,0.0,0.0
2007-04-26,149.49000549316406,149.8000030517578,149.10000610351562,149.64999389648438,105.07537078857422,88741600,0.0,0.0,0.0
2007-04-27,149.08999633789062,149.74000549316406,148.83999633789062,149.52999877929688,104.99111938476562,108191100,0.0,0.0,0.0
2007-04-30,149.63999938964844,149.74000549316406,148.2100067138672,148.2899932861328,104.1204605102539,100874100,0.0,0.0,0.0
2007-05-01,148.4199981689453,149.47000122070312,147.6699981689453,148.6699981689453,104.38724517822266,134342700,0.0,0.0,0.0
2007-05-02,148.89999389648438,149.9499969482422,148.75,149.5399932861328,104.99813079833984,87129800,0.0,0.0,0.0
2007-05-03,149.97000122070312,150.39999389648438,149.72999572753906,150.35000610351562,105.56687927246094,86569700,0.0,0.0,0.0
2007-05-04,150.75,151.1199951171875,150.22000122070312,150.9199981689453,105.96708679199219,96409000,0.0,0.0,0.0
2007-05-07,150.8800048828125,151.1999969482422,150.80999755859375,150.9499969482422,105.98817443847656,63461400,0.0,0.0,0.0
2007-05-08,150.5800018310547,150.9199981689453,150.1300048828125,150.75,105.84776306152344,80584000,0.0,0.0,0.0
2007-05-09,150.63999938964844,152.82000732421875,150.3699951171875,151.16000366210938,106.13558197021484,102070100,0.0,0.0,0.0
2007-05-10,150.72999572753906,151.02000427246094,149.27000427246094,149.5800018310547,105.02617645263672,153617800,0.0,0.0,0.0
2007-05-11,149.75,150.92999267578125,149.72000122070312,150.86000061035156,105.92494201660156,113408900,0.0,0.0,0.0
2007-05-14,150.86000061035156,151.3000030517578,149.7899932861328,150.52999877929688,105.69326782226562,108027500,0.0,0.0,0.0
2007-05-15,150.6999969482422,151.66000366210938,150.19000244140625,150.57000732421875,105.72132873535156,180673300,0.0,0.0,0.0
2007-05-16,150.8000030517578,151.6300048828125,150.3800048828125,151.60000610351562,106.44461059570312,114166500,0.0,0.0,0.0
2007-05-17,151.3800048828125,151.9600067138672,151.11000061035156,151.3000030517578,106.23390197753906,101132800,0.0,0.0,0.0
2007-05-18,152.00999450683594,152.6199951171875,151.80999755859375,152.6199951171875,107.16072845458984,99182000,0.0,0.0,0.0
2007-05-21,152.5800018310547,153.22999572753906,152.5,152.5399932861328,107.10457611083984,174664600,0.0,0.0,0.0
2007-05-22,152.6999969482422,153.16000366210938,152.3800048828125,152.4199981689453,107.0202865600586,82148800,0.0,0.0,0.0
2007-05-23,152.9499969482422,153.5,152.36000061035156,152.44000244140625,107.03438568115234,133786600,0.0,0.0,0.0
2007-05-24,152.52999877929688,153.2100067138672,150.74000549316406,151.05999755859375,106.0654067993164,187593000,0.0,0.0,0.0
2007-05-25,151.5,152.02000427246094,151.17999267578125,151.69000244140625,106.50777435302734,83309200,0.0,0.0,0.0
2007-05-29,151.94000244140625,152.5,151.4499969482422,152.24000549316406,106.8939208984375,82020000,0.0,0.0,0.0
2007-05-30,151.4600067138672,153.5399932861328,151.33999633789062,153.47999572753906,107.76457977294922,129013600,0.0,0.0,0.0
2007-05-31,153.6699981689453,153.88999938964844,153.1199951171875,153.32000732421875,107.65221405029297,114866700,0.0,0.0,0.0
2007-06-01,153.8800048828125,154.39999389648438,153.50999450683594,154.0800018310547,108.18582153320312,107771700,0.0,0.0,0.0
2007-06-04,153.5399932861328,154.38999938964844,153.47999572753906,154.10000610351562,108.19992065429688,78008800,0.0,0.0,0.0
2007-06-05,153.74000549316406,153.89999389648438,152.86000061035156,153.49000549316406,107.77162170410156,126917900,0.0,0.0,0.0
2007-06-06,152.86000061035156,152.9499969482422,151.75,151.83999633789062,106.61307525634766,164096800,0.0,0.0,0.0
2007-06-07,151.55999755859375,152.5,149.05999755859375,149.10000610351562,104.68919372558594,232414600,0.0,0.0,0.0
2007-06-08,149.5800018310547,151.19000244140625,149.08999633789062,151.0399932861328,106.05137634277344,175886000,0.0,0.0,0.0
2007-06-11,150.92999267578125,151.9499969482422,150.6999969482422,151.3000030517578,106.23390197753906,102015600,0.0,0.0,0.0
2007-06-12,150.6699981689453,151.5399932861328,149.5500030517578,149.64999389648438,105.07537078857422,233898000,0.0,0.0,0.0
2007-06-13,150.5,152.07000732421875,149.72000122070312,151.88999938964844,106.64822387695312,193208200,0.0,0.0,0.0
2007-06-14,152.05999755859375,153.1199951171875,152.02999877929688,152.86000061035156,107.32921600341797,146396500,0.0,0.0,0.0
2007-06-15,153.13999938964844,153.66000366210938,152.92999267578125,153.07000732421875,107.93992614746094,154030800,0.656,0.0,0.0
2007-06-18,153.3800048828125,153.38999938964844,152.66000366210938,152.88999938964844,107.81299591064453,88537500,0.0,0.0,0.0
2007-06-19,152.5500030517578,153.3800048828125,152.36000061035156,153.27000427246094,108.08090209960938,110851700,0.0,0.0,0.0
2007-06-20,153.5800018310547,153.5800018310547,150.9600067138672,151.13999938964844,106.57892608642578,177119700,0.0,0.0,0.0
2007-06-21,151.0800018310547,152.11000061035156,150.25,151.97999572753906,107.17132568359375,205262000,0.0,0.0,0.0
2007-06-22,151.52000427246094,151.77000427246094,149.85000610351562,150.5500030517578,106.1629409790039,204964700,0.0,0.0,0.0
2007-06-25,150.24000549316406,151.25,149.02000427246094,149.8300018310547,105.65518951416016,232014400,0.0,0.0,0.0
2007-06-26,150.2100067138672,150.4600067138672,148.27999877929688,148.2899932861328,104.56922912597656,198445700,0.0,0.0,0.0
2007-06-27,148.1300048828125,150.57000732421875,148.05999755859375,150.39999389648438,106.05715942382812,213638000,0.0,0.0,0.0
2007-06-28,150.3800048828125,151.41000366210938,149.6699981689453,150.3800048828125,106.0430679321289,157705000,0.0,0.0,0.0
2007-06-29,150.89999389648438,151.64999389648438,149.14999389648438,150.42999267578125,106.07830810546875,199701800,0.0,0.0,0.0
2007-07-02,150.8699951171875,151.9199981689453,150.77000427246094,151.7899932861328,107.03729248046875,103357000,0.0,0.0,0.0
2007-07-03,152.17999267578125,152.5,151.99000549316406,152.33999633789062,107.42512512207031,54048400,0.0,0.0,0.0
2007-07-05,152.39999389648438,152.55999755859375,151.6300048828125,152.17999267578125,107.3123550415039,89279000,0.0,0.0,0.0
2007-07-06,152.3800048828125,153.1699981689453,151.92999267578125,152.97999572753906,107.87645721435547,81109000,0.0,0.0,0.0
2007-07-09,153.16000366210938,153.36000061035156,152.6199951171875,153.10000610351562,107.96105194091797,72348100,0.0,0.0,0.0
2007-07-10,152.2899932861328,152.61000061035156,150.77000427246094,150.9199981689453,106.42378997802734,180362600,0.0,0.0,0.0
2007-07-11,150.75,152.0500030517578,150.52000427246094,151.99000549316406,107.1783447265625,175607600,0.0,0.0,0.0
2007-07-12,152.3699951171875,154.75,152.33999633789062,154.38999938964844,108.87074279785156,133882500,0.0,0.0,0.0
2007-07-13,154.57000732421875,155.4600067138672,154.38999938964844,154.85000610351562,109.19517517089844,111794300,0.0,0.0,0.0
2007-07-16,154.99000549316406,155.52999877929688,154.5800018310547,154.8300018310547,109.18099975585938,98378700,0.0,0.0,0.0
2007-07-17,154.92999267578125,155.47999572753906,154.67999267578125,154.75,109.12462615966797,126201300,0.0,0.0,0.0
2007-07-18,154.22999572753906,154.8000030517578,153.3000030517578,154.47000122070312,108.92717742919922,237887400,0.0,0.0,0.0
2007-07-19,155.1999969482422,155.52999877929688,154.75,155.07000732421875,109.3502426147461,145212700,0.0,0.0,0.0
2007-07-20,154.88999938964844,154.99000549316406,152.8300018310547,153.5,108.24311828613281,245502500,0.0,0.0,0.0
2007-07-23,154.17999267578125,154.72000122070312,153.3000030517578,153.97000122070312,108.57459259033203,121183900,0.0,0.0,0.0
2007-07-24,153.1199951171875,154.27999877929688,150.75999450683594,151.3000030517578,106.69178009033203,256732400,0.0,0.0,0.0
2007-07-25,152.02000427246094,152.38999938964844,150.25,151.61000061035156,106.91040802001953,265214500,0.0,0.0,0.0
2007-07-26,150.19000244140625,150.8000030517578,146.38999938964844,148.02000427246094,104.3788070678711,467592500,0.0,0.0,0.0
2007-07-27,148.2100067138672,148.8699951171875,145.0500030517578,145.11000061035156,102.32678985595703,422987600,0.0,0.0,0.0
2007-07-30,145.92999267578125,147.80999755859375,145.2899932861328,147.3800048828125,103.92748260498047,283017500,0.0,0.0,0.0
2007-07-31,148.3300018310547,149.4600067138672,145.0399932861328,145.72000122070312,102.7569351196289,316976700,0.0,0.0,0.0
2007-08-01,145.17999267578125,147.00999450683594,143.9499969482422,146.42999267578125,103.25760650634766,467670000,0.0,0.0,0.0
2007-08-02,146.75999450683594,147.75999450683594,145.25999450683594,147.60000610351562,104.0826187133789,294758400,0.0,0.0,0.0
2007-08-03,147.27999877929688,147.5800018310547,143.1999969482422,143.8000030517578,101.40304565429688,359398200,0.0,0.0,0.0
2007-08-06,144.2100067138672,146.8300018310547,142.52999877929688,146.2100067138672,103.10247039794922,324980000,0.0,0.0,0.0
2007-08-07,145.94000244140625,149.0,145.22999572753906,147.77000427246094,104.2025146484375,232568700,0.0,0.0,0.0
2007-08-08,148.41000366210938,150.58999633789062,147.33999633789062,149.8300018310547,105.65518951416016,274930600,0.0,0.0,0.0
2007-08-09,147.42999267578125,148.9499969482422,145.2899932861328,145.38999938964844,102.52423095703125,357622100,0.0,0.0,0.0
2007-08-10,144.38999938964844,146.5,143.1199951171875,144.7100067138672,102.04473876953125,411018400,0.0,0.0,0.0
2007-08-13,146.5,146.88999938964844,145.02000427246094,145.22999572753906,102.41139221191406,181917200,0.0,0.0,0.0
2007-08-14,145.6999969482422,146.05999755859375,142.72000122070312,143.00999450683594,100.84593200683594,264134500,0.0,0.0,0.0
2007-08-15,142.72000122070312,144.4600067138672,140.6199951171875,141.0399932861328,99.45674896240234,323834000,0.0,0.0,0.0
2007-08-16,139.7899932861328,142.94000244140625,137.0,142.10000610351562,100.2042465209961,546743700,0.0,0.0,0.0
2007-08-17,145.5,145.80999755859375,141.38999938964844,144.7100067138672,102.04473876953125,388218100,0.0,0.0,0.0
2007-08-20,145.1699981689453,145.47000122070312,143.2899932861328,144.63999938964844,101.99536895751953,187320400,0.0,0.0,0.0
2007-08-21,144.60000610351562,145.97000122070312,144.13999938964844,144.92999267578125,102.19988250732422,157066400,0.0,0.0,0.0
2007-08-22,146.00999450683594,146.8000030517578,145.3300018310547,146.64999389648438,103.41276550292969,173156700,0.0,0.0,0.0
2007-08-23,147.33999633789062,147.64999389648438,145.61000061035156,146.52000427246094,103.32108306884766,203915300,0.0,0.0,0.0
2007-08-24,146.47999572753906,148.3300018310547,146.27999877929688,148.3300018310547,104.59740447998047,128901900,0.0,0.0,0.0
2007-08-27,147.85000610351562,148.3300018310547,146.72999572753906,146.9499969482422,103.62430572509766,113024300,0.0,0.0,0.0
2007-08-28,146.16000366210938,146.25,143.4600067138672,143.72000122070312,101.34664154052734,219790700,0.0,0.0,0.0
2007-08-29,144.3699951171875,146.74000549316406,143.9600067138672,146.5399932861328,103.33522033691406,207654200,0.0,0.0,0.0
2007-08-30,145.4499969482422,147.19000244140625,145.30999755859375,146.14999389648438,103.06012725830078,191817300,0.0,0.0,0.0
2007-08-31,147.64999389648438,148.5,146.8300018310547,147.58999633789062,104.0755844116211,185477500,0.0,0.0,0.0
2007-09-04,147.4499969482422,149.97999572753906,147.39999389648438,149.0800018310547,105.12628173828125,120062000,0.0,0.0,0.0
2007-09-05,148.1999969482422,148.36000061035156,147.0,147.7899932861328,104.21662902832031,166261800,0.0,0.0,0.0
2007-09-06,147.9499969482422,148.61000061035156,147.1199951171875,148.1300048828125,104.45640563964844,127878400,0.0,0.0,0.0
2007-09-07,146.47999572753906,146.88999938964844,145.25999450683594,146.07000732421875,103.0037841796875,235447600,0.0,0.0,0.0
2007-09-10,146.52000427246094,146.72000122070312,144.3300018310547,145.7899932861328,102.80628204345703,192305900,0.0,0.0,0.0
2007-09-11,146.24000549316406,147.6999969482422,146.1300048828125,147.49000549316406,104.0051040649414,162081900,0.0,0.0,0.0
2007-09-12,147.2899932861328,148.44000244140625,146.97999572753906,147.8699951171875,104.27303314208984,149554600,0.0,0.0,0.0
2007-09-13,148.5500030517578,149.4499969482422,148.1999969482422,148.91000366210938,105.00641632080078,154079000,0.0,0.0,0.0
2007-09-14,147.9600067138672,149.08999633789062,147.74000549316406,148.89999389648438,104.99938201904297,121911000,0.0,0.0,0.0
2007-09-17,148.30999755859375,148.64999389648438,147.6300048828125,148.10000610351562,104.43524932861328,109870800,0.0,0.0,0.0
2007-09-18,148.8300018310547,152.5,148.1300048828125,152.4600067138672,107.5097885131836,263759500,0.0,0.0,0.0
2007-09-19,153.41000366210938,154.38999938964844,152.7100067138672,153.36000061035156,108.1444091796875,193779900,0.0,0.0,0.0
2007-09-20,153.33999633789062,153.42999267578125,152.11000061035156,152.27999877929688,107.38282012939453,175186800,0.0,0.0,0.0
2007-09-21,152.7100067138672,153.1199951171875,151.74000549316406,151.97000122070312,107.67264556884766,141457500,0.719,0.0,0.0
2007-09-24,152.4199981689453,152.82000732421875,151.36000061035156,151.69000244140625,107.47427368164062,139450200,0.0,0.0,0.0
2007-09-25,150.80999755859375,151.66000366210938,150.47000122070312,151.38999938964844,107.26168823242188,142289900,0.0,0.0,0.0
2007-09-26,152.25,152.77000427246094,151.38999938964844,152.19000244140625,107.8285140991211,135547000,0.0,0.0,0.0
2007-09-27,152.91000366210938,153.10000610351562,152.19000244140625,153.08999633789062,108.46614837646484,102713300,0.0,0.0,0.0
2007-09-28,152.85000610351562,153.19000244140625,151.97999572753906,152.5800018310547,108.1048583984375,133372100,0.0,0.0,0.0
2007-10-01,152.60000610351562,154.75,152.5,154.3000030517578,109.3234634399414,148162300,0.0,0.0,0.0
2007-10-02,154.61000061035156,154.64999389648438,153.80999755859375,154.08999633789062,109.17462921142578,112978800,0.0,0.0,0.0
2007-10-03,153.80999755859375,154.41000366210938,153.00999450683594,153.77999877929688,108.95501708984375,119055900,0.0,0.0,0.0
2007-10-04,154.11000061035156,154.25999450683594,153.58999633789062,154.02000427246094,109.1250991821289,76864400,0.0,0.0,0.0
2007-10-05,155.02999877929688,156.10000610351562,154.6300048828125,155.85000610351562,110.42163848876953,134579700,0.0,0.0,0.0
2007-10-08,155.38999938964844,155.49000549316406,154.77000427246094,155.02000427246094,109.83360290527344,71280400,0.0,0.0,0.0
2007-10-09,155.60000610351562,156.5,155.02999877929688,156.47999572753906,110.8680419921875,94054300,0.0,0.0,0.0
2007-10-10,156.0399932861328,156.44000244140625,155.41000366210938,156.22000122070312,110.68385314941406,101711100,0.0,0.0,0.0
2007-10-11,156.92999267578125,157.52000427246094,154.5399932861328,155.47000122070312,110.15239715576172,233529100,0.0,0.0,0.0
2007-10-12,155.4600067138672,156.35000610351562,155.27000427246094,156.3300018310547,110.76174926757812,124546700,0.0,0.0,0.0
2007-10-15,156.27000427246094,156.36000061035156,153.94000244140625,155.00999450683594,109.82646942138672,161151900,0.0,0.0,0.0
2007-10-16,154.41000366210938,154.52000427246094,153.47000122070312,153.77999877929688,108.95501708984375,166525700,0.0,0.0,0.0
2007-10-17,154.97999572753906,155.08999633789062,152.47000122070312,154.25,109.28801727294922,216687300,0.0,0.0,0.0
2007-10-18,153.4499969482422,154.19000244140625,153.0800018310547,153.69000244140625,108.89128875732422,148367500,0.0,0.0,0.0
2007-10-19,153.08999633789062,156.47999572753906,149.66000366210938,149.6699981689453,106.04307556152344,297169900,0.0,0.0,0.0
2007-10-22,148.86000061035156,150.75999450683594,148.66000366210938,150.5399932861328,106.65946197509766,261989800,0.0,0.0,0.0
2007-10-23,151.4600067138672,151.9499969482422,150.25,151.75999450683594,107.52381896972656,180085100,0.0,0.0,0.0
2007-10-24,151.2100067138672,151.74000549316406,148.83999633789062,151.47999572753906,107.32550048828125,326694200,0.0,0.0,0.0
2007-10-25,151.64999389648438,152.2899932861328,149.8800048828125,151.83999633789062,107.58053588867188,237374500,0.0,0.0,0.0
2007-10-26,153.05999755859375,153.6199951171875,151.89999389648438,153.6199951171875,108.84165954589844,176484000,0.0,0.0,0.0
2007-10-29,153.92999267578125,154.44000244140625,153.5500030517578,154.1300048828125,109.20301055908203,106841000,0.0,0.0,0.0
2007-10-30,153.4499969482422,153.75,152.8699951171875,153.05999755859375,108.44490814208984,132981600,0.0,0.0,0.0
2007-10-31,153.97999572753906,155.27000427246094,152.83999633789062,154.64999389648438,109.57147979736328,220954400,0.0,0.0,0.0
2007-11-01,153.2899932861328,153.41000366210938,150.58999633789062,151.02999877929688,107.00663757324219,333040800,0.0,0.0,0.0
2007-11-02,151.52999877929688,152.0,149.2100067138672,151.1999969482422,107.1270523071289,331228200,0.0,0.0,0.0
2007-11-05,149.63999938964844,151.16000366210938,148.97000122070312,150.0500030517578,106.3122787475586,226841000,0.0,0.0,0.0
2007-11-06,150.86000061035156,152.11000061035156,149.89999389648438,152.07000732421875,107.74346923828125,177800500,0.0,0.0,0.0
2007-11-07,150.44000244140625,151.1300048828125,147.5500030517578,147.91000366210938,104.79605102539062,306639700,0.0,0.0,0.0
2007-11-08,147.99000549316406,148.39999389648438,145.07000732421875,147.16000366210938,104.26467895507812,374509900,0.0,0.0,0.0
2007-11-09,145.69000244140625,147.5399932861328,144.88999938964844,145.13999938964844,102.83349609375,277745100,0.0,0.0,0.0
2007-11-12,145.2100067138672,146.61000061035156,143.6999969482422,143.6999969482422,101.813232421875,243087800,0.0,0.0,0.0
2007-11-13,145.3699951171875,148.30999755859375,145.22000122070312,148.0800018310547,104.91654205322266,191117400,0.0,0.0,0.0
2007-11-14,149.22000122070312,149.39999389648438,146.77999877929688,147.6699981689453,104.62602233886719,230558800,0.0,0.0,0.0
2007-11-15,146.57000732421875,147.49000549316406,144.52000427246094,145.5399932861328,103.11687469482422,263111100,0.0,0.0,0.0
2007-11-16,146.30999755859375,146.47000122070312,144.57000732421875,145.7899932861328,103.29399871826172,308770600,0.0,0.0,0.0
2007-11-19,145.27999877929688,145.36000061035156,143.19000244140625,143.75999450683594,101.855712890625,267746000,0.0,0.0,0.0
2007-11-20,144.02000427246094,145.52999877929688,142.11000061035156,144.63999938964844,102.47921752929688,414767500,0.0,0.0,0.0
2007-11-21,143.0800018310547,143.91000366210938,141.6699981689453,141.67999267578125,100.38201141357422,259012400,0.0,0.0,0.0
2007-11-23,143.07000732421875,144.33999633789062,142.6999969482422,144.1300048828125,102.1178970336914,77688400,0.0,0.0,0.0
2007-11-26,144.42999267578125,144.8800048828125,140.66000366210938,140.9499969482422,99.86478424072266,214232000,0.0,0.0,0.0
2007-11-27,141.74000549316406,143.22999572753906,140.9499969482422,142.57000732421875,101.01262664794922,293897900,0.0,0.0,0.0
2007-11-28,144.19000244140625,147.47000122070312,144.13999938964844,147.1300048828125,104.24340057373047,258596900,0.0,0.0,0.0
2007-11-29,146.6199951171875,147.72000122070312,146.10000610351562,147.17999267578125,104.27881622314453,199409900,0.0,0.0,0.0
2007-11-30,149.0399932861328,149.8699951171875,147.3300018310547,148.66000366210938,105.32740783691406,222908000,0.0,0.0,0.0
2007-12-03,148.19000244140625,148.4499969482422,147.2899932861328,147.67999267578125,104.6330795288086,146430400,0.0,0.0,0.0
2007-12-04,146.66000366210938,147.5399932861328,146.30999755859375,146.36000061035156,103.6978759765625,136533900,0.0,0.0,0.0
2007-12-05,147.92999267578125,149.1999969482422,147.8300018310547,148.80999755859375,105.43372344970703,171130000,0.0,0.0,0.0
2007-12-06,148.6300048828125,151.2100067138672,148.57000732421875,150.94000244140625,106.94281768798828,154457400,0.0,0.0,0.0
2007-12-07,151.4199981689453,151.5,150.5500030517578,150.91000366210938,106.92158508300781,148980100,0.0,0.0,0.0
2007-12-10,151.27999877929688,152.25,150.86000061035156,152.0800018310547,107.75055694580078,123914300,0.0,0.0,0.0
2007-12-11,152.13999938964844,152.88999938964844,147.8300018310547,147.91000366210938,104.79605102539062,250346400,0.0,0.0,0.0
2007-12-12,151.05999755859375,151.77000427246094,147.1999969482422,149.3699951171875,105.83049774169922,322435600,0.0,0.0,0.0
2007-12-13,148.32000732421875,149.38999938964844,147.3000030517578,149.05999755859375,105.6108627319336,237551300,0.0,0.0,0.0
2007-12-14,147.92999267578125,149.10000610351562,147.10000610351562,147.1699981689453,104.2717514038086,159152900,0.0,0.0,0.0
2007-12-17,146.61000061035156,146.8699951171875,144.86000061035156,145.07000732421875,102.78390502929688,177269400,0.0,0.0,0.0
2007-12-18,146.10000610351562,146.47999572753906,143.9600067138672,145.8800048828125,103.35779571533203,245569300,0.0,0.0,0.0
2007-12-19,145.94000244140625,146.88999938964844,144.94000244140625,145.8800048828125,103.35779571533203,198917200,0.0,0.0,0.0
2007-12-20,146.83999633789062,146.86000061035156,145.17999267578125,146.8000030517578,104.0096206665039,214813800,0.0,0.0,0.0
2007-12-21,147.3699951171875,148.4199981689453,147.08999633789062,148.1300048828125,105.50894927978516,146084400,0.775,0.0,0.0
2007-12-24,148.82000732421875,149.47999572753906,148.47999572753906,149.22999572753906,106.29241180419922,45601400,0.0,0.0,0.0
2007-12-26,148.64999389648438,149.67999267578125,148.5,149.5500030517578,106.5203857421875,67093100,0.0,0.0,0.0
2007-12-27,149.02000427246094,149.02999877929688,147.32000732421875,147.6699981689453,105.18132019042969,122981700,0.0,0.0,0.0
2007-12-28,148.5399932861328,148.61000061035156,146.89999389648438,147.3000030517578,104.9177474975586,116398100,0.0,0.0,0.0
2007-12-31,147.10000610351562,147.61000061035156,146.05999755859375,146.2100067138672,104.141357421875,108126800,0.0,0.0,0.0
2008-01-02,146.52999877929688,146.99000549316406,143.8800048828125,144.92999267578125,103.22972106933594,204935600,0.0,0.0,0.0
2008-01-03,144.91000366210938,145.49000549316406,144.07000732421875,144.86000061035156,103.17979431152344,125133300,0.0,0.0,0.0
2008-01-04,143.33999633789062,143.44000244140625,140.91000366210938,141.30999755859375,100.6512222290039,232330900,0.0,0.0,0.0
2008-01-07,141.80999755859375,142.22999572753906,140.10000610351562,141.19000244140625,100.56576538085938,234991000,0.0,0.0,0.0
2008-01-08,142.0800018310547,142.89999389648438,138.44000244140625,138.91000366210938,98.94178009033203,326365700,0.0,0.0,0.0
2008-01-09,139.08999633789062,140.7899932861328,137.6999969482422,140.3699951171875,99.98170471191406,301824900,0.0,0.0,0.0
2008-01-10,139.67999267578125,142.8000030517578,139.3699951171875,141.2899932861328,100.63702392578125,335701200,0.0,0.0,0.0
2008-01-11,140.77999877929688,141.89999389648438,139.0,140.14999389648438,99.82500457763672,267076600,0.0,0.0,0.0
2008-01-14,141.16000366210938,141.86000061035156,140.39999389648438,141.27999877929688,100.62986755371094,170365500,0.0,0.0,0.0
2008-01-15,139.7899932861328,141.49000549316406,137.89999389648438,138.1699981689453,98.41471862792969,239940100,0.0,0.0,0.0
2008-01-16,137.36000061035156,139.1199951171875,136.27999877929688,136.97999572753906,97.5671157836914,378802600,0.0,0.0,0.0
2008-01-17,137.80999755859375,137.8800048828125,132.92999267578125,133.42999267578125,95.03855895996094,397892600,0.0,0.0,0.0
2008-01-18,134.74000549316406,135.02000427246094,131.10000610351562,132.05999755859375,94.06266021728516,348561500,0.0,0.0,0.0
2008-01-22,127.20999908447266,132.42999267578125,126.0,130.72000122070312,93.10824584960938,435923700,0.0,0.0,0.0
2008-01-23,127.08999633789062,134.19000244140625,126.83999633789062,133.86000061035156,95.34483337402344,511913000,0.0,0.0,0.0
2008-01-24,134.47999572753906,135.4600067138672,133.30999755859375,134.99000549316406,96.14967346191406,259949300,0.0,0.0,0.0
2008-01-25,136.50999450683594,136.75999450683594,132.60000610351562,133.0399932861328,94.76073455810547,269603900,0.0,0.0,0.0
2008-01-28,133.25999450683594,135.52000427246094,132.05999755859375,135.24000549316406,96.32772064208984,217934600,0.0,0.0,0.0
2008-01-29,136.10000610351562,136.4499969482422,134.8800048828125,135.91000366210938,96.80500030517578,168968300,0.0,0.0,0.0
2008-01-30,135.5800018310547,138.5399932861328,134.60000610351562,134.91000366210938,96.09272766113281,334939200,0.0,0.0,0.0
2008-01-31,133.39999389648438,138.5399932861328,133.1999969482422,137.3699951171875,97.84490203857422,343680800,0.0,0.0,0.0
2008-02-01,137.94000244140625,139.61000061035156,137.52000427246094,139.5800018310547,99.41903686523438,206843600,0.0,0.0,0.0
2008-02-04,139.2100067138672,139.3000030517578,137.63999938964844,137.82000732421875,98.16541290283203,124694300,0.0,0.0,0.0
2008-02-05,135.94000244140625,136.25,133.6699981689453,134.1300048828125,95.53713989257812,286882500,0.0,0.0,0.0
2008-02-06,134.5800018310547,135.25,132.41000366210938,133.0500030517578,94.76789093017578,250792900,0.0,0.0,0.0
2008-02-07,131.8000030517578,134.7899932861328,131.72999572753906,133.92999267578125,95.39466857910156,297368100,0.0,0.0,0.0
2008-02-08,133.08999633789062,134.22000122070312,132.10000610351562,133.07000732421875,94.7821273803711,221643500,0.0,0.0,0.0
2008-02-11,133.10000610351562,134.22999572753906,132.0399932861328,133.75,95.26647186279297,188576300,0.0,0.0,0.0
2008-02-12,134.91000366210938,136.30999755859375,133.97999572753906,134.99000549316406,96.14967346191406,256654400,0.0,0.0,0.0
2008-02-13,136.00999450683594,137.05999755859375,135.13999938964844,136.3699951171875,97.13264465332031,181967800,0.0,0.0,0.0
2008-02-14,136.9499969482422,137.0,134.7899932861328,135.1699981689453,96.27789306640625,215207200,0.0,0.0,0.0
2008-02-15,134.5,135.22000122070312,133.91000366210938,135.13999938964844,96.2564926147461,154110300,0.0,0.0,0.0
2008-02-19,136.72000122070312,136.88999938964844,134.61000061035156,135.52000427246094,96.5272216796875,145190000,0.0,0.0,0.0
2008-02-20,133.99000549316406,136.5500030517578,133.75999450683594,135.9199981689453,96.81207275390625,220085700,0.0,0.0,0.0
2008-02-21,136.66000366210938,137.00999450683594,134.07000732421875,134.7899932861328,96.0072250366211,201051200,0.0,0.0,0.0
2008-02-22,134.97000122070312,135.85000610351562,132.86000061035156,135.6199951171875,96.59842681884766,205491000,0.0,0.0,0.0
2008-02-25,135.5399932861328,137.64999389648438,134.77999877929688,137.3300018310547,97.81645965576172,190107000,0.0,0.0,0.0
2008-02-26,136.75,138.9499969482422,136.5,138.36000061035156,98.55006408691406,212420700,0.0,0.0,0.0
2008-02-27,137.55999755859375,139.13999938964844,137.41000366210938,138.22000122070312,98.4503173828125,168395800,0.0,0.0,0.0
2008-02-28,137.24000549316406,137.9600067138672,136.5500030517578,136.8699951171875,97.4887466430664,170831100,0.0,0.0,0.0
2008-02-29,135.60000610351562,135.67999267578125,132.77999877929688,133.82000732421875,95.31632232666016,252715200,0.0,0.0,0.0
2008-03-03,133.13999938964844,133.80999755859375,132.24000549316406,133.5,95.08838653564453,189483500,0.0,0.0,0.0
2008-03-04,132.22999572753906,133.39999389648438,130.99000549316406,132.99000549316406,94.72516632080078,282513100,0.0,0.0,0.0
2008-03-05,133.4199981689453,134.77000427246094,132.33999633789062,133.8300018310547,95.3234634399414,270681400,0.0,0.0,0.0
2008-03-06,132.97999572753906,133.22000122070312,130.5500030517578,131.05999755859375,93.3504409790039,247911700,0.0,0.0,0.0
2008-03-07,129.77000427246094,131.74000549316406,128.5800018310547,129.7100067138672,92.3888931274414,326434600,0.0,0.0,0.0
2008-03-10,129.83999633789062,129.92999267578125,127.58999633789062,128.0,91.17089080810547,235683600,0.0,0.0,0.0
2008-03-11,130.72000122070312,132.72000122070312,128.9499969482422,132.60000610351562,94.44733428955078,341440600,0.0,0.0,0.0
2008-03-12,132.74000549316406,133.77000427246094,131.16000366210938,131.36000061035156,93.56417083740234,229161100,0.0,0.0,0.0
2008-03-13,129.61000061035156,132.63999938964844,128.60000610351562,131.64999389648438,93.77066802978516,351504200,0.0,0.0,0.0
2008-03-14,132.77000427246094,132.80999755859375,127.77999877929688,129.61000061035156,92.31765747070312,484687800,0.0,0.0,0.0
2008-03-17,126.56999969482422,129.25999450683594,126.06999969482422,128.3000030517578,91.38457489013672,405311100,0.0,0.0,0.0
2008-03-18,130.6199951171875,133.69000244140625,129.97999572753906,133.6300048828125,95.18098449707031,334416600,0.0,0.0,0.0
2008-03-19,134.13999938964844,134.64999389648438,130.0399932861328,130.32000732421875,92.82337188720703,345971600,0.0,0.0,0.0
2008-03-20,130.0500030517578,132.91000366210938,129.25999450683594,132.0800018310547,94.542724609375,245320700,0.642,0.0,0.0
2008-03-24,133.30999755859375,135.80999755859375,133.24000549316406,134.72000122070312,96.43244934082031,208977300,0.0,0.0,0.0
2008-03-25,134.86000061035156,135.5500030517578,133.77000427246094,134.85000610351562,96.52549743652344,192947200,0.0,0.0,0.0
2008-03-26,134.4600067138672,135.08999633789062,133.11000061035156,133.1999969482422,95.34442901611328,196934300,0.0,0.0,0.0
2008-03-27,134.1999969482422,134.44000244140625,132.36000061035156,132.77999877929688,95.04379272460938,225153200,0.0,0.0,0.0
2008-03-28,132.99000549316406,133.36000061035156,131.05999755859375,131.50999450683594,94.13471984863281,180896100,0.0,0.0,0.0
2008-03-31,131.2899932861328,132.72999572753906,131.08999633789062,131.97000122070312,94.4639892578125,166692100,0.0,0.0,0.0
2008-04-01,133.61000061035156,136.83999633789062,133.50999450683594,136.61000061035156,97.78529357910156,254547300,0.0,0.0,0.0
2008-04-02,137.0500030517578,137.6699981689453,135.97999572753906,136.6999969482422,97.84971618652344,210910800,0.0,0.0,0.0
2008-04-03,135.9600067138672,137.44000244140625,135.7100067138672,137.0399932861328,98.09307098388672,175884800,0.0,0.0,0.0
2008-04-04,137.1199951171875,137.9600067138672,136.1199951171875,136.88999938964844,97.9856948852539,204446800,0.0,0.0,0.0
2008-04-07,137.8699951171875,138.57000732421875,136.74000549316406,136.9600067138672,98.03580474853516,154245500,0.0,0.0,0.0
2008-04-08,136.19000244140625,136.9199981689453,135.9499969482422,136.82000732421875,97.93563842773438,148937300,0.0,0.0,0.0
2008-04-09,136.61000061035156,136.8000030517578,134.88999938964844,135.8300018310547,97.22696685791016,195610600,0.0,0.0,0.0
2008-04-10,135.4199981689453,136.6699981689453,134.89999389648438,136.02000427246094,97.36296081542969,192967800,0.0,0.0,0.0
2008-04-11,134.49000549316406,135.1199951171875,133.00999450683594,133.3800048828125,95.47327423095703,222973300,0.0,0.0,0.0
2008-04-14,133.19000244140625,133.5399932861328,132.5500030517578,132.92999267578125,95.15113067626953,160522000,0.0,0.0,0.0
2008-04-15,133.5800018310547,133.69000244140625,132.3300018310547,133.24000549316406,95.373046875,172389200,0.0,0.0,0.0
2008-04-16,134.5399932861328,136.91000366210938,134.52000427246094,136.85000610351562,97.95706939697266,189268900,0.0,0.0,0.0
2008-04-17,136.02000427246094,137.25,135.66000366210938,137.0500030517578,98.10026550292969,179665700,0.0,0.0,0.0
2008-04-18,138.94000244140625,139.55999755859375,138.25999450683594,138.47999572753906,99.12384033203125,218530600,0.0,0.0,0.0
2008-04-21,138.22999572753906,138.97999572753906,137.85000610351562,138.5500030517578,99.1739501953125,118587400,0.0,0.0,0.0
2008-04-22,138.19000244140625,138.30999755859375,136.89999389648438,137.94000244140625,98.7373046875,162166000,0.0,0.0,0.0
2008-04-23,138.08999633789062,138.77999877929688,137.1199951171875,137.72000122070312,98.5798110961914,193309000,0.0,0.0,0.0
2008-04-24,138.0800018310547,139.74000549316406,137.0399932861328,138.32000732421875,99.0093002319336,229381300,0.0,0.0,0.0
2008-04-25,139.39999389648438,139.88999938964844,137.91000366210938,139.60000610351562,99.92552185058594,190788100,0.0,0.0,0.0
2008-04-28,139.8800048828125,140.25,139.3800048828125,139.6300048828125,99.94702911376953,105610200,0.0,0.0,0.0
2008-04-29,139.38999938964844,139.72999572753906,138.61000061035156,139.0800018310547,99.55329895019531,125514100,0.0,0.0,0.0
2008-04-30,139.2899932861328,140.58999633789062,138.25999450683594,138.25999450683594,98.96634674072266,208395900,0.0,0.0,0.0
2008-05-01,138.3800048828125,141.1199951171875,138.27000427246094,141.1199951171875,101.01355743408203,187279500,0.0,0.0,0.0
2008-05-02,142.33999633789062,142.3699951171875,140.55999755859375,141.50999450683594,101.29273986816406,181585500,0.0,0.0,0.0
2008-05-05,141.0500030517578,141.61000061035156,140.41000366210938,140.8300018310547,100.80593872070312,118504500,0.0,0.0,0.0
2008-05-06,140.02000427246094,142.1999969482422,139.69000244140625,142.0500030517578,101.67922973632812,179339800,0.0,0.0,0.0
2008-05-07,141.88999938964844,142.0399932861328,139.1300048828125,139.52000427246094,99.86827850341797,199267300,0.0,0.0,0.0
2008-05-08,139.74000549316406,140.32000732421875,138.97999572753906,139.16000366210938,99.610595703125,178321200,0.0,0.0,0.0
2008-05-09,138.60000610351562,139.38999938964844,138.4499969482422,138.89999389648438,99.42449951171875,152588200,0.0,0.0,0.0
2008-05-12,139.25,140.55999755859375,138.72999572753906,140.4600067138672,100.54108428955078,147865900,0.0,0.0,0.0
2008-05-13,140.8000030517578,140.88999938964844,139.72999572753906,140.47999572753906,100.55543518066406,159132200,0.0,0.0,0.0
2008-05-14,141.07000732421875,142.1999969482422,140.4600067138672,140.77000427246094,100.76300811767578,181910800,0.0,0.0,0.0
2008-05-15,141.0399932861328,142.6300048828125,140.8300018310547,142.52999877929688,102.02281951904297,166927000,0.0,0.0,0.0
2008-05-16,142.86000061035156,142.8699951171875,141.61000061035156,142.66000366210938,102.11590576171875,204236800,0.0,0.0,0.0
2008-05-19,142.80999755859375,144.3000030517578,142.3000030517578,143.0500030517578,102.39501953125,165664400,0.0,0.0,0.0
2008-05-20,142.27000427246094,142.33999633789062,141.0,141.88999938964844,101.56468200683594,178552100,0.0,0.0,0.0
2008-05-21,141.80999755859375,142.1199951171875,139.0,139.49000549316406,99.84681701660156,252724800,0.0,0.0,0.0
2008-05-22,139.42999267578125,140.1699981689453,139.0,139.50999450683594,99.8611068725586,170820400,0.0,0.0,0.0
2008-05-23,139.0500030517578,139.66000366210938,137.52000427246094,137.63999938964844,98.52257537841797,181376400,0.0,0.0,0.0
2008-05-27,137.8000030517578,139.0,137.52999877929688,138.66000366210938,99.25265502929688,168322900,0.0,0.0,0.0
2008-05-28,139.1699981689453,140.0,138.0,139.3000030517578,99.71077728271484,181288100,0.0,0.0,0.0
2008-05-29,139.1300048828125,140.92999267578125,139.0800018310547,140.0,100.21183776855469,173927200,0.0,0.0,0.0
2008-05-30,140.47000122070312,140.74000549316406,139.94000244140625,140.35000610351562,100.46235656738281,117362000,0.0,0.0,0.0
2008-06-02,139.8300018310547,139.86000061035156,138.0,138.89999389648438,99.42449951171875,181069900,0.0,0.0,0.0
2008-06-03,139.3000030517578,139.6199951171875,137.22999572753906,138.08999633789062,98.84464263916016,271965700,0.0,0.0,0.0
2008-06-04,137.6999969482422,139.16000366210938,137.4600067138672,138.02000427246094,98.79456329345703,246637700,0.0,0.0,0.0
2008-06-05,138.5800018310547,140.88999938964844,138.32000732421875,140.77999877929688,100.77015686035156,237867100,0.0,0.0,0.0
2008-06-06,139.5500030517578,139.8000030517578,136.22000122070312,136.2899932861328,97.55620574951172,384276300,0.0,0.0,0.0
2008-06-09,136.86000061035156,137.5,135.41000366210938,136.6199951171875,97.79241943359375,228263900,0.0,0.0,0.0
2008-06-10,135.6699981689453,137.10000610351562,135.35000610351562,135.94000244140625,97.30567932128906,260234900,0.0,0.0,0.0
2008-06-11,135.97000122070312,136.25999450683594,133.92999267578125,133.94000244140625,95.87413024902344,283890100,0.0,0.0,0.0
2008-06-12,134.60000610351562,135.8699951171875,133.52000427246094,134.4499969482422,96.2391586303711,252791800,0.0,0.0,0.0
2008-06-13,135.1699981689453,136.52000427246094,134.4199981689453,136.14999389648438,97.4560546875,244726900,0.0,0.0,0.0
2008-06-16,135.5500030517578,136.92999267578125,135.4600067138672,136.22999572753906,97.51326751708984,185832500,0.0,0.0,0.0
2008-06-17,137.07000732421875,137.1199951171875,135.3699951171875,135.57000732421875,97.04088592529297,191707700,0.0,0.0,0.0
2008-06-18,134.69000244140625,135.52000427246094,133.7100067138672,134.25,96.09601593017578,265893000,0.0,0.0,0.0
2008-06-19,134.14999389648438,135.24000549316406,133.5,134.4199981689453,96.21766662597656,304204900,0.0,0.0,0.0
2008-06-20,132.83999633789062,133.08999633789062,131.22000122070312,131.5800018310547,94.65589141845703,289275700,0.669,0.0,0.0
2008-06-23,132.08999633789062,132.22999572753906,131.32000732421875,131.4499969482422,94.5623779296875,165096400,0.0,0.0,0.0
2008-06-24,131.0500030517578,132.44000244140625,130.19000244140625,131.19000244140625,94.3753662109375,267300600,0.0,0.0,0.0
2008-06-25,131.72000122070312,133.39999389648438,131.24000549316406,131.80999755859375,94.82136535644531,287853900,0.0,0.0,0.0
2008-06-26,130.57000732421875,131.4199981689453,128.0800018310547,128.22999572753906,92.24600219726562,297775000,0.0,0.0,0.0
2008-06-27,128.27999877929688,128.86000061035156,127.04000091552734,127.52999877929688,91.74243927001953,303423400,0.0,0.0,0.0
2008-06-30,127.88999938964844,128.91000366210938,127.30000305175781,127.9800033569336,92.06614685058594,258842600,0.0,0.0,0.0
2008-07-01,126.5199966430664,128.47000122070312,125.93000030517578,128.3800048828125,92.35391235351562,388622000,0.0,0.0,0.0
2008-07-02,128.7899932861328,129.16000366210938,125.94999694824219,126.18000030517578,90.77124786376953,288064600,0.0,0.0,0.0
2008-07-03,127.11000061035156,127.11000061035156,124.98999786376953,126.30999755859375,90.86479187011719,239352500,0.0,0.0,0.0
2008-07-07,126.79000091552734,127.33999633789062,123.91999816894531,125.0199966430664,89.936767578125,372427300,0.0,0.0,0.0
2008-07-08,124.98999786376953,127.38999938964844,124.19999694824219,127.23999786376953,91.53382873535156,375973700,0.0,0.0,0.0
2008-07-09,127.5,127.73999786376953,124.38999938964844,124.79000091552734,89.77132415771484,336729400,0.0,0.0,0.0
2008-07-10,124.43000030517578,125.79000091552734,123.58000183105469,125.30000305175781,90.13823699951172,436475700,0.0,0.0,0.0
2008-07-11,123.97000122070312,125.9000015258789,122.48999786376953,123.83999633789062,89.08789825439453,481124600,0.0,0.0,0.0
2008-07-14,125.26000213623047,125.5,122.4000015258789,122.72000122070312,88.28218078613281,322720800,0.0,0.0,0.0
2008-07-15,121.80000305175781,123.48999786376953,120.0199966430664,120.98999786376953,87.03768920898438,502502500,0.0,0.0,0.0
2008-07-16,121.44999694824219,124.56999969482422,121.0999984741211,123.95999908447266,89.17425537109375,371642900,0.0,0.0,0.0
2008-07-17,125.13999938964844,126.26000213623047,124.08999633789062,125.19999694824219,90.06626892089844,375490600,0.0,0.0,0.0
2008-07-18,126.16999816894531,126.41999816894531,125.1500015258789,125.9800033569336,90.62738800048828,267030100,0.0,0.0,0.0
2008-07-21,126.51000213623047,126.80000305175781,125.19000244140625,126.05000305175781,90.67772674560547,222863000,0.0,0.0,0.0
2008-07-22,125.1500015258789,127.80000305175781,124.8499984741211,127.4800033569336,91.70647430419922,296904200,0.0,0.0,0.0
2008-07-23,127.88999938964844,129.14999389648438,127.55000305175781,128.1699981689453,92.20282745361328,311698400,0.0,0.0,0.0
2008-07-24,128.33999633789062,128.41000366210938,125.16000366210938,125.51000213623047,90.2892837524414,248634500,0.0,0.0,0.0
2008-07-25,125.88999938964844,126.48999786376953,125.16999816894531,125.4800033569336,90.2677001953125,219131000,0.0,0.0,0.0
2008-07-28,125.51000213623047,126.05999755859375,123.41999816894531,123.63999938964844,88.94406127929688,205201300,0.0,0.0,0.0
2008-07-29,123.9800033569336,126.37999725341797,123.63999938964844,126.27999877929688,90.84321594238281,261505600,0.0,0.0,0.0
2008-07-30,127.11000061035156,128.60000610351562,126.27999877929688,128.52999877929688,92.4618148803711,354710000,0.0,0.0,0.0
2008-07-31,127.4000015258789,128.57000732421875,126.62999725341797,126.83000183105469,91.23886108398438,277402100,0.0,0.0,0.0
2008-08-01,127.12000274658203,127.27999877929688,125.45999908447266,126.16000366210938,90.75688934326172,248690900,0.0,0.0,0.0
2008-08-04,126.04000091552734,126.13999938964844,124.76000213623047,124.98999786376953,89.91522216796875,188239600,0.0,0.0,0.0
2008-08-05,126.0199966430664,128.55999755859375,124.97000122070312,128.36000061035156,92.33952331542969,251577600,0.0,0.0,0.0
2008-08-06,128.02000427246094,129.3000030517578,127.4800033569336,128.92999267578125,92.7495346069336,209555400,0.0,0.0,0.0
2008-08-07,127.95999908447266,128.44000244140625,126.54000091552734,127.01000213623047,91.36837005615234,246312500,0.0,0.0,0.0
2008-08-08,126.58000183105469,129.92999267578125,126.37999725341797,129.3699951171875,93.06608581542969,260811700,0.0,0.0,0.0
2008-08-11,129.47000122070312,131.50999450683594,129.22999572753906,130.7100067138672,94.03006744384766,249425800,0.0,0.0,0.0
2008-08-12,130.27999877929688,130.6999969482422,128.72999572753906,129.35000610351562,93.05168914794922,213200800,0.0,0.0,0.0
2008-08-13,128.7899932861328,129.64999389648438,127.66999816894531,128.57000732421875,92.49057006835938,256393200,0.0,0.0,0.0
2008-08-14,127.83999633789062,130.27999877929688,127.75,129.5399932861328,93.18838500976562,239555300,0.0,0.0,0.0
2008-08-15,129.92999267578125,130.5,129.3000030517578,130.1699981689453,93.64163208007812,181000800,0.0,0.0,0.0
2008-08-18,130.42999267578125,130.47999572753906,127.66000366210938,128.38999938964844,92.36107635498047,172275100,0.0,0.0,0.0
2008-08-19,127.41999816894531,127.69000244140625,126.52999877929688,126.98999786376953,91.35394287109375,194673700,0.0,0.0,0.0
2008-08-20,127.38999938964844,127.94999694824219,126.33999633789062,127.58000183105469,91.77843475341797,225498200,0.0,0.0,0.0
2008-08-21,126.75,128.44000244140625,126.5999984741211,127.80000305175781,91.93665313720703,180609800,0.0,0.0,0.0
2008-08-22,128.6699981689453,129.64999389648438,127.80000305175781,129.64999389648438,93.26753997802734,167715300,0.0,0.0,0.0
2008-08-25,128.8000030517578,129.64999389648438,126.75,127.0199966430664,91.37557220458984,171936900,0.0,0.0,0.0
2008-08-26,127.0199966430664,127.87000274658203,126.58000183105469,127.38999938964844,91.64171600341797,159117200,0.0,0.0,0.0
2008-08-27,127.55000305175781,128.8300018310547,127.30000305175781,128.6300048828125,92.53373718261719,171032800,0.0,0.0,0.0
2008-08-28,129.27999877929688,130.33999633789062,129.11000061035156,130.19000244140625,93.65597534179688,167537100,0.0,0.0,0.0
2008-08-29,129.72999572753906,130.13999938964844,128.50999450683594,128.7899932861328,92.64886474609375,189195800,0.0,0.0,0.0
2008-09-02,130.02999877929688,130.7100067138672,127.5199966430664,127.98999786376953,92.07333374023438,252364900,0.0,0.0,0.0
2008-09-03,127.87999725341797,128.5,126.93000030517578,127.87999725341797,91.99421691894531,251947000,0.0,0.0,0.0
2008-09-04,126.97000122070312,127.2300033569336,123.95999908447266,124.02999877929688,89.22459411621094,340042500,0.0,0.0,0.0
2008-09-05,123.29000091552734,124.94999694824219,122.0,124.41999816894531,89.50517272949219,289503400,0.0,0.0,0.0
2008-09-08,128.0399932861328,128.24000549316406,124.41999816894531,126.98999786376953,91.35394287109375,364075300,0.0,0.0,0.0
2008-09-09,127.0999984741211,127.36000061035156,122.80000305175781,123.22000122070312,88.64192199707031,377326800,0.0,0.0,0.0
2008-09-10,123.88999938964844,124.9000015258789,122.55000305175781,123.72000122070312,89.00160217285156,298916600,0.0,0.0,0.0
2008-09-11,122.12000274658203,125.73999786376953,121.5999984741211,125.51000213623047,90.2892837524414,375369400,0.0,0.0,0.0
2008-09-12,124.29000091552734,126.20999908447266,123.83000183105469,126.08999633789062,90.7065200805664,297851200,0.0,0.0,0.0
2008-09-15,121.62999725341797,125.6500015258789,119.88999938964844,120.08999633789062,86.39022827148438,483607000,0.0,0.0,0.0
2008-09-16,117.19999694824219,122.31999969482422,117.0,122.0999984741211,87.8362045288086,581744300,0.0,0.0,0.0
2008-09-17,119.63999938964844,121.8499984741211,116.0,116.61000061035156,83.88682556152344,624095600,0.0,0.0,0.0
2008-09-18,118.05000305175781,121.79000091552734,113.80000305175781,120.06999969482422,86.3758544921875,776114700,0.0,0.0,0.0
2008-09-19,126.69999694824219,128.0,123.33000183105469,124.12000274658203,89.8061752319336,501087800,0.691,0.0,0.0
2008-09-22,124.44999694824219,124.75,120.36000061035156,121.30999755859375,87.77302551269531,249966500,0.0,0.0,0.0
2008-09-23,120.8499984741211,122.0199966430664,118.27999877929688,118.55000305175781,85.77603149414062,327470400,0.0,0.0,0.0
2008-09-24,119.3499984741211,120.0,117.79000091552734,118.93000030517578,86.05097198486328,311818400,0.0,0.0,0.0
2008-09-25,119.4000015258789,121.91000366210938,118.44000244140625,120.79000091552734,87.39678192138672,328253000,0.0,0.0,0.0
2008-09-26,118.83000183105469,121.5,118.51000213623047,120.8499984741211,87.44023895263672,285917400,0.0,0.0,0.0
2008-09-29,119.13999938964844,119.33999633789062,110.97000122070312,111.37999725341797,80.58826446533203,459562300,0.0,0.0,0.0
2008-09-30,113.51000213623047,116.80000305175781,110.52999877929688,115.98999786376953,83.92375183105469,328154400,0.0,0.0,0.0
2008-10-01,115.2699966430664,116.69000244140625,113.94999694824219,116.05999755859375,83.97439575195312,332783000,0.0,0.0,0.0
2008-10-02,114.94999694824219,115.11000061035156,111.05999755859375,111.8499984741211,80.92829132080078,365337800,0.0,0.0,0.0
2008-10-03,112.86000061035156,115.44999694824219,109.68000030517578,110.33999633789062,79.83576202392578,461798000,0.0,0.0,0.0
2008-10-06,107.1500015258789,107.62000274658203,100.63999938964844,104.72000122070312,75.76941680908203,610637500,0.0,0.0,0.0
2008-10-07,106.83999633789062,107.33000183105469,99.6500015258789,100.02999877929688,72.37601470947266,540012100,0.0,0.0,0.0
2008-10-08,97.5199966430664,102.18000030517578,96.80999755859375,97.51000213623047,70.55269622802734,725414800,0.0,0.0,0.0
2008-10-09,99.66000366210938,100.62000274658203,90.25,90.69999694824219,65.62535858154297,534485200,0.0,0.0,0.0
2008-10-10,86.76000213623047,93.94000244140625,83.58000183105469,88.5,64.0335693359375,871026300,0.0,0.0,0.0
2008-10-13,93.87000274658203,101.3499984741211,89.94999694824219,101.3499984741211,73.33111572265625,455584000,0.0,0.0,0.0
2008-10-14,104.69999694824219,105.52999877929688,97.11000061035156,99.8499984741211,72.24577331542969,546268300,0.0,0.0,0.0
2008-10-15,97.45999908447266,97.80000305175781,89.70999908447266,90.0199966430664,65.13336944580078,484627500,0.0,0.0,0.0
2008-10-16,91.29000091552734,94.7699966430664,86.54000091552734,93.7699966430664,67.84660339355469,708811200,0.0,0.0,0.0
2008-10-17,91.98999786376953,98.58999633789062,91.6500015258789,93.20999908447266,67.44145965576172,476649000,0.0,0.0,0.0
2008-10-20,95.3499984741211,99.0999984741211,94.08999633789062,98.80999755859375,71.4933090209961,321294200,0.0,0.0,0.0
2008-10-21,96.97000122070312,98.63999938964844,95.22000122070312,95.86000061035156,69.35885620117188,356502000,0.0,0.0,0.0
2008-10-22,93.19999694824219,95.86000061035156,87.52999877929688,90.63999938964844,65.58193969726562,516168000,0.0,0.0,0.0
2008-10-23,90.29000091552734,92.44999694824219,85.80999755859375,91.69000244140625,66.34168243408203,634666400,0.0,0.0,0.0
2008-10-24,84.05999755859375,89.91999816894531,84.0,87.04000091552734,62.977169036865234,545812600,0.0,0.0,0.0
2008-10-27,85.97000122070312,89.51000213623047,83.69999694824219,83.94999694824219,60.74143600463867,397288600,0.0,0.0,0.0
2008-10-28,87.33999633789062,94.23999786376953,84.52999877929688,93.76000213623047,67.83940887451172,639939500,0.0,0.0,0.0
2008-10-29,93.7699966430664,97.16999816894531,92.0999984741211,93.08000183105469,67.3473892211914,531270100,0.0,0.0,0.0
2008-10-30,95.77999877929688,96.54000091552734,92.9000015258789,96.30000305175781,69.67724609375,414582100,0.0,0.0,0.0
2008-10-31,95.08000183105469,98.56999969482422,94.4800033569336,96.83000183105469,70.06068420410156,411394000,0.0,0.0,0.0
2008-11-03,96.77999877929688,97.69000244140625,95.94999694824219,97.11000061035156,70.26327514648438,205419400,0.0,0.0,0.0
2008-11-04,99.05999755859375,100.86000061035156,96.70999908447266,100.41000366210938,72.65097045898438,346793400,0.0,0.0,0.0
2008-11-05,99.19999694824219,100.70999908447266,95.0,96.19000244140625,69.59761810302734,387844100,0.0,0.0,0.0
2008-11-06,94.45999908447266,95.44000244140625,90.05999755859375,90.86000061035156,65.74113464355469,477721900,0.0,0.0,0.0
2008-11-07,91.6500015258789,94.0,90.5,93.86000061035156,67.91175079345703,380391000,0.0,0.0,0.0
2008-11-10,95.20999908447266,95.52999877929688,90.91999816894531,92.62999725341797,67.02178955078125,301773000,0.0,0.0,0.0
2008-11-11,90.76000213623047,92.13999938964844,88.6500015258789,89.7699966430664,64.95246887207031,418498200,0.0,0.0,0.0
2008-11-12,88.2300033569336,88.94999694824219,85.12000274658203,85.81999969482422,62.09449768066406,454330600,0.0,0.0,0.0
2008-11-13,86.12999725341797,91.7300033569336,82.08999633789062,91.16999816894531,65.9654312133789,753141900,0.0,0.0,0.0
2008-11-14,89.41000366210938,92.05999755859375,86.5199966430664,86.62000274658203,62.67331314086914,540352300,0.0,0.0,0.0
2008-11-17,86.37999725341797,88.55999755859375,85.16000366210938,85.47000122070312,61.84123992919922,415254900,0.0,0.0,0.0
2008-11-18,85.1500015258789,87.22000122070312,82.91000366210938,87.08000183105469,63.00615310668945,523811800,0.0,0.0,0.0
2008-11-19,85.91000366210938,86.87000274658203,80.91999816894531,81.5,58.96880340576172,558327600,0.0,0.0,0.0
2008-11-20,80.12999725341797,82.51000213623047,75.05000305175781,75.44999694824219,54.59132766723633,814180400,0.0,0.0,0.0
2008-11-21,77.45999908447266,80.9000015258789,74.33999633789062,79.5199966430664,57.536128997802734,718536500,0.0,0.0,0.0
2008-11-24,81.91999816894531,86.98999786376953,80.36000061035156,85.02999877929688,61.522850036621094,523305300,0.0,0.0,0.0
2008-11-25,87.30000305175781,87.51000213623047,83.81999969482422,85.66000366210938,61.978736877441406,454112400,0.0,0.0,0.0
2008-11-26,84.30000305175781,89.19000244140625,84.23999786376953,88.97000122070312,64.37360382080078,370134200,0.0,0.0,0.0
2008-11-28,88.62999725341797,90.12999725341797,88.4800033569336,90.08999633789062,65.18400573730469,118308100,0.0,0.0,0.0
2008-12-01,87.51000213623047,87.55000305175781,81.86000061035156,82.11000061035156,59.41012954711914,369927100,0.0,0.0,0.0
2008-12-02,83.47000122070312,85.48999786376953,82.04000091552734,85.2699966430664,61.69652557373047,469508400,0.0,0.0,0.0
2008-12-03,83.4000015258789,87.83000183105469,83.13999938964844,87.31999969482422,63.179805755615234,519863500,0.0,0.0,0.0
2008-12-04,86.05999755859375,88.05000305175781,83.73999786376953,85.30000305175781,61.71823501586914,444173800,0.0,0.0,0.0
2008-12-05,83.6500015258789,88.41999816894531,82.23999786376953,87.93000030517578,63.62115478515625,471905300,0.0,0.0,0.0
2008-12-08,90.33999633789062,92.37999725341797,88.08000183105469,91.0,65.84239196777344,412859300,0.0,0.0,0.0
2008-12-09,90.37000274658203,92.12999725341797,88.9800033569336,89.5,64.75711059570312,370790000,0.0,0.0,0.0
2008-12-10,90.31999969482422,91.36000061035156,89.0,90.11000061035156,65.19847869873047,396187400,0.0,0.0,0.0
2008-12-11,89.54000091552734,91.0,87.37000274658203,87.94000244140625,63.6284065246582,365061000,0.0,0.0,0.0
2008-12-12,85.55000305175781,89.06999969482422,85.19999694824219,88.98999786376953,64.38813018798828,415060400,0.0,0.0,0.0
2008-12-15,89.0199966430664,89.1500015258789,86.29000091552734,87.75,63.49090576171875,256694200,0.0,0.0,0.0
2008-12-16,91.87999725341797,92.0199966430664,88.18000030517578,91.87999725341797,66.4791488647461,377699500,0.0,0.0,0.0
2008-12-17,90.83999633789062,92.43000030517578,90.05999755859375,90.98999786376953,65.8351821899414,281819800,0.0,0.0,0.0
2008-12-18,91.4000015258789,91.66999816894531,88.20999908447266,89.29000091552734,64.60516357421875,374673300,0.0,0.0,0.0
2008-12-19,89.0999984741211,90.62000274658203,88.08999633789062,88.19000244140625,64.32726287841797,301451300,0.719,0.0,0.0
2008-12-22,88.58000183105469,88.66999816894531,85.48999786376953,87.05999755859375,63.50300598144531,243759500,0.0,0.0,0.0
2008-12-23,87.52999877929688,87.93000030517578,85.80000305175781,86.16000366210938,62.84654235839844,221625200,0.0,0.0,0.0
2008-12-24,86.44999694824219,86.87000274658203,86.0,86.66000366210938,63.21126174926758,62061600,0.0,0.0,0.0
2008-12-26,87.23999786376953,87.30000305175781,86.5,87.16000366210938,63.57596969604492,74767700,0.0,0.0,0.0
2008-12-29,87.23999786376953,87.33000183105469,85.5999984741211,86.91000366210938,63.393585205078125,127795900,0.0,0.0,0.0
2008-12-30,87.51000213623047,89.05000305175781,86.87999725341797,88.97000122070312,64.89617919921875,168256300,0.0,0.0,0.0
2008-12-31,89.08000183105469,90.97000122070312,88.87000274658203,90.23999786376953,65.82255554199219,193987200,0.0,0.0,0.0
2009-01-02,90.44000244140625,93.44000244140625,89.8499984741211,92.95999908447266,67.80658721923828,227566300,0.0,0.0,0.0
2009-01-05,92.62999725341797,93.66000366210938,91.88999938964844,92.8499984741211,67.72636413574219,240349700,0.0,0.0,0.0
2009-01-06,93.63999938964844,94.44999694824219,92.68000030517578,93.47000122070312,68.17858123779297,328260900,0.0,0.0,0.0
2009-01-07,92.0,92.26000213623047,90.19999694824219,90.66999816894531,66.13616943359375,280899200,0.0,0.0,0.0
2009-01-08,90.16000366210938,91.08999633789062,89.66999816894531,91.04000091552734,66.40609741210938,263834400,0.0,0.0,0.0
2009-01-09,91.16000366210938,91.31999969482422,85.36000061035156,89.08999633789062,64.98373413085938,330953600,0.0,0.0,0.0
2009-01-12,88.83999633789062,88.91000366210938,86.41000366210938,86.94999694824219,63.422794342041016,277858500,0.0,0.0,0.0
2009-01-13,86.7300033569336,87.87999725341797,86.19999694824219,87.11000061035156,63.53949737548828,356432300,0.0,0.0,0.0
2009-01-14,85.54000091552734,85.75,83.16000366210938,84.37000274658203,61.5408821105957,435491600,0.0,0.0,0.0
2009-01-15,84.12000274658203,85.25,81.72000122070312,84.4000015258789,61.56275939941406,532647300,0.0,0.0,0.0
2009-01-16,85.86000061035156,85.98999786376953,83.05000305175781,85.05999755859375,62.044219970703125,399237200,0.0,0.0,0.0
2009-01-20,84.2300033569336,85.05999755859375,80.05000305175781,80.56999969482422,58.76910400390625,419855200,0.0,0.0,0.0
2009-01-21,81.94000244140625,84.23999786376953,80.47000122070312,84.05000305175781,61.30747985839844,364360700,0.0,0.0,0.0
2009-01-22,82.41999816894531,84.04000091552734,81.16999816894531,82.75,60.35924530029297,427940300,0.0,0.0,0.0
2009-01-23,80.9000015258789,83.98999786376953,80.56999969482422,83.11000061035156,60.62181854248047,386800600,0.0,0.0,0.0
2009-01-26,83.58999633789062,85.36000061035156,82.80999755859375,83.68000030517578,61.037593841552734,317978800,0.0,0.0,0.0
2009-01-27,84.12999725341797,85.1500015258789,83.30000305175781,84.52999877929688,61.65757751464844,273789700,0.0,0.0,0.0
2009-01-28,86.4000015258789,87.94999694824219,86.06999969482422,87.38999938964844,63.743743896484375,330007000,0.0,0.0,0.0
2009-01-29,86.11000061035156,87.48999786376953,84.47000122070312,84.55000305175781,61.672183990478516,294392500,0.0,0.0,0.0
2009-01-30,84.9800033569336,85.4000015258789,82.20999908447266,82.83000183105469,60.417564392089844,383383600,0.0,0.0,0.0
2009-02-02,81.56999969482422,83.18000030517578,81.30999755859375,82.58000183105469,60.23524856567383,288233300,0.0,0.0,0.0
2009-02-03,83.0999984741211,84.36000061035156,82.22000122070312,83.73999786376953,61.08134841918945,278385800,0.0,0.0,0.0
2009-02-04,84.30000305175781,85.37000274658203,83.04000091552734,83.33000183105469,60.78227233886719,322989300,0.0,0.0,0.0
2009-02-05,82.69999694824219,85.29000091552734,77.7300033569336,84.56999969482422,61.686790466308594,417679400,0.0,0.0,0.0
2009-02-06,84.86000061035156,87.33999633789062,84.68000030517578,86.9800033569336,63.44467544555664,366101700,0.0,0.0,0.0
2009-02-09,86.95999908447266,87.73999786376953,86.31999969482422,87.0999984741211,63.532188415527344,240075200,0.0,0.0,0.0
2009-02-10,86.2699966430664,87.02999877929688,82.44999694824219,83.11000061035156,60.62181854248047,536212800,0.0,0.0,0.0
2009-02-11,83.44999694824219,84.05000305175781,82.4000015258789,83.5999984741211,60.97921371459961,324442500,0.0,0.0,0.0
2009-02-12,82.16999816894531,83.81999969482422,81.05000305175781,83.66000366210938,61.023014068603516,469302200,0.0,0.0,0.0
2009-02-13,83.55000305175781,84.23999786376953,82.73999786376953,82.76000213623047,60.366519927978516,293998400,0.0,0.0,0.0
2009-02-17,80.16000366210938,82.95999908447266,79.16999816894531,79.22000122070312,57.784400939941406,478910100,0.0,0.0,0.0
2009-02-18,79.79000091552734,79.94000244140625,78.27999877929688,79.02999877929688,57.645816802978516,362964800,0.0,0.0,0.0
2009-02-19,79.83999633789062,80.1500015258789,78.0199966430664,78.18000030517578,57.025794982910156,316867500,0.0,0.0,0.0
2009-02-20,76.7300033569336,78.33999633789062,75.7699966430664,77.41999816894531,56.471431732177734,477176600,0.0,0.0,0.0
2009-02-23,78.2699966430664,78.2699966430664,74.58999633789062,74.6500015258789,54.450950622558594,379641400,0.0,0.0,0.0
2009-02-24,75.29000091552734,77.94999694824219,74.69999694824219,77.4800033569336,56.51521301269531,426260900,0.0,0.0,0.0
2009-02-25,77.13999938964844,78.41999816894531,75.62999725341797,76.87000274658203,56.07025146484375,461985800,0.0,0.0,0.0
2009-02-26,77.81999969482422,79.66999816894531,75.52999877929688,75.62000274658203,55.158477783203125,363353900,0.0,0.0,0.0
2009-02-27,74.01000213623047,75.69000244140625,73.80999755859375,73.93000030517578,53.92577362060547,470510900,0.0,0.0,0.0
2009-03-02,72.5199966430664,73.91999816894531,70.37000274658203,70.5999984741211,51.4968147277832,426452600,0.0,0.0,0.0
2009-03-03,71.61000061035156,71.69999694824219,69.63999938964844,70.06999969482422,51.110233306884766,443761000,0.0,0.0,0.0
2009-03-04,71.2300033569336,72.87000274658203,70.06999969482422,71.7300033569336,52.321075439453125,462753100,0.0,0.0,0.0
2009-03-05,70.0999984741211,71.7300033569336,68.16999816894531,68.80000305175781,50.18385314941406,485549400,0.0,0.0,0.0
2009-03-06,69.4000015258789,70.44999694824219,67.0999984741211,68.91999816894531,50.27139663696289,490470000,0.0,0.0,0.0
2009-03-09,67.94999694824219,70.0,67.7300033569336,68.11000061035156,49.680572509765625,379905300,0.0,0.0,0.0
2009-03-10,69.51000213623047,72.37000274658203,69.37000274658203,72.16999816894531,52.64202117919922,406227900,0.0,0.0,0.0
2009-03-11,73.0,73.75,71.83000183105469,72.63999938964844,52.98483657836914,356648300,0.0,0.0,0.0
2009-03-12,72.62000274658203,75.75,71.97000122070312,75.5,55.070945739746094,409702700,0.0,0.0,0.0
2009-03-13,76.01000213623047,76.9800033569336,74.7300033569336,76.08999633789062,55.50133514404297,337474700,0.0,0.0,0.0
2009-03-16,76.95999908447266,77.97000122070312,75.80999755859375,75.86000061035156,55.33354568481445,360644900,0.0,0.0,0.0
2009-03-17,76.06999969482422,78.36000061035156,75.44999694824219,78.18000030517578,57.025794982910156,356814300,0.0,0.0,0.0
2009-03-18,77.80999755859375,80.9000015258789,77.06999969482422,79.93000030517578,58.302276611328125,473273200,0.0,0.0,0.0
2009-03-19,80.93000030517578,81.0,78.69000244140625,78.94000244140625,57.58015441894531,428520400,0.0,0.0,0.0
2009-03-20,78.76000213623047,78.91000366210938,76.52999877929688,76.70999908447266,56.35405731201172,371078200,0.561,0.0,0.0
2009-03-23,78.73999786376953,82.29000091552734,78.30999755859375,82.22000122070312,60.401885986328125,419933300,0.0,0.0,0.0
2009-03-24,81.23999786376953,82.36000061035156,80.51000213623047,80.5999984741211,59.211788177490234,330271000,0.0,0.0,0.0
2009-03-25,81.2300033569336,82.69999694824219,79.05999755859375,81.44999694824219,59.83623504638672,441775100,0.0,0.0,0.0
2009-03-26,82.25,83.30000305175781,81.31999969482422,83.11000061035156,61.05572509765625,422025200,0.0,0.0,0.0
2009-03-27,82.05000305175781,82.52999877929688,81.30999755859375,81.61000061035156,59.953758239746094,322332300,0.0,0.0,0.0
2009-03-30,79.80000305175781,79.87000274658203,77.95999908447266,78.79000091552734,57.88208770751953,324108500,0.0,0.0,0.0
2009-03-31,79.55999755859375,81.08000183105469,79.05000305175781,79.5199966430664,58.41836929321289,364238300,0.0,0.0,0.0
2009-04-01,78.52999877929688,81.41999816894531,78.33000183105469,81.05999755859375,59.549713134765625,377018300,0.0,0.0,0.0
2009-04-02,83.08000183105469,84.61000061035156,81.12999725341797,83.43000030517578,61.290809631347656,476230700,0.0,0.0,0.0
2009-04-03,83.48999786376953,84.27999877929688,82.66999816894531,84.26000213623047,61.900550842285156,284646300,0.0,0.0,0.0
2009-04-06,83.33999633789062,84.27999877929688,82.29000091552734,83.5999984741211,61.415679931640625,264866600,0.0,0.0,0.0
2009-04-07,82.25,82.6500015258789,81.51000213623047,81.6500015258789,59.983150482177734,258947800,0.0,0.0,0.0
2009-04-08,82.05999755859375,82.94000244140625,81.54000091552734,82.52999877929688,60.62965774536133,230402800,0.0,0.0,0.0
2009-04-09,84.66999816894531,85.81999969482422,84.33000183105469,85.80999755859375,63.039249420166016,269653500,0.0,0.0,0.0
2009-04-13,84.91999816894531,86.54000091552734,84.58000183105469,85.83000183105469,63.0539436340332,224847500,0.0,0.0,0.0
2009-04-14,85.02999877929688,85.76000213623047,84.08000183105469,84.3499984741211,61.966712951660156,276598800,0.0,0.0,0.0
2009-04-15,83.83999633789062,85.41999816894531,83.61000061035156,85.25,62.62785339355469,250726100,0.0,0.0,0.0
2009-04-16,85.93000030517578,87.1500015258789,84.7699966430664,86.5,63.54618835449219,335202900,0.0,0.0,0.0
2009-04-17,86.83000183105469,87.6500015258789,86.13999938964844,87.08000183105469,63.97221755981445,262649000,0.0,0.0,0.0
2009-04-20,85.54000091552734,87.05000305175781,83.33999633789062,83.43000030517578,61.290809631347656,293690100,0.0,0.0,0.0
2009-04-21,82.81999969482422,85.12999725341797,82.75,85.05999755859375,62.48828125,114090900,0.0,0.0,0.0
2009-04-22,84.29000091552734,86.33999633789062,84.06999969482422,84.54000091552734,62.10625457763672,340395200,0.0,0.0,0.0
2009-04-23,84.70999908447266,85.41999816894531,83.62999725341797,85.37000274658203,62.71601486206055,324903700,0.0,0.0,0.0
2009-04-24,86.02999877929688,87.30999755859375,85.69000244140625,86.66000366210938,63.6636962890625,287703000,0.0,0.0,0.0
2009-04-27,85.68000030517578,87.01000213623047,85.54000091552734,85.83999633789062,63.06126022338867,289581600,0.0,0.0,0.0
2009-04-28,84.97000122070312,86.58999633789062,84.76000213623047,85.56999969482422,62.86295700073242,247926300,0.0,0.0,0.0
2009-04-29,86.5199966430664,88.36000061035156,86.30000305175781,87.38999938964844,64.1999740600586,311505700,0.0,0.0,0.0
2009-04-30,88.55000305175781,89.0199966430664,86.91999816894531,87.41999816894531,64.22200775146484,301419800,0.0,0.0,0.0
2009-05-01,87.44000244140625,88.20999908447266,86.72000122070312,87.88999938964844,64.56729888916016,236110300,0.0,0.0,0.0
2009-05-04,88.55000305175781,90.94000244140625,88.37999725341797,90.87999725341797,66.76386260986328,287120000,0.0,0.0,0.0
2009-05-05,90.56999969482422,90.93000030517578,89.83999633789062,90.56999969482422,66.5361099243164,243036300,0.0,0.0,0.0
2009-05-06,91.68000030517578,92.19999694824219,90.61000061035156,92.13999938964844,67.68946838378906,291941000,0.0,0.0,0.0
2009-05-07,93.01000213623047,93.1500015258789,90.27999877929688,90.86000061035156,66.74917602539062,317728000,0.0,0.0,0.0
2009-05-08,92.02999877929688,93.22000122070312,91.44000244140625,92.9800033569336,68.30657196044922,299081700,0.0,0.0,0.0
2009-05-11,91.69999694824219,92.11000061035156,91.04000091552734,91.23999786376953,67.02833557128906,247923600,0.0,0.0,0.0
2009-05-12,91.62999725341797,91.83000183105469,89.8499984741211,90.97000122070312,66.82994079589844,282431300,0.0,0.0,0.0
2009-05-13,89.73999786376953,90.01000213623047,88.5,88.68000030517578,65.14765930175781,269619100,0.0,0.0,0.0
2009-05-14,88.72000122070312,90.12000274658203,88.5,89.44000244140625,65.7059326171875,260098700,0.0,0.0,0.0
2009-05-15,89.37000274658203,90.0,88.1500015258789,88.70999908447266,65.16970825195312,271502700,0.0,0.0,0.0
2009-05-18,89.55000305175781,91.33999633789062,88.56999969482422,91.2300033569336,67.02099609375,241447400,0.0,0.0,0.0
2009-05-19,91.18000030517578,91.97000122070312,90.80999755859375,91.12000274658203,66.9402084350586,206102200,0.0,0.0,0.0
2009-05-20,91.94999694824219,92.80000305175781,90.41000366210938,90.51000213623047,66.4920425415039,285722200,0.0,0.0,0.0
2009-05-21,89.45999908447266,89.80000305175781,88.26000213623047,89.20999908447266,65.53702545166016,258988400,0.0,0.0,0.0
2009-05-22,89.45999908447266,90.0,88.68000030517578,89.0199966430664,65.39744567871094,166811900,0.0,0.0,0.0
2009-05-26,88.36000061035156,91.55999755859375,88.31999969482422,91.30000305175781,67.07244110107422,236318500,0.0,0.0,0.0
2009-05-27,91.44000244140625,91.75,89.52999877929688,89.66999816894531,65.87493133544922,246015800,0.0,0.0,0.0
2009-05-28,90.45999908447266,91.33999633789062,89.0999984741211,90.91999816894531,66.7932357788086,289095000,0.0,0.0,0.0
2009-05-29,91.41999816894531,93.69999694824219,90.68000030517578,92.52999877929688,67.97600555419922,258641500,0.0,0.0,0.0
2009-06-01,93.66999816894531,95.16999816894531,93.43000030517578,94.7699966430664,69.62157440185547,276246800,0.0,0.0,0.0
2009-06-02,94.4000015258789,95.37000274658203,94.2300033569336,94.8499984741211,69.68036651611328,230874500,0.0,0.0,0.0
2009-06-03,94.04000091552734,94.12999725341797,92.76000213623047,93.6500015258789,68.79879760742188,235310500,0.0,0.0,0.0
2009-06-04,94.0,94.66999816894531,93.30000305175781,94.52999877929688,69.44528198242188,210102300,0.0,0.0,0.0
2009-06-05,95.48999786376953,95.66999816894531,93.80000305175781,94.55000305175781,69.4599838256836,284257900,0.0,0.0,0.0
2009-06-08,93.83999633789062,95.0999984741211,93.04000091552734,94.16000366210938,69.17347717285156,238565100,0.0,0.0,0.0
2009-06-09,94.69000244140625,95.13999938964844,94.0199966430664,94.63999938964844,69.52609252929688,225125500,0.0,0.0,0.0
2009-06-10,95.4800033569336,95.48999786376953,93.19000244140625,94.4000015258789,69.34978485107422,296100400,0.0,0.0,0.0
2009-06-11,94.58000183105469,96.11000061035156,94.55999755859375,94.81999969482422,69.65836334228516,275414200,0.0,0.0,0.0
2009-06-12,94.4000015258789,95.13999938964844,94.0,95.08000183105469,69.84933471679688,184361800,0.0,0.0,0.0
2009-06-15,93.95999908447266,94.0199966430664,92.4000015258789,92.9000015258789,68.24781799316406,224190500,0.0,0.0,0.0
2009-06-16,93.2300033569336,93.29000091552734,91.58000183105469,91.63999938964844,67.32218933105469,227319000,0.0,0.0,0.0
2009-06-17,91.5999984741211,92.33000183105469,90.83000183105469,91.55000305175781,67.25608825683594,223445200,0.0,0.0,0.0
2009-06-18,91.69000244140625,92.66999816894531,91.25,92.22000122070312,67.74827575683594,211725100,0.0,0.0,0.0
2009-06-19,92.58000183105469,92.69999694824219,91.5199966430664,92.04000091552734,67.99795532226562,215655600,0.518,0.0,0.0
2009-06-22,91.13999938964844,91.19000244140625,89.25,89.27999877929688,65.95894622802734,251913600,0.0,0.0,0.0
2009-06-23,89.47000122070312,89.87999725341797,88.8499984741211,89.3499984741211,66.01065063476562,188309800,0.0,0.0,0.0
2009-06-24,90.16000366210938,91.08000183105469,89.5999984741211,90.12000274658203,66.57952117919922,211577700,0.0,0.0,0.0
2009-06-25,89.66999816894531,92.16999816894531,89.56999969482422,92.08000183105469,68.02754974365234,279411000,0.0,0.0,0.0
2009-06-26,91.7699966430664,92.23999786376953,91.2699966430664,91.83999633789062,67.8502426147461,167579000,0.0,0.0,0.0
2009-06-29,92.11000061035156,92.81999969482422,91.5999984741211,92.69999694824219,68.4855728149414,168481300,0.0,0.0,0.0
2009-06-30,92.72000122070312,93.05999755859375,91.2699966430664,91.94999694824219,67.93147277832031,228888200,0.0,0.0,0.0
2009-07-01,92.33999633789062,93.2300033569336,92.20999908447266,92.33000183105469,68.21221160888672,173041100,0.0,0.0,0.0
2009-07-02,91.12999725341797,92.36000061035156,89.76000213623047,89.80999755859375,66.35047149658203,212309900,0.0,0.0,0.0
2009-07-06,88.94000244140625,89.93000030517578,88.66000366210938,89.80000305175781,66.3431167602539,174499600,0.0,0.0,0.0
2009-07-07,89.70999908447266,89.81999969482422,88.0,88.05999755859375,65.0575942993164,197088900,0.0,0.0,0.0
2009-07-08,88.58999633789062,88.80000305175781,87.0,88.0,65.01327514648438,248050500,0.0,0.0,0.0
2009-07-09,88.61000061035156,88.9000015258789,87.91000366210938,88.16999816894531,65.1388931274414,163777600,0.0,0.0,0.0
2009-07-10,87.69999694824219,88.48999786376953,87.3499984741211,87.95999908447266,64.98373413085938,173520300,0.0,0.0,0.0
2009-07-13,88.30999755859375,90.16999816894531,87.58999633789062,90.0999984741211,66.56476593017578,217413500,0.0,0.0,0.0
2009-07-14,90.37999725341797,90.69000244140625,89.7300033569336,90.61000061035156,66.94152069091797,181487400,0.0,0.0,0.0
2009-07-15,91.80999755859375,93.51000213623047,90.68000030517578,93.26000213623047,68.89929962158203,220877900,0.0,0.0,0.0
2009-07-16,93.0,94.51000213623047,92.81999969482422,93.11000061035156,68.78851318359375,231174500,0.0,0.0,0.0
2009-07-17,94.05999755859375,94.31999969482422,93.54000091552734,94.12999725341797,69.54206085205078,138561700,0.0,0.0,0.0
2009-07-20,94.68000030517578,95.29000091552734,94.19000244140625,95.12999725341797,70.28081512451172,164179400,0.0,0.0,0.0
2009-07-21,95.87000274658203,95.9000015258789,94.41999816894531,95.56999969482422,70.60591888427734,217718300,0.0,0.0,0.0
2009-07-22,94.95999908447266,96.12999725341797,94.88999938964844,95.55000305175781,70.59112548828125,196068100,0.0,0.0,0.0
2009-07-23,95.61000061035156,98.08000183105469,95.52999877929688,97.66000366210938,72.14996337890625,258795500,0.0,0.0,0.0
2009-07-24,97.19999694824219,98.13999938964844,96.69000244140625,98.05999755859375,72.44551086425781,154003100,0.0,0.0,0.0
2009-07-27,97.87999725341797,98.4000015258789,97.33999633789062,98.3499984741211,72.65972137451172,159259400,0.0,0.0,0.0
2009-07-28,97.66000366210938,98.37000274658203,97.05999755859375,97.88999938964844,72.31991577148438,186685200,0.0,0.0,0.0
2009-07-29,97.44000244140625,98.08999633789062,96.9800033569336,97.6500015258789,72.1426010131836,194399300,0.0,0.0,0.0
2009-07-30,98.83000183105469,99.83000183105469,98.5999984741211,98.66999816894531,72.89613342285156,225575400,0.0,0.0,0.0
2009-07-31,98.6500015258789,99.47000122070312,98.37999725341797,98.80999755859375,72.99959564208984,207358000,0.0,0.0,0.0
2009-08-03,99.8499984741211,100.52999877929688,99.30999755859375,100.44000244140625,74.20379638671875,175776900,0.0,0.0,0.0
2009-08-04,99.98999786376953,100.83999633789062,99.77999877929688,100.69999694824219,74.3958969116211,176714600,0.0,0.0,0.0
2009-08-05,100.7699966430664,100.86000061035156,99.58000183105469,100.41000366210938,74.18163299560547,184726400,0.0,0.0,0.0
2009-08-06,100.87000274658203,101.0199966430664,99.41999816894531,99.88999938964844,73.79747772216797,193203800,0.0,0.0,0.0
2009-08-07,100.94000244140625,102.02999877929688,100.38999938964844,101.19999694824219,74.76527404785156,220640900,0.0,0.0,0.0
2009-08-10,100.73999786376953,101.22000122070312,100.2699966430664,100.98999786376953,74.61011505126953,130898700,0.0,0.0,0.0
2009-08-11,100.54000091552734,100.61000061035156,99.45999908447266,99.7300033569336,73.67922973632812,157301000,0.0,0.0,0.0
2009-08-12,99.55999755859375,101.55999755859375,99.51000213623047,100.80000305175781,74.46975708007812,219052400,0.0,0.0,0.0
2009-08-13,101.26000213623047,101.61000061035156,100.26000213623047,101.56999969482422,75.03862762451172,176449500,0.0,0.0,0.0
2009-08-14,101.5199966430664,101.5999984741211,99.69999694824219,100.79000091552734,74.46234893798828,199616100,0.0,0.0,0.0
2009-08-17,98.8499984741211,98.94999694824219,98.11000061035156,98.30999755859375,72.63018035888672,237667500,0.0,0.0,0.0
2009-08-18,98.52999877929688,99.44000244140625,98.3499984741211,99.08999633789062,73.20643615722656,173461500,0.0,0.0,0.0
2009-08-19,98.30999755859375,100.30000305175781,98.20999908447266,99.95999908447266,73.84915924072266,192812800,0.0,0.0,0.0
2009-08-20,100.08999633789062,101.22000122070312,99.87000274658203,100.98999786376953,74.61011505126953,174131300,0.0,0.0,0.0
2009-08-21,101.81999969482422,103.12999725341797,101.62000274658203,102.97000122070312,76.07292175292969,224605000,0.0,0.0,0.0
2009-08-24,103.38999938964844,103.94999694824219,102.58999633789062,102.95999908447266,76.06555938720703,191279000,0.0,0.0,0.0
2009-08-25,103.37000274658203,104.26000213623047,102.94000244140625,103.16000366210938,76.21331024169922,215310600,0.0,0.0,0.0
2009-08-26,102.83999633789062,103.63999938964844,102.48999786376953,103.16999816894531,76.22067260742188,194620700,0.0,0.0,0.0
2009-08-27,103.11000061035156,103.72000122070312,101.94000244140625,103.4000015258789,76.39061737060547,196230100,0.0,0.0,0.0
2009-08-28,104.2300033569336,104.3499984741211,102.66999816894531,103.37999725341797,76.3758316040039,147024400,0.0,0.0,0.0
2009-08-31,102.37000274658203,102.58000183105469,101.79000091552734,102.45999908447266,75.69613647460938,176051600,0.0,0.0,0.0
2009-09-01,101.94999694824219,103.23999786376953,99.98999786376953,100.19999694824219,74.0264663696289,321276800,0.0,0.0,0.0
2009-09-02,99.77999877929688,100.44000244140625,99.56999969482422,99.81999969482422,73.7457275390625,171805000,0.0,0.0,0.0
2009-09-03,100.4000015258789,100.7699966430664,99.58999633789062,100.6500015258789,74.35893249511719,143572300,0.0,0.0,0.0
2009-09-04,100.8499984741211,102.08999633789062,100.55000305175781,102.05999755859375,75.400634765625,142687900,0.0,0.0,0.0
2009-09-08,103.0,103.05000305175781,102.38999938964844,102.94000244140625,76.05077362060547,132909100,0.0,0.0,0.0
2009-09-09,103.12000274658203,104.08000183105469,102.80000305175781,103.7300033569336,76.63441467285156,154612500,0.0,0.0,0.0
2009-09-10,103.80000305175781,104.86000061035156,103.22000122070312,104.79000091552734,77.41752624511719,162902400,0.0,0.0,0.0
2009-09-11,104.98999786376953,105.30000305175781,104.27999877929688,104.7699966430664,77.40276336669922,152360100,0.0,0.0,0.0
2009-09-14,103.87999725341797,105.45999908447266,103.1500015258789,105.27999877929688,77.77948760986328,149593800,0.0,0.0,0.0
2009-09-15,105.44999694824219,106.11000061035156,104.76000213623047,105.72000122070312,78.1045913696289,196795900,0.0,0.0,0.0
2009-09-16,106.0999984741211,107.33999633789062,105.7300033569336,107.31999969482422,79.28666687011719,206406300,0.0,0.0,0.0
2009-09-17,107.16999816894531,108.05999755859375,106.56999969482422,107.16000366210938,79.16844940185547,229170900,0.0,0.0,0.0
2009-09-18,107.1500015258789,107.16000366210938,106.36000061035156,106.72000122070312,79.21893310546875,153799100,0.508,0.0,0.0
2009-09-21,105.88999938964844,107.0,105.66000366210938,106.44999694824219,79.01849365234375,151892000,0.0,0.0,0.0
2009-09-22,107.08000183105469,107.37000274658203,106.5999984741211,107.06999969482422,79.4787368774414,143126700,0.0,0.0,0.0
2009-09-23,107.31999969482422,108.02999877929688,105.98999786376953,106.18000030517578,78.8180923461914,225947400,0.0,0.0,0.0
2009-09-24,106.41000366210938,106.63999938964844,104.55000305175781,105.01000213623047,77.94956970214844,228636800,0.0,0.0,0.0
2009-09-25,104.77999877929688,105.36000061035156,104.08999633789062,104.44999694824219,77.53388977050781,204059000,0.0,0.0,0.0
2009-09-28,104.8499984741211,106.55000305175781,104.83000183105469,106.31999969482422,78.9220199584961,118285800,0.0,0.0,0.0
2009-09-29,106.51000213623047,107.0199966430664,105.77999877929688,106.0,78.68448638916016,133733900,0.0,0.0,0.0
2009-09-30,106.36000061035156,106.45999908447266,104.62000274658203,105.58999633789062,78.38011932373047,254383000,0.0,0.0,0.0
2009-10-01,103.0,105.7300033569336,102.94999694824219,102.97000122070312,76.4352798461914,281840600,0.0,0.0,0.0
2009-10-02,102.0199966430664,103.0999984741211,101.98999786376953,102.48999786376953,76.07896423339844,224748800,0.0,0.0,0.0
2009-10-05,102.9000015258789,104.31999969482422,102.5999984741211,104.0199966430664,77.21469116210938,149875000,0.0,0.0,0.0
2009-10-06,104.7699966430664,106.11000061035156,104.70999908447266,105.51000213623047,78.32074737548828,202491100,0.0,0.0,0.0
2009-10-07,105.2699966430664,105.91000366210938,105.06999969482422,105.80000305175781,78.53597259521484,159200300,0.0,0.0,0.0
2009-10-08,106.55000305175781,107.16999816894531,105.8499984741211,106.61000061035156,79.13726806640625,183305800,0.0,0.0,0.0
2009-10-09,106.63999938964844,107.26000213623047,106.36000061035156,107.26000213623047,79.6197509765625,135008300,0.0,0.0,0.0
2009-10-12,107.76000213623047,108.08999633789062,107.27999877929688,107.68000030517578,79.93154907226562,118031000,0.0,0.0,0.0
2009-10-13,107.38999938964844,107.70999908447266,106.76000213623047,107.45999908447266,79.76824188232422,157692700,0.0,0.0,0.0
2009-10-14,108.72000122070312,109.41999816894531,107.41999816894531,109.30999755859375,81.14153289794922,191421600,0.0,0.0,0.0
2009-10-15,108.77999877929688,109.70999908447266,108.7300033569336,109.70999908447266,81.43842315673828,173873600,0.0,0.0,0.0
2009-10-16,108.80000305175781,109.2699966430664,108.2300033569336,108.88999938964844,80.82971954345703,192069400,0.0,0.0,0.0
2009-10-19,109.06999969482422,110.12999725341797,108.7300033569336,109.79000091552734,81.49784088134766,159530400,0.0,0.0,0.0
2009-10-20,109.94999694824219,109.98999786376953,108.68000030517578,109.20999908447266,81.06726837158203,180921100,0.0,0.0,0.0
2009-10-21,109.04000091552734,110.30999755859375,108.1500015258789,108.2300033569336,80.33979797363281,225379300,0.0,0.0,0.0
2009-10-22,108.19000244140625,109.68000030517578,107.5,109.33000183105469,81.15633392333984,238444000,0.0,0.0,0.0
2009-10-23,109.69000244140625,109.76000213623047,107.62999725341797,108.08000183105469,80.22846221923828,240033200,0.0,0.0,0.0
2009-10-26,108.19999694824219,109.30999755859375,106.61000061035156,106.91000366210938,79.35997009277344,242028200,0.0,0.0,0.0
2009-10-27,107.02999877929688,107.38999938964844,106.16000366210938,106.41999816894531,78.99620056152344,253266300,0.0,0.0,0.0
2009-10-28,106.1500015258789,106.4800033569336,104.3499984741211,104.41000366210938,77.50420379638672,248821400,0.0,0.0,0.0
2009-10-29,105.19000244140625,106.86000061035156,104.94000244140625,106.6500015258789,79.1669692993164,198110600,0.0,0.0,0.0
2009-10-30,106.30000305175781,106.62000274658203,103.44000244140625,103.55999755859375,76.87325286865234,325608100,0.0,0.0,0.0
2009-11-02,104.12999725341797,105.41000366210938,103.08000183105469,104.31999969482422,77.43739318847656,254222900,0.0,0.0,0.0
2009-11-03,103.73999786376953,104.80000305175781,103.54000091552734,104.6500015258789,77.68231964111328,228362600,0.0,0.0,0.0
2009-11-04,105.51000213623047,106.33000183105469,104.6500015258789,104.91999816894531,77.88276672363281,247996700,0.0,0.0,0.0
2009-11-05,105.66000366210938,106.87999725341797,105.44000244140625,106.8499984741211,79.3154067993164,180015300,0.0,0.0,0.0
2009-11-06,106.26000213623047,107.4000015258789,106.05000305175781,107.12999725341797,79.52330017089844,170954100,0.0,0.0,0.0
2009-11-09,107.94999694824219,109.62999725341797,107.87000274658203,109.56999969482422,81.3344955444336,159495700,0.0,0.0,0.0
2009-11-10,109.30999755859375,109.93000030517578,108.97000122070312,109.58999633789062,81.34934997558594,171899800,0.0,0.0,0.0
2009-11-11,110.30999755859375,110.81999969482422,109.62000274658203,110.1500015258789,81.76506042480469,169466200,0.0,0.0,0.0
2009-11-12,110.0,110.56999969482422,108.75,109.02999877929688,80.93365478515625,157144500,0.0,0.0,0.0
2009-11-13,109.30999755859375,110.08999633789062,108.75,109.62000274658203,81.3716049194336,150963000,0.0,0.0,0.0
2009-11-16,110.37999725341797,111.69000244140625,110.31999969482422,111.20999908447266,82.5518798828125,210922200,0.0,0.0,0.0
2009-11-17,110.91999816894531,111.38999938964844,110.5,111.33999633789062,82.64836120605469,147134100,0.0,0.0,0.0
2009-11-18,111.26000213623047,111.43000030517578,110.56999969482422,111.2699966430664,82.59642028808594,156486800,0.0,0.0,0.0
2009-11-19,110.51000213623047,111.30999755859375,109.12999725341797,109.81999969482422,81.52007293701172,208734600,0.0,0.0,0.0
2009-11-20,109.25,109.76000213623047,109.01000213623047,109.43000030517578,81.23056030273438,134196000,0.0,0.0,0.0
2009-11-23,110.72000122070312,111.73999786376953,110.5999984741211,110.81999969482422,82.26238250732422,148010200,0.0,0.0,0.0
2009-11-24,111.0,111.19999694824219,110.01000213623047,110.98999786376953,82.3885726928711,138420100,0.0,0.0,0.0
2009-11-25,111.16999816894531,111.5,110.81999969482422,111.37999725341797,82.67811584472656,109564800,0.0,0.0,0.0
2009-11-27,108.4000015258789,110.31999969482422,108.29000091552734,109.56999969482422,81.3344955444336,126001800,0.0,0.0,0.0
2009-11-30,109.4800033569336,110.19999694824219,108.12000274658203,109.94000244140625,81.6091537475586,160874800,0.0,0.0,0.0
2009-12-01,110.91999816894531,111.66000366210938,110.7300033569336,111.30000305175781,82.61870574951172,159613700,0.0,0.0,0.0
2009-12-02,111.27999877929688,112.01000213623047,110.91999816894531,111.25,82.5815658569336,132315100,0.0,0.0,0.0
2009-12-03,111.55000305175781,112.18000030517578,110.29000091552734,110.37999725341797,81.93575286865234,167324900,0.0,0.0,0.0
2009-12-04,111.83999633789062,112.37999725341797,110.04000091552734,111.01000213623047,82.4034423828125,274907800,0.0,0.0,0.0
2009-12-07,110.91000366210938,111.52999877929688,110.48999786376953,110.83999633789062,82.27721405029297,127973800,0.0,0.0,0.0
2009-12-08,110.04000091552734,110.7699966430664,109.2699966430664,109.61000061035156,81.36418151855469,169863700,0.0,0.0,0.0
2009-12-09,109.58000183105469,110.18000030517578,109.0199966430664,110.0199966430664,81.66854095458984,155063400,0.0,0.0,0.0
2009-12-10,110.69999694824219,111.12000274658203,110.44999694824219,110.63999938964844,82.1287841796875,138014600,0.0,0.0,0.0
2009-12-11,111.11000061035156,111.36000061035156,110.61000061035156,111.11000061035156,82.47765350341797,124854000,0.0,0.0,0.0
2009-12-14,111.87000274658203,112.0,111.12999725341797,111.87000274658203,83.04180908203125,107141500,0.0,0.0,0.0
2009-12-15,111.45999908447266,111.91999816894531,111.0,111.3499984741211,82.65579986572266,120408800,0.0,0.0,0.0
2009-12-16,111.80000305175781,112.12999725341797,111.2699966430664,111.5199966430664,82.781982421875,155358200,0.0,0.0,0.0
2009-12-17,110.72000122070312,110.93000030517578,110.08000183105469,110.18000030517578,81.78733825683594,183390100,0.0,0.0,0.0
2009-12-18,110.19999694824219,110.30000305175781,109.27999877929688,110.20999908447266,82.25000762939453,174591200,0.59,0.0,0.0
2009-12-21,110.76000213623047,111.69999694824219,110.76000213623047,111.33000183105469,83.08589172363281,118039600,0.0,0.0,0.0
2009-12-22,111.56999969482422,111.97000122070312,111.43000030517578,111.7300033569336,83.3843994140625,91707500,0.0,0.0,0.0
2009-12-23,112.0,112.11000061035156,111.5,111.94999694824219,83.548583984375,111783100,0.0,0.0,0.0
2009-12-24,112.19000244140625,112.5999984741211,112.0,112.4800033569336,83.94410705566406,39677500,0.0,0.0,0.0
2009-12-28,112.9000015258789,112.98999786376953,112.31999969482422,112.72000122070312,84.12326049804688,87508500,0.0,0.0,0.0
2009-12-29,113.01000213623047,113.02999877929688,112.55000305175781,112.55999755859375,84.00383758544922,80572500,0.0,0.0,0.0
2009-12-30,112.2300033569336,112.6500015258789,112.16999816894531,112.5199966430664,83.97396087646484,73138400,0.0,0.0,0.0
2009-12-31,112.7699966430664,112.80000305175781,111.38999938964844,111.44000244140625,83.16796875,90637900,0.0,0.0,0.0
2010-01-04,112.37000274658203,113.38999938964844,111.51000213623047,113.33000183105469,84.57850646972656,118944600,0.0,0.0,0.0
2010-01-05,113.26000213623047,113.68000030517578,112.8499984741211,113.62999725341797,84.80237579345703,111579900,0.0,0.0,0.0
2010-01-06,113.5199966430664,113.98999786376953,113.43000030517578,113.70999908447266,84.86207580566406,116074400,0.0,0.0,0.0
2010-01-07,113.5,114.33000183105469,113.18000030517578,114.19000244140625,85.22029876708984,131091100,0.0,0.0,0.0
2010-01-08,113.88999938964844,114.62000274658203,113.66000366210938,114.56999969482422,85.50389099121094,126402800,0.0,0.0,0.0
2010-01-11,115.08000183105469,115.12999725341797,114.23999786376953,114.7300033569336,85.6233139038086,106375700,0.0,0.0,0.0
2010-01-12,113.97000122070312,114.20999908447266,113.22000122070312,113.66000366210938,84.82477569580078,163333500,0.0,0.0,0.0
2010-01-13,113.94999694824219,114.94000244140625,113.37000274658203,114.62000274658203,85.54121398925781,161822000,0.0,0.0,0.0
2010-01-14,114.48999786376953,115.13999938964844,114.41999816894531,114.93000030517578,85.7725601196289,115718800,0.0,0.0,0.0
2010-01-15,114.7300033569336,114.83999633789062,113.19999694824219,113.63999938964844,84.80984497070312,212283100,0.0,0.0,0.0
2010-01-19,113.62000274658203,115.12999725341797,113.58999633789062,115.05999755859375,85.86957550048828,139172700,0.0,0.0,0.0
2010-01-20,114.27999877929688,114.44999694824219,112.9800033569336,113.88999938964844,84.99642944335938,216490200,0.0,0.0,0.0
2010-01-21,113.91999816894531,114.2699966430664,111.55999755859375,111.69999694824219,83.36202239990234,344859600,0.0,0.0,0.0
2010-01-22,111.19999694824219,111.73999786376953,109.08999633789062,109.20999908447266,81.50372314453125,345942400,0.0,0.0,0.0
2010-01-25,110.20999908447266,110.41000366210938,109.41000366210938,109.7699966430664,81.921630859375,186937500,0.0,0.0,0.0
2010-01-26,109.33999633789062,110.47000122070312,109.04000091552734,109.30999755859375,81.578369140625,211168800,0.0,0.0,0.0
2010-01-27,109.16999816894531,110.08000183105469,108.33000183105469,109.83000183105469,81.96644592285156,271863600,0.0,0.0,0.0
2010-01-28,110.19000244140625,110.25,107.91000366210938,108.56999969482422,81.02606964111328,316104000,0.0,0.0,0.0
2010-01-29,109.04000091552734,109.80000305175781,107.22000122070312,107.38999938964844,80.14543914794922,310677600,0.0,0.0,0.0
2010-02-01,108.1500015258789,109.06999969482422,107.5,109.05999755859375,81.39178466796875,187865000,0.0,0.0,0.0
2010-02-02,109.26000213623047,110.58999633789062,108.87999725341797,110.37999725341797,82.37686157226562,216327900,0.0,0.0,0.0
2010-02-03,109.87999725341797,110.4800033569336,109.51000213623047,109.83000183105469,81.96644592285156,172730700,0.0,0.0,0.0
2010-02-04,108.9800033569336,109.02999877929688,106.41999816894531,106.44000244140625,79.43647003173828,356715700,0.0,0.0,0.0
2010-02-05,106.55999755859375,106.87999725341797,104.58000183105469,106.66000366210938,79.60063934326172,493585800,0.0,0.0,0.0
2010-02-08,106.73999786376953,107.33000183105469,105.80999755859375,105.88999938964844,79.02599334716797,224166900,0.0,0.0,0.0
2010-02-09,107.12999725341797,108.1500015258789,106.2699966430664,107.22000122070312,80.01861572265625,337820500,0.0,0.0,0.0
2010-02-10,107.05000305175781,107.5999984741211,106.11000061035156,107.01000213623047,79.86186218261719,240511500,0.0,0.0,0.0
2010-02-11,106.87000274658203,108.25,106.25,108.12999725341797,80.69769287109375,223591600,0.0,0.0,0.0
2010-02-12,106.98999786376953,108.0999984741211,106.51000213623047,108.04000091552734,80.63055419921875,304622100,0.0,0.0,0.0
2010-02-16,108.86000061035156,109.8499984741211,107.81999969482422,109.73999786376953,81.89925384521484,159317500,0.0,0.0,0.0
2010-02-17,110.2699966430664,110.41000366210938,109.73999786376953,110.26000213623047,82.28733825683594,168845100,0.0,0.0,0.0
2010-02-18,110.08000183105469,111.13999938964844,110.04000091552734,110.91000366210938,82.7724380493164,193708600,0.0,0.0,0.0
2010-02-19,110.62000274658203,111.56999969482422,110.36000061035156,111.13999938964844,82.94406127929688,222684900,0.0,0.0,0.0
2010-02-22,111.55000305175781,111.58000183105469,110.83000183105469,111.16000366210938,82.95899963378906,132346900,0.0,0.0,0.0
2010-02-23,110.86000061035156,111.19999694824219,109.5199966430664,109.80999755859375,81.95147705078125,207497000,0.0,0.0,0.0
2010-02-24,110.13999938964844,111.0,109.86000061035156,110.81999969482422,82.70525360107422,176350700,0.0,0.0,0.0
2010-02-25,109.23999786376953,110.75,108.94000244140625,110.66999816894531,82.59330749511719,259634700,0.0,0.0,0.0
2010-02-26,110.7699966430664,111.12000274658203,110.11000061035156,110.73999786376953,82.64552307128906,173589300,0.0,0.0,0.0
2010-03-01,111.19999694824219,112.0,111.16999816894531,111.88999938964844,83.50379943847656,147709700,0.0,0.0,0.0
2010-03-02,112.37000274658203,112.73999786376953,112.0,112.19999694824219,83.73519134521484,160992400,0.0,0.0,0.0
2010-03-03,112.48999786376953,112.97000122070312,112.0199966430664,112.30000305175781,83.80980682373047,150785000,0.0,0.0,0.0
2010-03-04,112.44999694824219,112.80000305175781,112.02999877929688,112.63999938964844,84.06354522705078,135770400,0.0,0.0,0.0
2010-03-05,113.37000274658203,114.33999633789062,113.0999984741211,114.25,85.26507568359375,176118800,0.0,0.0,0.0
2010-03-08,114.26000213623047,114.5199966430664,114.06999969482422,114.2699966430664,85.27999877929688,114631200,0.0,0.0,0.0
2010-03-09,113.93000030517578,114.98999786376953,113.87000274658203,114.45999908447266,85.42181396484375,154556700,0.0,0.0,0.0
2010-03-10,114.51000213623047,115.27999877929688,114.41000366210938,114.97000122070312,85.80239868164062,186088800,0.0,0.0,0.0
2010-03-11,114.69999694824219,115.4800033569336,114.3499984741211,115.44999694824219,86.16064453125,160791100,0.0,0.0,0.0
2010-03-12,115.94999694824219,115.97000122070312,115.13999938964844,115.45999908447266,86.1680679321289,162074800,0.0,0.0,0.0
2010-03-15,115.26000213623047,115.56999969482422,114.5999984741211,115.48999786376953,86.19049835205078,146816800,0.0,0.0,0.0
2010-03-16,115.80999755859375,116.5199966430664,115.48999786376953,116.41000366210938,86.87706756591797,168673000,0.0,0.0,0.0
2010-03-17,116.76000213623047,117.4800033569336,116.41999816894531,117.0999984741211,87.39203643798828,177468100,0.0,0.0,0.0
2010-03-18,117.11000061035156,117.2699966430664,116.56999969482422,117.04000091552734,87.34727478027344,196509100,0.0,0.0,0.0
2010-03-19,115.97000122070312,117.29000091552734,115.5199966430664,115.97000122070312,86.9051284790039,226641100,0.48,0.0,0.0
2010-03-22,115.30999755859375,116.80000305175781,115.23999786376953,116.58999633789062,87.36973571777344,184477800,0.0,0.0,0.0
2010-03-23,116.76000213623047,117.51000213623047,116.37999725341797,117.41000366210938,87.98423767089844,182941600,0.0,0.0,0.0
2010-03-24,116.97000122070312,117.43000030517578,115.58000183105469,116.83999633789062,87.55709075927734,196072600,0.0,0.0,0.0
2010-03-25,117.62999725341797,118.16999816894531,116.51000213623047,116.6500015258789,87.41472625732422,223396300,0.0,0.0,0.0
2010-03-26,116.87000274658203,117.41999816894531,116.12000274658203,116.58000183105469,87.36223602294922,205808500,0.0,0.0,0.0
2010-03-29,117.16999816894531,117.52999877929688,116.69000244140625,117.31999969482422,87.91679382324219,134513500,0.0,0.0,0.0
2010-03-30,117.45999908447266,117.83000183105469,116.91000366210938,117.4000015258789,87.97675323486328,145772500,0.0,0.0,0.0
2010-03-31,116.94999694824219,117.5199966430664,116.61000061035156,117.0,87.6769790649414,161078700,0.0,0.0,0.0
2010-04-01,117.80000305175781,118.25,117.0999984741211,117.80000305175781,88.2764892578125,161215200,0.0,0.0,0.0
2010-04-05,118.25,118.83999633789062,117.91999816894531,118.76000213623047,88.99586486816406,105847600,0.0,0.0,0.0
2010-04-06,118.41999816894531,119.25,118.29000091552734,119.04000091552734,89.20573425292969,110384200,0.0,0.0,0.0
2010-04-07,118.80000305175781,119.36000061035156,117.80999755859375,118.36000061035156,88.69615936279297,184576300,0.0,0.0,0.0
2010-04-08,117.94999694824219,118.97000122070312,117.5999984741211,118.7699966430664,89.0033950805664,158704000,0.0,0.0,0.0
2010-04-09,119.0199966430664,119.5999984741211,118.80000305175781,119.55000305175781,89.5879135131836,133006500,0.0,0.0,0.0
2010-04-12,119.69999694824219,120.05000305175781,119.55999755859375,119.73999786376953,89.7302474975586,110279000,0.0,0.0,0.0
2010-04-13,119.62000274658203,120.04000091552734,119.0,119.83000183105469,89.7977294921875,125043600,0.0,0.0,0.0
2010-04-14,120.2699966430664,121.19000244140625,120.08000183105469,121.19000244140625,90.81688690185547,161609000,0.0,0.0,0.0
2010-04-15,120.98999786376953,121.56999969482422,120.94999694824219,121.29000091552734,90.8918228149414,144615300,0.0,0.0,0.0
2010-04-16,120.86000061035156,121.29000091552734,118.75,119.36000061035156,89.44550323486328,366786700,0.0,0.0,0.0
2010-04-19,119.01000213623047,119.93000030517578,118.47000122070312,119.80999755859375,89.78270721435547,217947800,0.0,0.0,0.0
2010-04-20,120.55999755859375,120.9800033569336,119.87000274658203,120.87999725341797,90.58456420898438,157708000,0.0,0.0,0.0
2010-04-21,120.94999694824219,121.2300033569336,119.98999786376953,120.66000366210938,90.41971588134766,192910100,0.0,0.0,0.0
2010-04-22,119.80999755859375,121.16999816894531,119.12000274658203,121.0199966430664,90.68943786621094,115360300,0.0,0.0,0.0
2010-04-23,120.94000244140625,121.86000061035156,120.62999725341797,121.80999755859375,91.281494140625,177335500,0.0,0.0,0.0
2010-04-26,121.8499984741211,122.12000274658203,121.2300033569336,121.3499984741211,90.93675231933594,143457300,0.0,0.0,0.0
2010-04-27,120.6500015258789,121.33999633789062,118.25,118.4800033569336,88.78608703613281,355853300,0.0,0.0,0.0
2010-04-28,119.05000305175781,119.68000030517578,118.2699966430664,119.37999725341797,89.46049499511719,300674100,0.0,0.0,0.0
2010-04-29,120.0999984741211,121.11000061035156,120.06999969482422,120.86000061035156,90.5695571899414,193775000,0.0,0.0,0.0
2010-04-30,120.87999725341797,121.01000213623047,118.77999877929688,118.80999755859375,89.03335571289062,270000900,0.0,0.0,0.0
2010-05-03,119.37999725341797,120.68000030517578,119.19999694824219,120.3499984741211,90.18739318847656,182747900,0.0,0.0,0.0
2010-05-04,119.01000213623047,119.02999877929688,116.91999816894531,117.5199966430664,88.06665802001953,360353400,0.0,0.0,0.0
2010-05-05,116.55999755859375,117.80000305175781,115.97000122070312,116.81999969482422,87.5421142578125,328973200,0.0,0.0,0.0
2010-05-06,116.26000213623047,117.0,105.0,112.94000244140625,84.63450622558594,647356600,0.0,0.0,0.0
2010-05-07,112.63999938964844,113.7699966430664,109.41000366210938,111.26000213623047,83.3755874633789,637558800,0.0,0.0,0.0
2010-05-10,115.80999755859375,116.6500015258789,114.91000366210938,116.16000366210938,87.04752349853516,396159600,0.0,0.0,0.0
2010-05-11,115.06999969482422,117.36000061035156,114.91000366210938,115.83000183105469,86.80020904541016,317849800,0.0,0.0,0.0
2010-05-12,116.29000091552734,117.62000274658203,116.08999633789062,117.44999694824219,88.01422882080078,235607100,0.0,0.0,0.0
2010-05-13,117.12999725341797,117.68000030517578,115.88999938964844,115.98999786376953,86.92013549804688,234452500,0.0,0.0,0.0
2010-05-14,115.12000274658203,115.33000183105469,112.87000274658203,113.88999938964844,85.34642028808594,345601400,0.0,0.0,0.0
2010-05-17,114.19999694824219,114.5199966430664,111.7699966430664,113.94999694824219,85.39140319824219,325739800,0.0,0.0,0.0
2010-05-18,114.87999725341797,115.22000122070312,112.02999877929688,112.4000015258789,84.22985076904297,360556800,0.0,0.0,0.0
2010-05-19,111.7699966430664,112.7699966430664,110.36000061035156,111.76000213623047,83.75029754638672,394742700,0.0,0.0,0.0
2010-05-20,109.37999725341797,109.88999938964844,107.47000122070312,107.54000091552734,80.58788299560547,530418300,0.0,0.0,0.0
2010-05-21,105.91000366210938,109.37999725341797,105.36000061035156,109.11000061035156,81.7644271850586,500909400,0.0,0.0,0.0
2010-05-24,108.5199966430664,109.38999938964844,107.61000061035156,107.70999908447266,80.71527862548828,269823000,0.0,0.0,0.0
2010-05-25,105.11000061035156,107.87000274658203,104.37999725341797,107.81999969482422,80.7977523803711,396505200,0.0,0.0,0.0
2010-05-26,108.4800033569336,109.47000122070312,106.8499984741211,107.16999816894531,80.31062316894531,349719300,0.0,0.0,0.0
2010-05-27,109.19000244140625,110.80000305175781,108.77999877929688,110.76000213623047,83.00088500976562,300870500,0.0,0.0,0.0
2010-05-28,110.63999938964844,110.72000122070312,108.8499984741211,109.37000274658203,81.95926666259766,297933500,0.0,0.0,0.0
2010-06-01,108.3499984741211,109.94999694824219,107.37000274658203,107.52999877929688,80.5804214477539,277909400,0.0,0.0,0.0
2010-06-02,108.08000183105469,110.33999633789062,107.51000213623047,110.33000183105469,82.67866516113281,240243700,0.0,0.0,0.0
2010-06-03,110.6500015258789,111.05999755859375,109.58000183105469,110.70999908447266,82.9634017944336,226618300,0.0,0.0,0.0
2010-06-04,108.61000061035156,109.33000183105469,106.45999908447266,106.81999969482422,80.04835510253906,398475600,0.0,0.0,0.0
2010-06-07,107.19999694824219,107.61000061035156,105.41000366210938,105.48999786376953,79.05166625976562,264609100,0.0,0.0,0.0
2010-06-08,105.56999969482422,106.83000183105469,104.6500015258789,106.62000274658203,79.89849090576172,357774300,0.0,0.0,0.0
2010-06-09,107.23999786376953,108.27999877929688,105.5999984741211,106.05000305175781,79.47132110595703,268023300,0.0,0.0,0.0
2010-06-10,107.86000061035156,109.27999877929688,106.04000091552734,109.1500015258789,81.79440307617188,317890600,0.0,0.0,0.0
2010-06-11,108.19000244140625,109.75,108.12000274658203,109.68000030517578,82.19154357910156,214128200,0.0,0.0,0.0
2010-06-14,110.5199966430664,111.12000274658203,109.4000015258789,109.51000213623047,82.06417083740234,207196100,0.0,0.0,0.0
2010-06-15,110.27999877929688,112.0999984741211,110.08999633789062,112.0,83.93010711669922,238268700,0.0,0.0,0.0
2010-06-16,111.41999816894531,112.41999816894531,111.19999694824219,111.95999908447266,83.90011596679688,216374000,0.0,0.0,0.0
2010-06-17,112.27999877929688,112.33000183105469,111.05000305175781,112.13999938964844,84.03502655029297,263185800,0.0,0.0,0.0
2010-06-18,111.83000183105469,112.12999725341797,111.37000274658203,111.7300033569336,84.12614440917969,174006600,0.531,0.0,0.0
2010-06-21,113.12000274658203,113.19999694824219,110.79000091552734,111.41000366210938,83.88520050048828,213140700,0.0,0.0,0.0
2010-06-22,111.41000366210938,111.9000015258789,109.41000366210938,109.56999969482422,82.4997787475586,239355400,0.0,0.0,0.0
2010-06-23,109.63999938964844,110.02999877929688,108.4800033569336,109.2300033569336,82.24378204345703,254639900,0.0,0.0,0.0
2010-06-24,108.69000244140625,108.83000183105469,107.13999938964844,107.41999816894531,80.88094329833984,268523600,0.0,0.0,0.0
2010-06-25,107.73999786376953,108.41999816894531,106.7699966430664,107.87000274658203,81.21977996826172,238726500,0.0,0.0,0.0
2010-06-28,108.02999877929688,108.31999969482422,107.13999938964844,107.52999877929688,80.96379852294922,169218600,0.0,0.0,0.0
2010-06-29,106.0199966430664,107.51000213623047,103.55000305175781,104.20999908447266,78.4640121459961,373649500,0.0,0.0,0.0
2010-06-30,103.91999816894531,104.87999725341797,102.87999725341797,103.22000122070312,77.71861267089844,284101700,0.0,0.0,0.0
2010-07-01,103.1500015258789,103.48999786376953,101.12999725341797,102.76000213623047,77.37228393554688,382924800,0.0,0.0,0.0
2010-07-02,103.11000061035156,103.41999816894531,101.62000274658203,102.19999694824219,76.95060729980469,233385200,0.0,0.0,0.0
2010-07-06,103.63999938964844,104.37000274658203,101.87999725341797,102.87000274658203,77.45509338378906,256935300,0.0,0.0,0.0
2010-07-07,103.12999725341797,106.23999786376953,103.0199966430664,106.11000061035156,79.89462280273438,253769400,0.0,0.0,0.0
2010-07-08,107.0,107.27999877929688,105.91000366210938,107.16000366210938,80.68517303466797,210842100,0.0,0.0,0.0
2010-07-09,107.12999725341797,107.97000122070312,106.93000030517578,107.95999908447266,81.28755950927734,144999900,0.0,0.0,0.0
2010-07-12,107.5999984741211,108.23999786376953,107.1500015258789,108.02999877929688,81.34024810791016,131283600,0.0,0.0,0.0
2010-07-13,109.1500015258789,110.08999633789062,108.93000030517578,109.66000366210938,82.56755828857422,213025900,0.0,0.0,0.0
2010-07-14,109.30999755859375,110.08000183105469,108.86000061035156,109.6500015258789,82.56002044677734,184426800,0.0,0.0,0.0
2010-07-15,109.61000061035156,110.05999755859375,108.16999816894531,109.68000030517578,82.58259582519531,232337900,0.0,0.0,0.0
2010-07-16,109.08999633789062,109.20999908447266,106.44999694824219,106.66000366210938,80.3086929321289,282693400,0.0,0.0,0.0
2010-07-19,107.05000305175781,107.62999725341797,106.22000122070312,107.29000091552734,80.78305053710938,186709000,0.0,0.0,0.0
2010-07-20,105.87000274658203,108.55999755859375,105.81999969482422,108.4800033569336,81.6790771484375,258162400,0.0,0.0,0.0
2010-07-21,109.04000091552734,109.06999969482422,106.62999725341797,107.06999969482422,80.61740112304688,264527000,0.0,0.0,0.0
2010-07-22,108.33999633789062,109.94000244140625,108.33000183105469,109.45999908447266,82.41693878173828,274781300,0.0,0.0,0.0
2010-07-23,109.23999786376953,110.56999969482422,108.93000030517578,110.41000366210938,83.13225555419922,222020800,0.0,0.0,0.0
2010-07-26,110.5999984741211,111.66999816894531,110.29000091552734,111.55999755859375,83.99813079833984,184445700,0.0,0.0,0.0
2010-07-27,112.16999816894531,112.29000091552734,111.11000061035156,111.55000305175781,83.99058532714844,204855600,0.0,0.0,0.0
2010-07-28,111.31999969482422,111.66000366210938,110.45999908447266,110.83000183105469,83.44850158691406,163056200,0.0,0.0,0.0
2010-07-29,111.5199966430664,111.81999969482422,109.41000366210938,110.29000091552734,83.04188537597656,220149100,0.0,0.0,0.0
2010-07-30,109.16999816894531,110.86000061035156,108.9800033569336,110.2699966430664,83.0268325805664,220070600,0.0,0.0,0.0
2010-08-02,111.98999786376953,112.94000244140625,111.54000091552734,112.76000213623047,84.90169525146484,188263200,0.0,0.0,0.0
2010-08-03,112.4800033569336,112.7699966430664,111.8499984741211,112.22000122070312,84.49508666992188,146657300,0.0,0.0,0.0
2010-08-04,112.52999877929688,113.11000061035156,112.16000366210938,112.97000122070312,85.05976867675781,158171700,0.0,0.0,0.0
2010-08-05,112.25,112.91000366210938,112.08000183105469,112.8499984741211,84.96941375732422,140473800,0.0,0.0,0.0
2010-08-06,111.73999786376953,112.56999969482422,110.91999816894531,112.38999938964844,84.62306213378906,239728300,0.0,0.0,0.0
2010-08-09,112.91999816894531,113.18000030517578,112.31999969482422,112.98999786376953,85.0748291015625,120800400,0.0,0.0,0.0
2010-08-10,112.02999877929688,112.9800033569336,111.37000274658203,112.37999725341797,84.61555480957031,242916300,0.0,0.0,0.0
2010-08-11,110.6500015258789,110.69000244140625,109.12000274658203,109.30000305175781,82.29651641845703,273406900,0.0,0.0,0.0
2010-08-12,107.6500015258789,109.0199966430664,107.5999984741211,108.62999725341797,81.79204559326172,239542600,0.0,0.0,0.0
2010-08-13,108.29000091552734,108.95999908447266,108.18000030517578,108.30999755859375,81.55108642578125,158698500,0.0,0.0,0.0
2010-08-16,107.56999969482422,108.61000061035156,107.18000030517578,108.26000213623047,81.51342010498047,147895300,0.0,0.0,0.0
2010-08-17,109.19000244140625,110.38999938964844,108.87999725341797,109.58999633789062,82.51483917236328,172270300,0.0,0.0,0.0
2010-08-18,109.54000091552734,110.37999725341797,108.91000366210938,109.79000091552734,82.6654281616211,182922100,0.0,0.0,0.0
2010-08-19,109.22000122070312,109.48999786376953,107.43000030517578,107.87999725341797,81.22731018066406,265847600,0.0,0.0,0.0
2010-08-20,107.55999755859375,107.94000244140625,106.75,107.52999877929688,80.96379852294922,209714200,0.0,0.0,0.0
2010-08-23,108.04000091552734,108.56999969482422,107.06999969482422,107.12000274658203,80.65507507324219,163490300,0.0,0.0,0.0
2010-08-24,105.94999694824219,106.38999938964844,104.97000122070312,105.52999877929688,79.4578857421875,280677800,0.0,0.0,0.0
2010-08-25,104.94999694824219,106.33999633789062,104.29000091552734,105.94000244140625,79.76661682128906,272234800,0.0,0.0,0.0
2010-08-26,106.44000244140625,106.58000183105469,104.87999725341797,105.2300033569336,79.2320327758789,224439500,0.0,0.0,0.0
2010-08-27,105.88999938964844,106.97000122070312,104.30999755859375,106.86000061035156,80.45931243896484,272649000,0.0,0.0,0.0
2010-08-30,106.58000183105469,106.91000366210938,105.30000305175781,105.30999755859375,79.29225158691406,167238600,0.0,0.0,0.0
2010-08-31,104.91999816894531,105.9800033569336,104.48999786376953,105.30999755859375,79.29225158691406,273933100,0.0,0.0,0.0
2010-09-01,106.7300033569336,108.61000061035156,106.66000366210938,108.45999908447266,81.66400146484375,256828100,0.0,0.0,0.0
2010-09-02,108.72000122070312,109.48999786376953,108.48999786376953,109.47000122070312,82.42447662353516,156112200,0.0,0.0,0.0
2010-09-03,110.54000091552734,110.98999786376953,109.94999694824219,110.88999938964844,83.49365997314453,212197300,0.0,0.0,0.0
2010-09-07,110.37000274658203,110.51000213623047,109.55000305175781,109.63999938964844,82.552490234375,141973700,0.0,0.0,0.0
2010-09-08,109.86000061035156,110.8499984741211,109.80999755859375,110.41000366210938,83.13225555419922,149924400,0.0,0.0,0.0
2010-09-09,111.6500015258789,111.68000030517578,110.62000274658203,110.91999816894531,83.5162353515625,147017900,0.0,0.0,0.0
2010-09-10,111.12000274658203,111.61000061035156,110.87000274658203,111.4800033569336,83.9378662109375,127819000,0.0,0.0,0.0
2010-09-13,112.58000183105469,112.94999694824219,112.12999725341797,112.72000122070312,84.87153625488281,178503500,0.0,0.0,0.0
2010-09-14,112.5,113.29000091552734,112.08000183105469,112.6500015258789,84.8188247680664,209823600,0.0,0.0,0.0
2010-09-15,112.31999969482422,113.20999908447266,111.9800033569336,113.08000183105469,85.14259338378906,168608400,0.0,0.0,0.0
2010-09-16,112.7300033569336,113.12000274658203,112.3499984741211,113.05000305175781,85.12000274658203,199962900,0.0,0.0,0.0
2010-09-17,113.04000091552734,113.1500015258789,112.18000030517578,112.48999786376953,85.15177154541016,195836900,0.602,0.0,0.0
2010-09-20,112.87999725341797,114.45999908447266,112.5199966430664,114.20999908447266,86.45380401611328,214555200,0.0,0.0,0.0
2010-09-21,114.30000305175781,114.83999633789062,113.51000213623047,113.9800033569336,86.27969360351562,268389100,0.0,0.0,0.0
2010-09-22,113.80000305175781,114.44000244140625,113.0999984741211,113.41999816894531,85.85577392578125,191322400,0.0,0.0,0.0
2010-09-23,112.48999786376953,113.66999816894531,112.18000030517578,112.5,85.15936279296875,202354300,0.0,0.0,0.0
2010-09-24,113.75,114.9000015258789,113.6500015258789,114.81999969482422,86.91557312011719,209671800,0.0,0.0,0.0
2010-09-27,114.86000061035156,114.98999786376953,114.16000366210938,114.2699966430664,86.49920654296875,128761800,0.0,0.0,0.0
2010-09-28,114.41999816894531,115.04000091552734,113.18000030517578,114.66999816894531,86.802001953125,209207500,0.0,0.0,0.0
2010-09-29,114.37999725341797,114.91000366210938,114.0199966430664,114.47000122070312,86.65062713623047,179665800,0.0,0.0,0.0
2010-09-30,115.05000305175781,115.79000091552734,113.58999633789062,114.12999725341797,86.39321899414062,287106700,0.0,0.0,0.0
2010-10-01,114.98999786376953,115.12000274658203,113.93000030517578,114.61000061035156,86.75659942626953,174638700,0.0,0.0,0.0
2010-10-04,114.37000274658203,114.8499984741211,113.18000030517578,113.75,86.1055908203125,166153200,0.0,0.0,0.0
2010-10-05,114.80000305175781,116.31999969482422,114.66999816894531,116.04000091552734,87.83901977539062,229634100,0.0,0.0,0.0
2010-10-06,116.0199966430664,116.33000183105469,115.55999755859375,116.02999877929688,87.83148193359375,148626600,0.0,0.0,0.0
2010-10-07,116.5,116.52999877929688,115.19000244140625,115.88999938964844,87.72550964355469,164860000,0.0,0.0,0.0
2010-10-08,116.05000305175781,116.86000061035156,115.61000061035156,116.54000091552734,88.21754455566406,177760100,0.0,0.0,0.0
2010-10-11,116.72000122070312,116.97000122070312,116.25,116.6500015258789,88.30079650878906,103098300,0.0,0.0,0.0
2010-10-12,116.2699966430664,117.3499984741211,115.6500015258789,117.01000213623047,88.57331848144531,182210000,0.0,0.0,0.0
2010-10-13,117.66000366210938,118.55000305175781,117.37999725341797,117.91999816894531,89.26219940185547,194347200,0.0,0.0,0.0
2010-10-14,117.80999755859375,118.01000213623047,116.72000122070312,117.45999908447266,88.91394805908203,217764300,0.0,0.0,0.0
2010-10-15,118.27999877929688,118.3499984741211,116.76000213623047,117.69999694824219,89.09564208984375,243705000,0.0,0.0,0.0
2010-10-18,117.73999786376953,118.66999816894531,117.30999755859375,118.27999877929688,89.53466033935547,141204800,0.0,0.0,0.0
2010-10-19,117.19000244140625,117.8499984741211,116.0199966430664,116.7300033569336,88.36136627197266,280604700,0.0,0.0,0.0
2010-10-20,116.94000244140625,118.44000244140625,116.87000274658203,117.87000274658203,89.22431182861328,200051800,0.0,0.0,0.0
2010-10-21,118.4000015258789,119.08999633789062,117.20999908447266,118.12999725341797,89.42112731933594,221585500,0.0,0.0,0.0
2010-10-22,118.30999755859375,118.52999877929688,118.0,118.3499984741211,89.5876693725586,108212400,0.0,0.0,0.0
2010-10-25,119.13999938964844,119.76000213623047,118.61000061035156,118.69999694824219,89.85256958007812,151145700,0.0,0.0,0.0
2010-10-26,118.0999984741211,118.83999633789062,117.87000274658203,118.72000122070312,89.86775207519531,158982900,0.0,0.0,0.0
2010-10-27,117.88999938964844,118.51000213623047,117.26000213623047,118.37999725341797,89.61039733886719,190024000,0.0,0.0,0.0
2010-10-28,119.05999755859375,119.11000061035156,117.83000183105469,118.4000015258789,89.62550354003906,168576000,0.0,0.0,0.0
2010-10-29,118.27999877929688,118.72000122070312,118.06999969482422,118.48999786376953,89.69364166259766,144305500,0.0,0.0,0.0
2010-11-01,119.06999969482422,119.75,117.8499984741211,118.52999877929688,89.72393798828125,174074800,0.0,0.0,0.0
2010-11-02,119.41999816894531,119.75,119.0999984741211,119.47000122070312,90.43548583984375,158345900,0.0,0.0,0.0
2010-11-03,119.68000030517578,120.0199966430664,118.44999694824219,119.94999694824219,90.79882049560547,226702800,0.0,0.0,0.0
2010-11-04,121.27999877929688,122.31999969482422,119.97000122070312,122.26000213623047,92.54743957519531,215039400,0.0,0.0,0.0
2010-11-05,122.33999633789062,122.91999816894531,122.18000030517578,122.72000122070312,92.89561462402344,180654100,0.0,0.0,0.0
2010-11-08,122.33999633789062,122.69000244140625,121.94000244140625,122.48999786376953,92.72152709960938,156107100,0.0,0.0,0.0
2010-11-09,122.81999969482422,122.94999694824219,121.12000274658203,121.61000061035156,92.05538940429688,186621600,0.0,0.0,0.0
2010-11-10,121.58000183105469,122.16000366210938,120.66000366210938,122.0999984741211,92.42632293701172,221387400,0.0,0.0,0.0
2010-11-11,121.05000305175781,121.81999969482422,120.68000030517578,121.63999938964844,92.07809448242188,158017600,0.0,0.0,0.0
2010-11-12,120.81999969482422,121.3499984741211,119.6500015258789,120.19999694824219,90.9880599975586,239068800,0.0,0.0,0.0
2010-11-15,120.58000183105469,121.05000305175781,119.9800033569336,120.02999877929688,90.859375,163940800,0.0,0.0,0.0
2010-11-16,119.29000091552734,119.48999786376953,117.58999633789062,118.16000366210938,89.44386291503906,299566200,0.0,0.0,0.0
2010-11-17,118.20999908447266,118.70999908447266,117.86000061035156,118.22000122070312,89.4892349243164,172308900,0.0,0.0,0.0
2010-11-18,119.36000061035156,120.38999938964844,119.3499984741211,119.95999908447266,90.80638122558594,197723700,0.0,0.0,0.0
2010-11-19,119.9000015258789,120.33999633789062,119.25,120.29000091552734,91.05619812011719,156852900,0.0,0.0,0.0
2010-11-22,119.69000244140625,120.23999786376953,118.7699966430664,120.19000244140625,90.98051452636719,181361000,0.0,0.0,0.0
2010-11-23,118.7699966430664,119.0199966430664,117.98999786376953,118.44999694824219,89.66333770751953,222309000,0.0,0.0,0.0
2010-11-24,119.19999694824219,120.2300033569336,119.18000030517578,120.19999694824219,90.9880599975586,140046100,0.0,0.0,0.0
2010-11-26,119.16000366210938,119.80999755859375,118.80000305175781,118.80000305175781,89.92828369140625,76007800,0.0,0.0,0.0
2010-11-29,118.5,119.4800033569336,117.73999786376953,119.16000366210938,90.2008056640625,223642300,0.0,0.0,0.0
2010-11-30,117.9800033569336,119.16999816894531,117.80999755859375,118.48999786376953,89.69364166259766,233930700,0.0,0.0,0.0
2010-12-01,120.19999694824219,121.23999786376953,120.19000244140625,121.01000213623047,91.6012191772461,221037200,0.0,0.0,0.0
2010-12-02,121.19999694824219,122.6500015258789,121.12999725341797,122.55999755859375,92.77452850341797,191213600,0.0,0.0,0.0
2010-12-03,122.13999938964844,123.02999877929688,122.11000061035156,122.88999938964844,93.02432250976562,151288900,0.0,0.0,0.0
2010-12-06,122.62999725341797,123.04000091552734,122.5,122.76000213623047,92.9259033203125,103050500,0.0,0.0,0.0
2010-12-07,123.94000244140625,124.01000213623047,122.76000213623047,122.83000183105469,92.9788818359375,206581000,0.0,0.0,0.0
2010-12-08,122.9800033569336,123.37999725341797,122.41000366210938,123.27999877929688,93.31956481933594,138019200,0.0,0.0,0.0
2010-12-09,123.97000122070312,124.0199966430664,123.1500015258789,123.76000213623047,93.68287658691406,123705100,0.0,0.0,0.0
2010-12-10,124.13999938964844,124.5999984741211,123.7300033569336,124.4800033569336,94.22789001464844,117571700,0.0,0.0,0.0
2010-12-13,125.05000305175781,125.19999694824219,124.5199966430664,124.55999755859375,94.2884521484375,133812700,0.0,0.0,0.0
2010-12-14,124.75,125.2300033569336,124.29000091552734,124.66999816894531,94.37171173095703,147249600,0.0,0.0,0.0
2010-12-15,124.44000244140625,124.93000030517578,123.88999938964844,124.0999984741211,93.94023132324219,160823100,0.0,0.0,0.0
2010-12-16,124.18000030517578,124.91000366210938,123.75,124.81999969482422,94.48529052734375,185035200,0.0,0.0,0.0
2010-12-17,124.08000183105469,124.45999908447266,123.81999969482422,124.30000305175781,94.58649444580078,141075300,0.653,0.0,0.0
2010-12-20,124.63999938964844,124.9000015258789,123.9800033569336,124.5999984741211,94.81475830078125,119085500,0.0,0.0,0.0
2010-12-21,124.98999786376953,125.47000122070312,124.87000274658203,125.38999938964844,95.4159164428711,94965500,0.0,0.0,0.0
2010-12-22,125.4800033569336,125.81999969482422,125.41000366210938,125.77999877929688,95.71268463134766,78878100,0.0,0.0,0.0
2010-12-23,125.63999938964844,125.77999877929688,125.29000091552734,125.5999984741211,95.57573699951172,70053700,0.0,0.0,0.0
2010-12-27,125.12999725341797,125.7699966430664,125.04000091552734,125.6500015258789,95.61380004882812,58126000,0.0,0.0,0.0
2010-12-28,125.9000015258789,125.94999694824219,125.5,125.83000183105469,95.7507095336914,55309100,0.0,0.0,0.0
2010-12-29,125.9800033569336,126.19999694824219,125.9000015258789,125.91999816894531,95.81922149658203,58033100,0.0,0.0,0.0
2010-12-30,125.80000305175781,126.12999725341797,125.52999877929688,125.72000122070312,95.66703796386719,76616900,0.0,0.0,0.0
2010-12-31,125.52999877929688,125.87000274658203,125.33000183105469,125.75,95.68984985351562,91218900,0.0,0.0,0.0
2011-01-03,126.70999908447266,127.5999984741211,125.69999694824219,127.05000305175781,96.67910766601562,138725200,0.0,0.0,0.0
2011-01-04,127.33000183105469,127.37000274658203,126.19000244140625,126.9800033569336,96.6258773803711,137409700,0.0,0.0,0.0
2011-01-05,126.58000183105469,127.72000122070312,126.45999908447266,127.63999938964844,97.1280746459961,133975300,0.0,0.0,0.0
2011-01-06,127.69000244140625,127.83000183105469,127.01000213623047,127.38999938964844,96.93780517578125,122519000,0.0,0.0,0.0
2011-01-07,127.55999755859375,127.7699966430664,126.1500015258789,127.13999938964844,96.7475814819336,156034600,0.0,0.0,0.0
2011-01-10,126.58000183105469,127.16000366210938,126.19999694824219,126.9800033569336,96.6258773803711,122401700,0.0,0.0,0.0
2011-01-11,127.44000244140625,127.73999786376953,126.94999694824219,127.43000030517578,96.96827697753906,110287000,0.0,0.0,0.0
2011-01-12,128.2100067138672,128.72000122070312,127.45999908447266,128.5800018310547,97.84336853027344,107929200,0.0,0.0,0.0
2011-01-13,128.6300048828125,128.69000244140625,128.0500030517578,128.3699951171875,97.68360137939453,129048400,0.0,0.0,0.0
2011-01-14,128.19000244140625,129.3300018310547,128.10000610351562,129.3000030517578,98.39124298095703,117677900,0.0,0.0,0.0
2011-01-18,129.17999267578125,129.63999938964844,129.02999877929688,129.52000427246094,98.55865478515625,114401300,0.0,0.0,0.0
2011-01-19,129.41000366210938,129.5399932861328,127.91000366210938,128.25,97.5922622680664,151958400,0.0,0.0,0.0
2011-01-20,127.95999908447266,128.39999389648438,127.12999725341797,128.0800018310547,97.4628677368164,175745700,0.0,0.0,0.0
2011-01-21,128.8800048828125,129.1699981689453,128.22999572753906,128.3699951171875,97.68360137939453,151462900,0.0,0.0,0.0
2011-01-24,128.2899932861328,129.25,128.25999450683594,129.10000610351562,98.23905944824219,113715500,0.0,0.0,0.0
2011-01-25,128.75999450683594,129.27999877929688,128.11000061035156,129.1699981689453,98.29232025146484,167552200,0.0,0.0,0.0
2011-01-26,129.49000549316406,130.0500030517578,129.22999572753906,129.6699981689453,98.6728286743164,141281500,0.0,0.0,0.0
2011-01-27,129.6999969482422,130.2100067138672,129.47000122070312,129.99000549316406,98.91631317138672,123302700,0.0,0.0,0.0
2011-01-28,130.13999938964844,130.35000610351562,127.51000213623047,127.72000122070312,97.18892669677734,295637300,0.0,0.0,0.0
2011-01-31,128.07000732421875,128.77999877929688,127.75,128.67999267578125,97.91946411132812,149249200,0.0,0.0,0.0
2011-02-01,129.4600067138672,130.97000122070312,129.3800048828125,130.74000549316406,99.48704528808594,167194300,0.0,0.0,0.0
2011-02-02,130.39999389648438,130.83999633789062,130.3300018310547,130.49000549316406,99.29676818847656,118323600,0.0,0.0,0.0
2011-02-03,130.25999450683594,130.97999572753906,129.57000732421875,130.77999877929688,99.51746368408203,145886700,0.0,0.0,0.0
2011-02-04,130.8300018310547,131.1999969482422,130.22999572753906,131.14999389648438,99.79899597167969,134634800,0.0,0.0,0.0
2011-02-07,131.44000244140625,132.39999389648438,131.42999267578125,131.97000122070312,100.4229965209961,112439100,0.0,0.0,0.0
2011-02-08,132.08999633789062,132.63999938964844,131.72999572753906,132.57000732421875,100.87956237792969,99072800,0.0,0.0,0.0
2011-02-09,132.2100067138672,132.6300048828125,131.61000061035156,132.27000427246094,100.65130615234375,146436700,0.0,0.0,0.0
2011-02-10,131.60000610351562,132.47000122070312,131.3000030517578,132.32000732421875,100.68932342529297,162708500,0.0,0.0,0.0
2011-02-11,131.8000030517578,133.27999877929688,131.77000427246094,133.11000061035156,101.29048156738281,137710300,0.0,0.0,0.0
2011-02-14,133.02999877929688,133.5399932861328,132.8800048828125,133.42999267578125,101.53398132324219,101690700,0.0,0.0,0.0
2011-02-15,133.02000427246094,133.22000122070312,132.32000732421875,133.00999450683594,101.21436309814453,119575400,0.0,0.0,0.0
2011-02-16,133.4600067138672,134.00999450683594,133.19000244140625,133.85000610351562,101.85359191894531,130183500,0.0,0.0,0.0
2011-02-17,133.4600067138672,134.42999267578125,133.33999633789062,134.25,102.1579360961914,109810500,0.0,0.0,0.0
2011-02-18,134.3699951171875,134.69000244140625,134.05999755859375,134.52999877929688,102.37103271484375,130002400,0.0,0.0,0.0
2011-02-22,133.1199951171875,134.55999755859375,131.47000122070312,131.8300018310547,100.31643676757812,233116400,0.0,0.0,0.0
2011-02-23,131.75,132.07000732421875,130.2100067138672,131.02000427246094,99.70011138916016,227584000,0.0,0.0,0.0
2011-02-24,130.8800048828125,131.44000244140625,129.6999969482422,130.92999267578125,99.631591796875,260431400,0.0,0.0,0.0
2011-02-25,131.47999572753906,132.41000366210938,131.39999389648438,132.3300018310547,100.69695281982422,141686900,0.0,0.0,0.0
2011-02-28,132.82000732421875,133.32000732421875,132.3800048828125,133.14999389648438,101.3208999633789,141585500,0.0,0.0,0.0
2011-03-01,133.57000732421875,133.69000244140625,130.88999938964844,130.92999267578125,99.631591796875,258565500,0.0,0.0,0.0
2011-03-02,130.75,131.82000732421875,130.35000610351562,131.2100067138672,99.8447036743164,200277400,0.0,0.0,0.0
2011-03-03,132.39999389648438,133.6199951171875,132.38999938964844,133.47000122070312,101.56440734863281,176480100,0.0,0.0,0.0
2011-03-04,133.3699951171875,133.6300048828125,131.60000610351562,132.47000122070312,100.8034439086914,277202300,0.0,0.0,0.0
2011-03-07,132.86000061035156,133.16000366210938,130.74000549316406,131.42999267578125,100.0120620727539,216790400,0.0,0.0,0.0
2011-03-08,131.63999938964844,133.0,131.07000732421875,132.5800018310547,100.8871841430664,174615000,0.0,0.0,0.0
2011-03-09,132.32000732421875,132.8000030517578,131.60000610351562,132.38999938964844,100.74256896972656,153806000,0.0,0.0,0.0
2011-03-10,131.0,131.17999267578125,129.80999755859375,129.94000244140625,98.87826538085938,301291800,0.0,0.0,0.0
2011-03-11,129.52000427246094,131.30999755859375,129.49000549316406,130.83999633789062,99.56309509277344,225621800,0.0,0.0,0.0
2011-03-14,129.99000549316406,130.47999572753906,129.05999755859375,130.0500030517578,98.96195220947266,234974100,0.0,0.0,0.0
2011-03-15,126.58999633789062,129.3300018310547,126.5,128.55999755859375,97.8281478881836,359585400,0.0,0.0,0.0
2011-03-16,128.14999389648438,128.57000732421875,125.27999877929688,126.18000030517578,96.01710510253906,468670300,0.0,0.0,0.0
2011-03-17,128.0,128.38999938964844,127.0999984741211,127.8499984741211,97.28784942626953,254303700,0.0,0.0,0.0
2011-03-18,128.83999633789062,128.8800048828125,127.51000213623047,127.76000213623047,97.6417236328125,230435400,0.553,0.0,0.0
2011-03-21,129.35000610351562,130.00999450683594,129.1999969482422,129.74000549316406,99.15497589111328,153992600,0.0,0.0,0.0
2011-03-22,129.72000122070312,129.88999938964844,129.1699981689453,129.2899932861328,98.81103515625,129538600,0.0,0.0,0.0
2011-03-23,128.92999267578125,130.0,128.32000732421875,129.66000366210938,99.09378051757812,148603100,0.0,0.0,0.0
2011-03-24,130.39999389648438,131.08999633789062,129.6699981689453,130.89999389648438,100.0414810180664,159129800,0.0,0.0,0.0
2011-03-25,131.24000549316406,131.8699951171875,130.88999938964844,131.3000030517578,100.3471908569336,155642800,0.0,0.0,0.0
2011-03-28,131.5800018310547,131.9199981689453,130.94000244140625,130.97999572753906,100.10263061523438,109762400,0.0,0.0,0.0
2011-03-29,130.8699951171875,131.89999389648438,130.44000244140625,131.86000061035156,100.77521514892578,129798800,0.0,0.0,0.0
2011-03-30,132.5500030517578,133.16000366210938,132.36000061035156,132.77000427246094,101.4706802368164,135835000,0.0,0.0,0.0
2011-03-31,132.60000610351562,132.9600067138672,132.4499969482422,132.58999633789062,101.33307647705078,132537100,0.0,0.0,0.0
2011-04-01,133.41000366210938,133.77000427246094,132.8300018310547,133.14999389648438,101.76105499267578,153850100,0.0,0.0,0.0
2011-04-04,133.42999267578125,133.6699981689453,132.8800048828125,133.25999450683594,101.84514617919922,100768900,0.0,0.0,0.0
2011-04-05,133.0,133.8300018310547,132.94000244140625,133.24000549316406,101.82987976074219,120791500,0.0,0.0,0.0
2011-04-06,133.8800048828125,134.0,133.1199951171875,133.66000366210938,102.15087890625,120411600,0.0,0.0,0.0
2011-04-07,133.4199981689453,133.97999572753906,132.66000366210938,133.32000732421875,101.89104461669922,170731500,0.0,0.0,0.0
2011-04-08,133.91000366210938,133.99000549316406,132.30999755859375,132.86000061035156,101.5394287109375,147945400,0.0,0.0,0.0
2011-04-11,133.0,133.4499969482422,132.13999938964844,132.4600067138672,101.2337417602539,121385400,0.0,0.0,0.0
2011-04-12,131.72000122070312,131.97999572753906,130.99000549316406,131.47000122070312,100.47710418701172,161187400,0.0,0.0,0.0
2011-04-13,132.0800018310547,132.17999267578125,130.9600067138672,131.4600067138672,100.469482421875,162059000,0.0,0.0,0.0
2011-04-14,130.6999969482422,131.75999450683594,130.27000427246094,131.55999755859375,100.54591369628906,161220400,0.0,0.0,0.0
2011-04-15,131.8000030517578,132.3699951171875,131.41000366210938,132.0399932861328,100.91275787353516,170006700,0.0,0.0,0.0
2011-04-18,130.58999633789062,132.02999877929688,129.50999450683594,130.55999755859375,99.78166961669922,210759300,0.0,0.0,0.0
2011-04-19,130.75999450683594,131.35000610351562,130.44000244140625,131.30999755859375,100.35482788085938,124258800,0.0,0.0,0.0
2011-04-20,132.8800048828125,133.38999938964844,132.7899932861328,133.10000610351562,101.72286224365234,156133800,0.0,0.0,0.0
2011-04-21,133.7899932861328,133.83999633789062,133.10000610351562,133.77999877929688,102.24252319335938,135935400,0.0,0.0,0.0
2011-04-25,133.67999267578125,133.86000061035156,133.1999969482422,133.63999938964844,102.13555145263672,65757100,0.0,0.0,0.0
2011-04-26,134.0500030517578,135.05999755859375,133.91000366210938,134.7899932861328,103.01447296142578,146600000,0.0,0.0,0.0
2011-04-27,135.0500030517578,135.8699951171875,134.5,135.6699981689453,103.68697357177734,143031000,0.0,0.0,0.0
2011-04-28,135.42999267578125,136.2899932861328,135.41000366210938,136.11000061035156,104.02332305908203,124791100,0.0,0.0,0.0
2011-04-29,136.16000366210938,136.57000732421875,135.97999572753906,136.42999267578125,104.267822265625,115094100,0.0,0.0,0.0
2011-05-02,137.07000732421875,137.17999267578125,135.9499969482422,136.22000122070312,104.10733032226562,126278700,0.0,0.0,0.0
2011-05-03,135.9600067138672,136.19000244140625,135.0399932861328,135.72999572753906,103.73284149169922,138375000,0.0,0.0,0.0
2011-05-04,135.6699981689453,135.72999572753906,134.22999572753906,134.8300018310547,103.04501342773438,182678500,0.0,0.0,0.0
2011-05-05,134.0800018310547,134.9499969482422,133.02000427246094,133.61000061035156,102.11263275146484,226900000,0.0,0.0,0.0
2011-05-06,134.94000244140625,135.6300048828125,133.67999267578125,134.1999969482422,102.56353759765625,222787200,0.0,0.0,0.0
2011-05-09,134.19000244140625,135.11000061035156,133.97999572753906,134.72000122070312,102.96097564697266,114104500,0.0,0.0,0.0
2011-05-10,135.1699981689453,136.11000061035156,135.0,135.8699951171875,103.83983612060547,114806900,0.0,0.0,0.0
2011-05-11,135.6699981689453,135.69000244140625,133.82000732421875,134.44000244140625,102.74693298339844,193564200,0.0,0.0,0.0
2011-05-12,134.0800018310547,135.36000061035156,133.38999938964844,135.0800018310547,103.23609924316406,171550700,0.0,0.0,0.0
2011-05-13,135.14999389648438,135.33999633789062,133.55999755859375,134.0399932861328,102.44129180908203,157444900,0.0,0.0,0.0
2011-05-16,133.55999755859375,134.61000061035156,132.97000122070312,133.19000244140625,101.79167175292969,141675400,0.0,0.0,0.0
2011-05-17,132.69000244140625,133.35000610351562,132.1199951171875,133.1699981689453,101.77635192871094,192686200,0.0,0.0,0.0
2011-05-18,133.24000549316406,134.5,132.9499969482422,134.36000061035156,102.685791015625,135217900,0.0,0.0,0.0
2011-05-19,134.8000030517578,135.02999877929688,133.94000244140625,134.67999267578125,102.93037414550781,119489500,0.0,0.0,0.0
2011-05-20,134.3300018310547,134.67999267578125,133.36000061035156,133.61000061035156,102.11263275146484,182594900,0.0,0.0,0.0
2011-05-23,131.97999572753906,132.72000122070312,131.58999633789062,132.05999755859375,100.92802429199219,168700000,0.0,0.0,0.0
2011-05-24,132.44000244140625,132.72999572753906,131.6999969482422,131.9499969482422,100.84394836425781,147199600,0.0,0.0,0.0
2011-05-25,131.4199981689453,132.94000244140625,131.3800048828125,132.38999938964844,101.18024444580078,151050100,0.0,0.0,0.0
2011-05-26,132.02999877929688,133.24000549316406,131.77999877929688,133.0,101.64641571044922,164850000,0.0,0.0,0.0
2011-05-27,133.3699951171875,133.8699951171875,132.9600067138672,133.50999450683594,102.03620147705078,120921900,0.0,0.0,0.0
2011-05-31,134.77000427246094,134.9199981689453,133.83999633789062,134.89999389648438,103.0984878540039,164731200,0.0,0.0,0.0
2011-06-01,134.50999450683594,134.9199981689453,131.75999450683594,131.8699951171875,100.78282928466797,233094300,0.0,0.0,0.0
2011-06-02,131.9600067138672,132.24000549316406,130.9600067138672,131.72999572753906,100.6758041381836,200466800,0.0,0.0,0.0
2011-06-03,130.14999389648438,131.4199981689453,130.0800018310547,130.4199981689453,99.67463684082031,234690200,0.0,0.0,0.0
2011-06-06,130.08999633789062,130.36000061035156,128.8699951171875,129.0399932861328,98.61995697021484,179951200,0.0,0.0,0.0
2011-06-07,129.6999969482422,130.07000732421875,128.85000610351562,128.9600067138672,98.558837890625,161660500,0.0,0.0,0.0
2011-06-08,128.75999450683594,129.19000244140625,128.17999267578125,128.4199981689453,98.1461410522461,198696400,0.0,0.0,0.0
2011-06-09,128.77000427246094,129.92999267578125,128.4600067138672,129.39999389648438,98.89509582519531,160964400,0.0,0.0,0.0
2011-06-10,128.85000610351562,128.92999267578125,127.26000213623047,127.5999984741211,97.51942443847656,238629400,0.0,0.0,0.0
2011-06-13,127.88999938964844,128.24000549316406,127.05000305175781,127.69999694824219,97.59585571289062,207599800,0.0,0.0,0.0
2011-06-14,128.8699951171875,129.77000427246094,128.82000732421875,129.32000732421875,98.83397674560547,160570400,0.0,0.0,0.0
2011-06-15,128.24000549316406,129.3000030517578,126.68000030517578,127.0199966430664,97.07616424560547,300958000,0.0,0.0,0.0
2011-06-16,127.05999755859375,127.97000122070312,126.31999969482422,127.30000305175781,97.29015350341797,308032800,0.0,0.0,0.0
2011-06-17,127.93000030517578,127.94000244140625,126.62000274658203,127.05000305175781,97.58047485351562,233284900,0.628,0.0,0.0
2011-06-20,126.62000274658203,127.97000122070312,126.58000183105469,127.69999694824219,98.0797119140625,159479000,0.0,0.0,0.0
2011-06-21,128.36000061035156,129.6999969482422,127.75,129.4499969482422,99.42379760742188,193157300,0.0,0.0,0.0
2011-06-22,129.0500030517578,129.80999755859375,128.58999633789062,128.6699981689453,98.82469940185547,176703000,0.0,0.0,0.0
2011-06-23,127.16000366210938,128.63999938964844,126.19000244140625,128.3000030517578,98.54054260253906,334286500,0.0,0.0,0.0
2011-06-24,128.27000427246094,128.3699951171875,126.62000274658203,126.80999755859375,97.39614868164062,226129300,0.0,0.0,0.0
2011-06-27,126.88999938964844,128.42999267578125,126.63999938964844,127.94000244140625,98.26406860351562,168904700,0.0,0.0,0.0
2011-06-28,128.4499969482422,129.6300048828125,128.27000427246094,129.61000061035156,99.54666900634766,165556300,0.0,0.0,0.0
2011-06-29,130.1999969482422,130.92999267578125,129.6300048828125,130.72000122070312,100.39920043945312,244295500,0.0,0.0,0.0
2011-06-30,131.13999938964844,132.17999267578125,130.7100067138672,131.97000122070312,101.35928344726562,223322700,0.0,0.0,0.0
2011-07-01,132.08999633789062,134.10000610351562,131.77999877929688,133.9199981689453,102.8569564819336,202385700,0.0,0.0,0.0
2011-07-05,133.77999877929688,134.0800018310547,133.38999938964844,133.80999755859375,102.77250671386719,165936000,0.0,0.0,0.0
2011-07-06,133.49000549316406,134.13999938964844,133.11000061035156,133.97000122070312,102.89535522460938,143331600,0.0,0.0,0.0
2011-07-07,135.16000366210938,135.6999969482422,134.8800048828125,135.36000061035156,103.96294403076172,170464200,0.0,0.0,0.0
2011-07-08,133.8300018310547,135.36000061035156,133.38999938964844,134.39999389648438,103.22563934326172,194100500,0.0,0.0,0.0
2011-07-11,132.75,133.17999267578125,131.66000366210938,131.97000122070312,101.35928344726562,195918600,0.0,0.0,0.0
2011-07-12,131.69000244140625,132.77999877929688,131.36000061035156,131.39999389648438,100.92149353027344,214675700,0.0,0.0,0.0
2011-07-13,132.08999633789062,133.22000122070312,131.52000427246094,131.83999633789062,101.25942993164062,204062600,0.0,0.0,0.0
2011-07-14,132.1699981689453,132.77999877929688,130.67999267578125,130.92999267578125,100.56051635742188,226111800,0.0,0.0,0.0
2011-07-15,131.66000366210938,131.8699951171875,130.77000427246094,131.69000244140625,101.14420318603516,220012800,0.0,0.0,0.0
2011-07-18,131.0800018310547,131.27999877929688,129.6300048828125,130.61000061035156,100.31475067138672,196872100,0.0,0.0,0.0
2011-07-19,131.33999633789062,132.88999938964844,131.30999755859375,132.72999572753906,101.94300079345703,166554900,0.0,0.0,0.0
2011-07-20,133.07000732421875,133.14999389648438,132.4199981689453,132.64999389648438,101.88153076171875,137145400,0.0,0.0,0.0
2011-07-21,133.39999389648438,134.82000732421875,132.6699981689453,134.49000549316406,103.29476928710938,245246300,0.0,0.0,0.0
2011-07-22,134.52000427246094,134.72000122070312,133.75999450683594,134.5800018310547,103.3638687133789,126019400,0.0,0.0,0.0
2011-07-25,133.3000030517578,134.49000549316406,133.16000366210938,133.8300018310547,102.78784942626953,136653800,0.0,0.0,0.0
2011-07-26,133.74000549316406,133.9600067138672,133.02999877929688,133.3300018310547,102.40386199951172,131278200,0.0,0.0,0.0
2011-07-27,132.58999633789062,132.6300048828125,130.42999267578125,130.60000610351562,100.30704498291016,249020100,0.0,0.0,0.0
2011-07-28,130.60000610351562,131.77000427246094,130.00999450683594,130.22000122070312,100.01519012451172,207939900,0.0,0.0,0.0
2011-07-29,128.91000366210938,130.5500030517578,127.97000122070312,129.3300018310547,99.33161926269531,307038400,0.0,0.0,0.0
2011-08-01,130.83999633789062,130.9600067138672,127.52999877929688,128.77999877929688,98.90921020507812,325790900,0.0,0.0,0.0
2011-08-02,127.80999755859375,128.5,125.48999786376953,125.48999786376953,96.38231658935547,346653800,0.0,0.0,0.0
2011-08-03,125.66000366210938,126.30999755859375,123.52999877929688,126.16999816894531,96.90458679199219,370830800,0.0,0.0,0.0
2011-08-04,124.41999816894531,124.62000274658203,120.05999755859375,120.26000213623047,92.36544799804688,520721800,0.0,0.0,0.0
2011-08-05,121.76000213623047,122.06999969482422,116.86000061035156,120.08000183105469,92.2271957397461,655619200,0.0,0.0,0.0
2011-08-08,116.91000366210938,120.12000274658203,112.0199966430664,112.26000213623047,86.22106170654297,702263900,0.0,0.0,0.0
2011-08-09,114.06999969482422,117.63999938964844,110.2699966430664,117.4800033569336,90.23025512695312,717828700,0.0,0.0,0.0
2011-08-10,115.26000213623047,116.27999877929688,111.94999694824219,112.29000091552734,86.24409484863281,662607400,0.0,0.0,0.0
2011-08-11,113.26000213623047,118.91999816894531,112.31999969482422,117.33000183105469,90.11505126953125,487979700,0.0,0.0,0.0
2011-08-12,118.4000015258789,119.20999908447266,117.27999877929688,118.12000274658203,90.72181701660156,313731600,0.0,0.0,0.0
2011-08-15,119.19000244140625,120.73999786376953,119.0,120.62000274658203,92.64195251464844,258810600,0.0,0.0,0.0
2011-08-16,119.47000122070312,120.69000244140625,118.30999755859375,119.58999633789062,91.85086059570312,294095200,0.0,0.0,0.0
2011-08-17,120.25,121.19999694824219,118.72000122070312,119.66999816894531,91.91227722167969,238201100,0.0,0.0,0.0
2011-08-18,116.5,119.70999908447266,113.38999938964844,114.51000213623047,87.94915008544922,512956300,0.0,0.0,0.0
2011-08-19,112.95999908447266,115.87999725341797,112.5,112.63999938964844,86.51289367675781,428281300,0.0,0.0,0.0
2011-08-22,115.16999816894531,115.2300033569336,112.41000366210938,112.7300033569336,86.58203125,275090600,0.0,0.0,0.0
2011-08-23,113.1500015258789,116.56999969482422,112.58000183105469,116.44000244140625,89.43147277832031,331136600,0.0,0.0,0.0
2011-08-24,116.19000244140625,118.23999786376953,115.91999816894531,118.08000183105469,90.69108581542969,246869700,0.0,0.0,0.0
2011-08-25,118.7300033569336,119.4000015258789,115.87000274658203,116.27999877929688,89.30858612060547,312365400,0.0,0.0,0.0
2011-08-26,115.69000244140625,118.51000213623047,113.8499984741211,117.97000122070312,90.6065902709961,314495900,0.0,0.0,0.0
2011-08-29,119.55999755859375,121.43000030517578,118.05999755859375,121.36000061035156,93.21027374267578,190977200,0.0,0.0,0.0
2011-08-30,120.83000183105469,122.43000030517578,119.26000213623047,121.68000030517578,93.45606231689453,241315700,0.0,0.0,0.0
2011-08-31,122.45999908447266,123.51000213623047,121.30000305175781,122.22000122070312,93.87081909179688,301828400,0.0,0.0,0.0
2011-09-01,122.29000091552734,123.4000015258789,120.77999877929688,120.94000244140625,92.88771057128906,254585900,0.0,0.0,0.0
2011-09-02,118.41999816894531,120.87000274658203,117.43000030517578,117.8499984741211,90.51445007324219,255517200,0.0,0.0,0.0
2011-09-06,114.38999938964844,117.16000366210938,114.37999725341797,116.98999786376953,89.85387420654297,285130500,0.0,0.0,0.0
2011-09-07,118.76000213623047,120.33999633789062,118.36000061035156,120.29000091552734,92.38848876953125,209803200,0.0,0.0,0.0
2011-09-08,119.56999969482422,120.94000244140625,118.7699966430664,119.04000091552734,91.42839813232422,250568200,0.0,0.0,0.0
2011-09-09,117.68000030517578,119.05999755859375,115.27999877929688,115.91999816894531,89.0321044921875,380195100,0.0,0.0,0.0
2011-09-12,114.47000122070312,116.76000213623047,114.05000305175781,116.66999816894531,89.60816192626953,305793500,0.0,0.0,0.0
2011-09-13,117.05000305175781,118.18000030517578,116.22000122070312,117.73999786376953,90.42996978759766,272514700,0.0,0.0,0.0
2011-09-14,118.33999633789062,120.80000305175781,116.72000122070312,119.37000274658203,91.68187713623047,319389500,0.0,0.0,0.0
2011-09-15,120.6500015258789,121.47000122070312,119.4000015258789,121.43000030517578,93.26404571533203,326777200,0.0,0.0,0.0
2011-09-16,121.29000091552734,121.97000122070312,120.31999969482422,121.5199966430664,93.81604766845703,284528300,0.625,0.0,0.0
2011-09-19,119.52999877929688,120.93000030517578,118.72000122070312,120.30999755859375,92.88190460205078,241517000,0.0,0.0,0.0
2011-09-20,120.81999969482422,121.98999786376953,120.01000213623047,120.16999816894531,92.77379608154297,218932200,0.0,0.0,0.0
2011-09-21,120.2300033569336,120.5999984741211,116.44000244140625,116.62999725341797,90.04084777832031,316251300,0.0,0.0,0.0
2011-09-22,113.25,114.20999908447266,111.30000305175781,112.86000061035156,87.1303482055664,513911300,0.0,0.0,0.0
2011-09-23,112.11000061035156,114.16000366210938,112.0199966430664,113.54000091552734,87.65532684326172,307242500,0.0,0.0,0.0
2011-09-26,114.61000061035156,116.4000015258789,112.9800033569336,116.23999786376953,89.7397689819336,260673700,0.0,0.0,0.0
2011-09-27,118.52999877929688,119.55999755859375,116.83999633789062,117.54000091552734,90.74340057373047,311753900,0.0,0.0,0.0
2011-09-28,117.77999877929688,118.48999786376953,114.97000122070312,115.13999938964844,88.89054870605469,286696800,0.0,0.0,0.0
2011-09-29,117.05000305175781,117.62999725341797,113.93000030517578,116.05000305175781,89.59310150146484,298108900,0.0,0.0,0.0
2011-09-30,114.44999694824219,115.44999694824219,113.06999969482422,113.1500015258789,87.35423278808594,288392300,0.0,0.0,0.0
2011-10-03,112.48999786376953,113.94999694824219,109.80999755859375,109.93000030517578,84.86832427978516,365136800,0.0,0.0,0.0
2011-10-04,108.3499984741211,112.58000183105469,107.43000030517578,112.33999633789062,86.72887420654297,459177500,0.0,0.0,0.0
2011-10-05,112.62000274658203,114.72000122070312,111.58000183105469,114.41999816894531,88.33470916748047,284108000,0.0,0.0,0.0
2011-10-06,114.36000061035156,116.66000366210938,113.51000213623047,116.48999786376953,89.9327621459961,257800800,0.0,0.0,0.0
2011-10-07,117.16999816894531,117.25,115.05999755859375,115.70999908447266,89.33059692382812,312657900,0.0,0.0,0.0
2011-10-10,117.68000030517578,119.62999725341797,117.66999816894531,119.58000183105469,92.31831359863281,230666300,0.0,0.0,0.0
2011-10-11,118.87000274658203,120.04000091552734,118.75,119.69999694824219,92.41098022460938,209088000,0.0,0.0,0.0
2011-10-12,120.5999984741211,122.13999938964844,120.33000183105469,120.75,93.22161102294922,281544900,0.0,0.0,0.0
2011-10-13,120.04000091552734,120.87000274658203,119.12000274658203,120.51000213623047,93.03629302978516,212538800,0.0,0.0,0.0
2011-10-14,121.91000366210938,122.5999984741211,121.2300033569336,122.56999969482422,94.62667083740234,211397600,0.0,0.0,0.0
2011-10-17,121.98999786376953,122.55000305175781,119.93000030517578,120.2300033569336,92.82012176513672,202311600,0.0,0.0,0.0
2011-10-18,120.13999938964844,123.5,119.19999694824219,122.58000183105469,94.63438415527344,318857900,0.0,0.0,0.0
2011-10-19,122.37999725341797,123.08000183105469,120.70999908447266,121.12999725341797,93.51496887207031,226601300,0.0,0.0,0.0
2011-10-20,121.43000030517578,122.0999984741211,119.81999969482422,121.66000366210938,93.92411804199219,262075600,0.0,0.0,0.0
2011-10-21,123.08999633789062,124.12000274658203,122.72000122070312,123.97000122070312,95.70747375488281,278999400,0.0,0.0,0.0
2011-10-24,124.16999816894531,125.80000305175781,124.05999755859375,125.48999786376953,96.88095092773438,203215600,0.0,0.0,0.0
2011-10-25,124.88999938964844,124.94999694824219,122.77999877929688,123.05000305175781,94.99724578857422,268596800,0.0,0.0,0.0
2011-10-26,124.3499984741211,124.7699966430664,122.20999908447266,124.30000305175781,95.9622802734375,289053800,0.0,0.0,0.0
2011-10-27,127.62999725341797,129.4199981689453,126.61000061035156,128.6300048828125,99.30513000488281,393220200,0.0,0.0,0.0
2011-10-28,128.0,128.85000610351562,127.80000305175781,128.60000610351562,99.28195190429688,225906500,0.0,0.0,0.0
2011-10-31,127.16000366210938,128.6199951171875,125.31999969482422,125.5,96.88871002197266,228146700,0.0,0.0,0.0
2011-11-01,122.02999877929688,123.51000213623047,121.5199966430664,122.0,94.1866226196289,416565800,0.0,0.0,0.0
2011-11-02,123.83000183105469,124.4000015258789,122.79000091552734,123.98999786376953,95.72294616699219,244717600,0.0,0.0,0.0
2011-11-03,125.2699966430664,126.5,123.5999984741211,126.25,97.46771240234375,291174800,0.0,0.0,0.0
2011-11-04,125.2300033569336,125.69999694824219,124.01000213623047,125.4800033569336,96.87323760986328,249401600,0.0,0.0,0.0
2011-11-07,125.38999938964844,126.38999938964844,124.19999694824219,126.26000213623047,97.47544860839844,196617200,0.0,0.0,0.0
2011-11-08,126.91999816894531,128.02000427246094,125.70999908447266,127.87999725341797,98.72608184814453,224426300,0.0,0.0,0.0
2011-11-09,124.88999938964844,125.80000305175781,122.86000061035156,123.16000366210938,95.08216857910156,337982000,0.0,0.0,0.0
2011-11-10,124.79000091552734,124.94000244140625,123.0199966430664,124.31999969482422,95.97772979736328,231866500,0.0,0.0,0.0
2011-11-11,125.83000183105469,126.98999786376953,125.79000091552734,126.66000366210938,97.78424072265625,189924400,0.0,0.0,0.0
2011-11-14,126.19000244140625,127.44999694824219,124.91999816894531,125.45999908447266,96.85780334472656,159258300,0.0,0.0,0.0
2011-11-15,125.16999816894531,126.75,124.72000122070312,126.08000183105469,97.33645629882812,184709400,0.0,0.0,0.0
2011-11-16,124.80999755859375,126.33999633789062,123.9000015258789,124.08000183105469,95.79244995117188,235782500,0.0,0.0,0.0
2011-11-17,123.8499984741211,124.16000366210938,121.2300033569336,122.11000061035156,94.27154541015625,331219600,0.0,0.0,0.0
2011-11-18,122.5,122.75,121.47000122070312,121.9800033569336,94.17118072509766,215580400,0.0,0.0,0.0
2011-11-21,120.19999694824219,120.3499984741211,118.6500015258789,119.66000366210938,92.3801040649414,229611600,0.0,0.0,0.0
2011-11-22,119.4000015258789,120.0999984741211,118.5199966430664,119.19000244140625,92.01721954345703,216494900,0.0,0.0,0.0
2011-11-23,118.06999969482422,119.19000244140625,116.55999755859375,116.55999755859375,89.98680877685547,224329100,0.0,0.0,0.0
2011-11-25,116.37999725341797,117.69999694824219,116.19999694824219,116.33999633789062,89.8169937133789,99557000,0.0,0.0,0.0
2011-11-28,119.54000091552734,120.18000030517578,118.81999969482422,119.70999908447266,92.4186782836914,210686000,0.0,0.0,0.0
2011-11-29,120.05000305175781,121.0,119.61000061035156,120.05000305175781,92.68119049072266,199241500,0.0,0.0,0.0
2011-11-30,123.48999786376953,125.22000122070312,120.0,124.98999786376953,96.49496459960938,324439500,0.0,0.0,0.0
2011-12-01,124.8499984741211,125.63999938964844,124.43000030517578,124.97000122070312,96.4795150756836,176954800,0.0,0.0,0.0
2011-12-02,126.12000274658203,126.5,124.77999877929688,124.86000061035156,96.39462280273438,221109700,0.0,0.0,0.0
2011-12-05,126.83999633789062,127.18000030517578,125.44000244140625,126.22000122070312,97.4445571899414,225263900,0.0,0.0,0.0
2011-12-06,126.20999908447266,127.11000061035156,125.76000213623047,126.26000213623047,97.47544860839844,178842100,0.0,0.0,0.0
2011-12-07,125.83999633789062,127.26000213623047,124.97000122070312,126.7300033569336,97.83828735351562,237802500,0.0,0.0,0.0
2011-12-08,125.9000015258789,126.18000030517578,123.6500015258789,123.94999694824219,95.69204711914062,240862800,0.0,0.0,0.0
2011-12-09,124.51000213623047,126.37000274658203,124.4000015258789,126.05000305175781,97.31329345703125,209111400,0.0,0.0,0.0
2011-12-12,124.94999694824219,124.97000122070312,123.16000366210938,124.20999908447266,95.8927993774414,215826100,0.0,0.0,0.0
2011-12-13,124.86000061035156,125.56999969482422,122.44999694824219,123.05000305175781,94.99724578857422,245159800,0.0,0.0,0.0
2011-12-14,122.55999755859375,123.02999877929688,121.47000122070312,121.73999786376953,93.98589324951172,238618800,0.0,0.0,0.0
2011-12-15,123.02999877929688,123.19999694824219,121.98999786376953,122.18000030517578,94.32559967041016,199109200,0.0,0.0,0.0
2011-12-16,122.2300033569336,122.94999694824219,121.30000305175781,121.58999633789062,94.46542358398438,220481400,0.77,0.0,0.0
2011-12-19,122.05999755859375,122.31999969482422,120.02999877929688,120.29000091552734,93.45542907714844,183903000,0.0,0.0,0.0
2011-12-20,122.18000030517578,124.13999938964844,120.37000274658203,123.93000030517578,96.28343200683594,225418100,0.0,0.0,0.0
2011-12-21,123.93000030517578,124.36000061035156,122.75,124.16999816894531,96.46986389160156,194230900,0.0,0.0,0.0
2011-12-22,124.62999725341797,125.4000015258789,124.2300033569336,125.2699966430664,97.32449340820312,119465400,0.0,0.0,0.0
2011-12-23,125.66999816894531,126.43000030517578,125.41000366210938,126.38999938964844,98.19464111328125,92187200,0.0,0.0,0.0
2011-12-27,126.16999816894531,126.81999969482422,126.05999755859375,126.48999786376953,98.27230834960938,86075700,0.0,0.0,0.0
2011-12-28,126.51000213623047,126.52999877929688,124.7300033569336,124.83000183105469,96.98265075683594,119107100,0.0,0.0,0.0
2011-12-29,125.23999786376953,126.25,124.86000061035156,126.12000274658203,97.9848861694336,123507200,0.0,0.0,0.0
2011-12-30,126.0199966430664,126.33000183105469,125.5,125.5,97.50318145751953,95599000,0.0,0.0,0.0
2012-01-03,127.76000213623047,128.3800048828125,127.43000030517578,127.5,99.05701446533203,193697900,0.0,0.0,0.0
2012-01-04,127.19999694824219,127.80999755859375,126.70999908447266,127.69999694824219,99.21238708496094,127186500,0.0,0.0,0.0
2012-01-05,127.01000213623047,128.22999572753906,126.43000030517578,128.0399932861328,99.4765396118164,173895000,0.0,0.0,0.0
2012-01-06,128.1999969482422,128.22000122070312,127.29000091552734,127.70999908447266,99.22013854980469,148050000,0.0,0.0,0.0
2012-01-09,128.0,128.17999267578125,127.41000366210938,128.02000427246094,99.46098327636719,99530200,0.0,0.0,0.0
2012-01-10,129.38999938964844,129.64999389648438,128.9499969482422,129.1300048828125,100.32335662841797,115282000,0.0,0.0,0.0
2012-01-11,128.72999572753906,129.3699951171875,128.52000427246094,129.1999969482422,100.37776184082031,111540700,0.0,0.0,0.0
2012-01-12,129.57000732421875,129.6999969482422,128.5399932861328,129.50999450683594,100.61862182617188,118983700,0.0,0.0,0.0
2012-01-13,128.63999938964844,129.0500030517578,127.72000122070312,128.83999633789062,100.09808349609375,179836200,0.0,0.0,0.0
2012-01-17,130.0800018310547,130.32000732421875,128.89999389648438,129.33999633789062,100.48653411865234,132209200,0.0,0.0,0.0
2012-01-18,129.30999755859375,130.83999633789062,129.0800018310547,130.77000427246094,101.5975112915039,163395200,0.0,0.0,0.0
2012-01-19,131.22000122070312,131.57000732421875,130.8000030517578,131.4600067138672,102.13358306884766,126328900,0.0,0.0,0.0
2012-01-20,131.24000549316406,131.9499969482422,130.9199981689453,131.9499969482422,102.51431274414062,138230200,0.0,0.0,0.0
2012-01-23,131.50999450683594,132.25,130.97999572753906,131.61000061035156,102.25016021728516,129295800,0.0,0.0,0.0
2012-01-24,130.8000030517578,131.5,130.60000610351562,131.4600067138672,102.13358306884766,103083300,0.0,0.0,0.0
2012-01-25,131.25999450683594,132.8699951171875,130.75,132.55999755859375,102.98821258544922,198613200,0.0,0.0,0.0
2012-01-26,133.14999389648438,133.39999389648438,131.36000061035156,131.8800048828125,102.45992279052734,184880500,0.0,0.0,0.0
2012-01-27,131.24000549316406,132.0500030517578,131.14999389648438,131.82000732421875,102.41332244873047,135259100,0.0,0.0,0.0
2012-01-30,130.50999450683594,131.44000244140625,130.05999755859375,131.3699951171875,102.06366729736328,147311800,0.0,0.0,0.0
2012-01-31,132.02000427246094,132.17999267578125,130.67999267578125,131.32000732421875,102.02484130859375,157212000,0.0,0.0,0.0
2012-02-01,132.2899932861328,133.13999938964844,132.1300048828125,132.47000122070312,102.91830444335938,166234500,0.0,0.0,0.0
2012-02-02,132.72999572753906,133.02000427246094,132.2100067138672,132.67999267578125,103.08143615722656,113090400,0.0,0.0,0.0
2012-02-03,134.0,134.6199951171875,133.77000427246094,134.5399932861328,104.52649688720703,160598500,0.0,0.0,0.0
2012-02-06,133.97999572753906,134.50999450683594,133.8300018310547,134.4499969482422,104.45659637451172,107694500,0.0,0.0,0.0
2012-02-07,134.1699981689453,135.02000427246094,133.63999938964844,134.7899932861328,104.7207260131836,135528100,0.0,0.0,0.0
2012-02-08,134.86000061035156,135.22000122070312,134.30999755859375,135.19000244140625,105.0314712524414,139361400,0.0,0.0,0.0
2012-02-09,135.41000366210938,135.58999633789062,134.55999755859375,135.36000061035156,105.16358184814453,148602900,0.0,0.0,0.0
2012-02-10,134.16000366210938,134.47000122070312,133.83999633789062,134.36000061035156,104.38665008544922,167907500,0.0,0.0,0.0
2012-02-13,135.32000732421875,135.52000427246094,134.74000549316406,135.36000061035156,105.16358184814453,115841900,0.0,0.0,0.0
2012-02-14,135.0,135.27000427246094,134.25,135.19000244140625,105.0314712524414,165329500,0.0,0.0,0.0
2012-02-15,135.6300048828125,135.8300018310547,134.2899932861328,134.55999755859375,104.54206085205078,195195100,0.0,0.0,0.0
2012-02-16,134.57000732421875,136.1699981689453,134.3300018310547,136.0500030517578,105.69966125488281,186567800,0.0,0.0,0.0
2012-02-17,136.52000427246094,136.6300048828125,135.9600067138672,136.41000366210938,105.9793472290039,129869400,0.0,0.0,0.0
2012-02-21,136.72999572753906,137.0500030517578,136.0500030517578,136.47000122070312,106.02598571777344,134042300,0.0,0.0,0.0
2012-02-22,136.25999450683594,136.5500030517578,135.7899932861328,136.02999877929688,105.68412017822266,124455300,0.0,0.0,0.0
2012-02-23,135.9600067138672,136.72999572753906,135.5,136.6300048828125,106.1502456665039,137704300,0.0,0.0,0.0
2012-02-24,136.92999267578125,137.1999969482422,136.6300048828125,136.92999267578125,106.38330841064453,105539100,0.0,0.0,0.0
2012-02-27,136.02000427246094,137.52999877929688,135.8000030517578,137.16000366210938,106.56199645996094,145728900,0.0,0.0,0.0
2012-02-28,137.1999969482422,137.72000122070312,136.92999267578125,137.55999755859375,106.872802734375,129355900,0.0,0.0,0.0
2012-02-29,137.75999450683594,138.19000244140625,136.5399932861328,137.02000427246094,106.45328521728516,185934700,0.0,0.0,0.0
2012-03-01,137.30999755859375,137.99000549316406,136.92999267578125,137.72999572753906,107.00487518310547,145023500,0.0,0.0,0.0
2012-03-02,137.63999938964844,137.82000732421875,137.0,137.30999755859375,106.67852783203125,120638300,0.0,0.0,0.0
2012-03-05,137.10000610351562,137.1999969482422,136.27999877929688,136.75,106.2435302734375,140765000,0.0,0.0,0.0
2012-03-06,135.35000610351562,135.42999267578125,134.36000061035156,134.75,104.6896743774414,202129900,0.0,0.0,0.0
2012-03-07,135.05999755859375,135.91000366210938,134.92999267578125,135.69000244140625,105.41995239257812,143692200,0.0,0.0,0.0
2012-03-08,136.52000427246094,137.32000732421875,136.24000549316406,137.0399932861328,106.46881866455078,116968900,0.0,0.0,0.0
2012-03-09,137.3000030517578,137.92999267578125,137.1300048828125,137.57000732421875,106.8805923461914,122836800,0.0,0.0,0.0
2012-03-12,137.5500030517578,137.75999450683594,137.08999633789062,137.5800018310547,106.88833618164062,104003500,0.0,0.0,0.0
2012-03-13,138.32000732421875,140.1300048828125,138.08999633789062,140.05999755859375,108.81509399414062,184090500,0.0,0.0,0.0
2012-03-14,140.10000610351562,140.4499969482422,139.47999572753906,139.91000366210938,108.69854736328125,145163600,0.0,0.0,0.0
2012-03-15,140.1199951171875,140.77999877929688,139.75999450683594,140.72000122070312,109.32786560058594,165118500,0.0,0.0,0.0
2012-03-16,140.36000061035156,140.47999572753906,140.0,140.3000030517578,109.47925567626953,152893500,0.614,0.0,0.0
2012-03-19,140.2100067138672,141.27999877929688,140.11000061035156,140.85000610351562,109.90846252441406,125291100,0.0,0.0,0.0
2012-03-20,140.0500030517578,140.61000061035156,139.63999938964844,140.44000244140625,109.58850860595703,121729700,0.0,0.0,0.0
2012-03-21,140.52000427246094,140.64999389648438,139.9199981689453,140.2100067138672,109.40901947021484,122388400,0.0,0.0,0.0
2012-03-22,139.17999267578125,139.5500030517578,138.74000549316406,139.1999969482422,108.6208724975586,135216700,0.0,0.0,0.0
2012-03-23,139.32000732421875,139.80999755859375,138.5500030517578,139.64999389648438,108.9720230102539,120521000,0.0,0.0,0.0
2012-03-26,140.64999389648438,141.61000061035156,140.60000610351562,141.61000061035156,110.50146484375,120164000,0.0,0.0,0.0
2012-03-27,141.74000549316406,141.8300018310547,141.0800018310547,141.1699981689453,110.15812683105469,119868500,0.0,0.0,0.0
2012-03-28,141.10000610351562,141.32000732421875,139.63999938964844,140.47000122070312,109.61190032958984,148562100,0.0,0.0,0.0
2012-03-29,139.63999938964844,140.49000549316406,139.08999633789062,140.22999572753906,109.42461395263672,164963700,0.0,0.0,0.0
2012-03-30,140.9199981689453,141.0500030517578,140.0500030517578,140.80999755859375,109.87718200683594,135486800,0.0,0.0,0.0
2012-04-02,140.63999938964844,142.2100067138672,140.36000061035156,141.83999633789062,110.68096160888672,151741100,0.0,0.0,0.0
2012-04-03,141.63999938964844,141.8800048828125,140.42999267578125,141.25999450683594,110.2283706665039,155806700,0.0,0.0,0.0
2012-04-04,140.22000122070312,140.33999633789062,139.33999633789062,139.86000061035156,109.13591766357422,146896000,0.0,0.0,0.0
2012-04-05,139.3800048828125,140.1999969482422,139.25999450683594,139.7899932861328,109.08128356933594,137439400,0.0,0.0,0.0
2012-04-09,138.02999877929688,139.83999633789062,137.83999633789062,138.22000122070312,107.85614013671875,127555900,0.0,0.0,0.0
2012-04-10,137.9499969482422,138.33999633789062,135.75999450683594,135.89999389648438,106.04579162597656,235360300,0.0,0.0,0.0
2012-04-11,137.2899932861328,137.5399932861328,136.75,137.0,106.90416717529297,154133000,0.0,0.0,0.0
2012-04-12,137.1300048828125,138.89999389648438,137.02999877929688,138.7899932861328,108.30097198486328,154321500,0.0,0.0,0.0
2012-04-13,138.47000122070312,138.82000732421875,137.00999450683594,137.13999938964844,107.0134048461914,169246700,0.0,0.0,0.0
2012-04-16,137.83999633789062,138.0399932861328,136.5800018310547,137.0500030517578,106.9432144165039,147825300,0.0,0.0,0.0
2012-04-17,137.83999633789062,139.36000061035156,137.6999969482422,139.0800018310547,108.52725219726562,147877600,0.0,0.0,0.0
2012-04-18,138.4600067138672,139.0800018310547,138.3800048828125,138.61000061035156,108.1605224609375,123884200,0.0,0.0,0.0
2012-04-19,138.6300048828125,139.14999389648438,137.07000732421875,137.72000122070312,107.46601104736328,198666700,0.0,0.0,0.0
2012-04-20,138.3300018310547,138.8300018310547,137.8699951171875,137.9499969482422,107.64543914794922,143199600,0.0,0.0,0.0
2012-04-23,136.5399932861328,136.91000366210938,135.94000244140625,136.7899932861328,106.74028778076172,171844900,0.0,0.0,0.0
2012-04-24,136.91000366210938,137.66000366210938,136.8000030517578,137.30999755859375,107.14605712890625,137484200,0.0,0.0,0.0
2012-04-25,138.64999389648438,139.25,138.52999877929688,139.19000244140625,108.61309051513672,150252200,0.0,0.0,0.0
2012-04-26,138.88999938964844,140.32000732421875,138.80999755859375,140.16000366210938,109.37000274658203,136291600,0.0,0.0,0.0
2012-04-27,140.5800018310547,140.7899932861328,139.8000030517578,140.38999938964844,109.54948425292969,130725000,0.0,0.0,0.0
2012-04-30,140.11000061035156,140.2100067138672,139.49000549316406,139.8699951171875,109.14368438720703,115092200,0.0,0.0,0.0
2012-05-01,139.7899932861328,141.66000366210938,139.6300048828125,140.74000549316406,109.82255554199219,138832200,0.0,0.0,0.0
2012-05-02,139.9199981689453,140.4600067138672,139.4600067138672,140.32000732421875,109.49486541748047,121081000,0.0,0.0,0.0
2012-05-03,140.33999633789062,140.4499969482422,138.99000549316406,139.25,108.65988159179688,143759700,0.0,0.0,0.0
2012-05-04,138.52000427246094,139.3000030517578,136.9199981689453,137.0,106.90416717529297,193927300,0.0,0.0,0.0
2012-05-07,136.50999450683594,137.55999755859375,136.4600067138672,137.10000610351562,106.98224639892578,127765900,0.0,0.0,0.0
2012-05-08,136.27999877929688,136.77000427246094,134.9199981689453,136.5500030517578,106.55303955078125,213377700,0.0,0.0,0.0
2012-05-09,135.10000610351562,136.61000061035156,134.49000549316406,135.74000549316406,105.92100524902344,220752500,0.0,0.0,0.0
2012-05-10,136.67999267578125,136.85000610351562,135.7100067138672,136.02000427246094,106.13946533203125,150600000,0.0,0.0,0.0
2012-05-11,135.1699981689453,136.8699951171875,135.11000061035156,135.61000061035156,105.81954956054688,153032400,0.0,0.0,0.0
2012-05-14,134.30999755859375,135.61000061035156,133.91000366210938,134.11000061035156,104.64903259277344,163910000,0.0,0.0,0.0
2012-05-15,134.02000427246094,134.80999755859375,133.1300048828125,133.33999633789062,104.04820251464844,207629300,0.0,0.0,0.0
2012-05-16,133.94000244140625,134.5500030517578,132.8000030517578,132.8300018310547,103.65023040771484,207265500,0.0,0.0,0.0
2012-05-17,132.86000061035156,133.02000427246094,130.7899932861328,130.86000061035156,102.11299133300781,247992900,0.0,0.0,0.0
2012-05-18,131.3699951171875,131.60000610351562,129.5500030517578,129.74000549316406,101.23906707763672,319615900,0.0,0.0,0.0
2012-05-21,130.16000366210938,132.02000427246094,129.9499969482422,131.97000122070312,102.97916412353516,177861100,0.0,0.0,0.0
2012-05-22,132.30999755859375,133.22999572753906,131.33999633789062,132.1999969482422,103.15863800048828,197531200,0.0,0.0,0.0
2012-05-23,131.25,132.4600067138672,129.99000549316406,132.27000427246094,103.21327209472656,204958400,0.0,0.0,0.0
2012-05-24,132.6300048828125,132.83999633789062,131.4199981689453,132.52999877929688,103.41616821289062,167357600,0.0,0.0,0.0
2012-05-25,132.47999572753906,132.85000610351562,131.77999877929688,132.10000610351562,103.08061218261719,135465600,0.0,0.0,0.0
2012-05-29,133.16000366210938,133.92999267578125,131.1699981689453,133.6999969482422,104.32914733886719,152883500,0.0,0.0,0.0
2012-05-30,132.55999755859375,133.69000244140625,131.49000549316406,131.75999450683594,102.81526947021484,162370400,0.0,0.0,0.0
2012-05-31,131.7100067138672,132.4499969482422,130.33999633789062,131.47000122070312,102.58899688720703,196186000,0.0,0.0,0.0
2012-06-01,129.41000366210938,131.5,128.16000366210938,128.16000366210938,100.00613403320312,253240900,0.0,0.0,0.0
2012-06-04,128.38999938964844,128.74000549316406,127.13999938964844,128.10000610351562,99.95929718017578,202545800,0.0,0.0,0.0
2012-06-05,127.8499984741211,129.25999450683594,127.77999877929688,129.07000732421875,100.71622467041016,164149400,0.0,0.0,0.0
2012-06-06,129.97000122070312,132.02999877929688,129.92999267578125,131.97000122070312,102.97916412353516,184202800,0.0,0.0,0.0
2012-06-07,133.47000122070312,133.52999877929688,131.77999877929688,132.0500030517578,103.04163360595703,184772700,0.0,0.0,0.0
2012-06-08,131.7100067138672,133.1300048828125,131.2899932861328,133.10000610351562,103.86093139648438,143915400,0.0,0.0,0.0
2012-06-11,134.1699981689453,134.25,131.27999877929688,131.41000366210938,102.54217529296875,169756100,0.0,0.0,0.0
2012-06-12,131.7899932861328,133.00999450683594,131.16000366210938,132.9199981689453,103.720458984375,181931800,0.0,0.0,0.0
2012-06-13,132.52999877929688,133.36000061035156,131.6199951171875,132.07000732421875,103.05721282958984,172223900,0.0,0.0,0.0
2012-06-14,132.33999633789062,134.0,131.97999572753906,133.47000122070312,104.1496353149414,230615500,0.0,0.0,0.0
2012-06-15,133.3800048828125,134.25999450683594,133.10000610351562,134.13999938964844,105.2148208618164,169444500,0.688,0.0,0.0
2012-06-18,133.5800018310547,134.72999572753906,133.27999877929688,134.39999389648438,105.41875457763672,131360900,0.0,0.0,0.0
2012-06-19,135.0800018310547,136.25,134.3699951171875,135.6999969482422,106.43841552734375,137382600,0.0,0.0,0.0
2012-06-20,135.7100067138672,136.10000610351562,134.27000427246094,135.47999572753906,106.265869140625,206451800,0.0,0.0,0.0
2012-06-21,135.63999938964844,135.77999877929688,132.3300018310547,132.44000244140625,103.88138580322266,205272200,0.0,0.0,0.0
2012-06-22,133.1300048828125,133.7100067138672,132.6199951171875,133.4600067138672,104.68146514892578,130029200,0.0,0.0,0.0
2012-06-25,132.0500030517578,132.10000610351562,130.85000610351562,131.32000732421875,103.00289916992188,146375700,0.0,0.0,0.0
2012-06-26,131.6999969482422,132.3800048828125,130.92999267578125,131.97999572753906,103.52061462402344,141634000,0.0,0.0,0.0
2012-06-27,132.4199981689453,133.42999267578125,131.97000122070312,133.1699981689453,104.45397186279297,108088000,0.0,0.0,0.0
2012-06-28,132.2899932861328,132.99000549316406,131.27999877929688,132.7899932861328,104.15589904785156,169242100,0.0,0.0,0.0
2012-06-29,135.1999969482422,136.27000427246094,134.85000610351562,136.10000610351562,106.75215911865234,212250900,0.0,0.0,0.0
2012-07-02,136.47999572753906,136.64999389648438,135.52000427246094,136.50999450683594,107.0737533569336,129524500,0.0,0.0,0.0
2012-07-03,136.47999572753906,137.50999450683594,136.33999633789062,137.41000366210938,107.77967834472656,80450000,0.0,0.0,0.0
2012-07-05,136.89999389648438,137.8000030517578,136.2899932861328,136.7899932861328,107.29335021972656,126177500,0.0,0.0,0.0
2012-07-06,135.47000122070312,135.77000427246094,134.85000610351562,135.49000549316406,106.2737045288086,151192100,0.0,0.0,0.0
2012-07-09,135.3800048828125,135.57000732421875,134.6999969482422,135.32000732421875,106.14035034179688,103780500,0.0,0.0,0.0
2012-07-10,136.00999450683594,136.22999572753906,133.67999267578125,134.13999938964844,105.2148208618164,167884800,0.0,0.0,0.0
2012-07-11,134.2100067138672,134.60000610351562,133.3800048828125,134.16000366210938,105.2304916381836,141733400,0.0,0.0,0.0
2012-07-12,133.3800048828125,134.22999572753906,132.60000610351562,133.50999450683594,104.72061157226562,143583200,0.0,0.0,0.0
2012-07-13,133.86000061035156,135.88999938964844,133.83999633789062,135.75,106.47766876220703,129642600,0.0,0.0,0.0
2012-07-16,135.44000244140625,135.8300018310547,134.89999389648438,135.42999267578125,106.22661590576172,97525200,0.0,0.0,0.0
2012-07-17,135.97000122070312,136.63999938964844,134.5500030517578,136.36000061035156,106.95613861083984,138860300,0.0,0.0,0.0
2012-07-18,136.0399932861328,137.63999938964844,135.9600067138672,137.3699951171875,107.74830627441406,113349700,0.0,0.0,0.0
2012-07-19,137.64999389648438,138.17999267578125,137.2100067138672,137.72999572753906,108.03068542480469,129847300,0.0,0.0,0.0
2012-07-20,136.9499969482422,137.16000366210938,136.32000732421875,136.47000122070312,107.04238891601562,142904500,0.0,0.0,0.0
2012-07-23,134.47000122070312,136.3800048828125,133.83999633789062,135.08999633789062,105.95997619628906,145210900,0.0,0.0,0.0
2012-07-24,135.19000244140625,135.25,133.02999877929688,133.92999267578125,105.0500717163086,173301200,0.0,0.0,0.0
2012-07-25,134.2100067138672,134.55999755859375,133.25,133.9600067138672,105.07362365722656,129122300,0.0,0.0,0.0
2012-07-26,135.88999938964844,136.4600067138672,135.25999450683594,136.1699981689453,106.80708312988281,156526500,0.0,0.0,0.0
2012-07-27,136.88999938964844,139.07000732421875,136.13999938964844,138.67999267578125,108.77578735351562,236768900,0.0,0.0,0.0
2012-07-30,138.52000427246094,139.33999633789062,138.27000427246094,138.67999267578125,108.77578735351562,106782000,0.0,0.0,0.0
2012-07-31,138.49000549316406,138.8699951171875,137.7100067138672,137.7100067138672,108.0150146484375,120575900,0.0,0.0,0.0
2012-08-01,138.6999969482422,138.72999572753906,137.39999389648438,137.58999633789062,107.92086791992188,138293800,0.0,0.0,0.0
2012-08-02,136.5500030517578,137.57000732421875,135.5800018310547,136.63999938964844,107.17576599121094,199556600,0.0,0.0,0.0
2012-08-03,138.55999755859375,139.63999938964844,136.67999267578125,139.35000610351562,109.3014144897461,157825000,0.0,0.0,0.0
2012-08-06,139.72000122070312,140.1699981689453,139.55999755859375,139.6199951171875,109.51313781738281,86326200,0.0,0.0,0.0
2012-08-07,140.17999267578125,140.9199981689453,140.02999877929688,140.32000732421875,110.06219482421875,109545100,0.0,0.0,0.0
2012-08-08,139.85000610351562,140.64999389648438,139.80999755859375,140.49000549316406,110.19554138183594,89754700,0.0,0.0,0.0
2012-08-09,140.2899932861328,140.88999938964844,140.14999389648438,140.61000061035156,110.28963470458984,90291700,0.0,0.0,0.0
2012-08-10,140.0399932861328,140.88999938964844,139.80999755859375,140.83999633789062,110.4700698852539,99792700,0.0,0.0,0.0
2012-08-13,140.60000610351562,140.83999633789062,140.0399932861328,140.77000427246094,110.4151611328125,79426900,0.0,0.0,0.0
2012-08-14,141.2899932861328,141.3800048828125,140.3699951171875,140.7899932861328,110.43084716796875,102379400,0.0,0.0,0.0
2012-08-15,140.63999938964844,141.19000244140625,140.5500030517578,140.9499969482422,110.55634307861328,71085900,0.0,0.0,0.0
2012-08-16,141.14999389648438,142.16000366210938,140.8000030517578,141.99000549316406,111.37207794189453,112014200,0.0,0.0,0.0
2012-08-17,142.22999572753906,142.3000030517578,141.86000061035156,142.17999267578125,111.52112579345703,90813700,0.0,0.0,0.0
2012-08-20,141.97999572753906,142.22000122070312,141.58999633789062,142.19000244140625,111.52892303466797,78255700,0.0,0.0,0.0
2012-08-21,142.5399932861328,143.08999633789062,141.4499969482422,141.75999450683594,111.19168853759766,105581100,0.0,0.0,0.0
2012-08-22,141.39999389648438,142.0500030517578,141.07000732421875,141.82000732421875,111.2387466430664,133243500,0.0,0.0,0.0
2012-08-23,141.47000122070312,141.47999572753906,140.44000244140625,140.66000366210938,110.32886505126953,111466400,0.0,0.0,0.0
2012-08-24,140.30999755859375,141.8300018310547,140.22000122070312,141.50999450683594,110.99559783935547,99481200,0.0,0.0,0.0
2012-08-27,141.88999938964844,142.0800018310547,141.33999633789062,141.5399932861328,111.01912689208984,68785900,0.0,0.0,0.0
2012-08-28,141.17999267578125,141.83999633789062,140.97000122070312,141.39999389648438,110.90930938720703,75689600,0.0,0.0,0.0
2012-08-29,141.52000427246094,141.88999938964844,141.1199951171875,141.50999450683594,110.99559783935547,65421300,0.0,0.0,0.0
2012-08-30,140.89999389648438,140.94000244140625,140.19000244140625,140.49000549316406,110.19554138183594,96589900,0.0,0.0,0.0
2012-08-31,141.2899932861328,141.82000732421875,140.36000061035156,141.16000366210938,110.72106170654297,151970400,0.0,0.0,0.0
2012-09-04,141.0399932861328,141.4600067138672,140.1300048828125,141.02999877929688,110.61907196044922,120226200,0.0,0.0,0.0
2012-09-05,141.08999633789062,141.47000122070312,140.6300048828125,140.91000366210938,110.52497863769531,100660300,0.0,0.0,0.0
2012-09-06,141.75999450683594,143.77999877929688,141.75,143.77000427246094,112.76825714111328,158272500,0.0,0.0,0.0
2012-09-07,144.00999450683594,144.38999938964844,143.8800048828125,144.3300018310547,113.20748138427734,107272100,0.0,0.0,0.0
2012-09-10,144.19000244140625,144.44000244140625,143.4600067138672,143.50999450683594,112.5643081665039,86458500,0.0,0.0,0.0
2012-09-11,143.60000610351562,144.3699951171875,143.55999755859375,143.91000366210938,112.8780517578125,88760000,0.0,0.0,0.0
2012-09-12,144.38999938964844,144.5500030517578,143.89999389648438,144.38999938964844,113.25455474853516,87640900,0.0,0.0,0.0
2012-09-13,144.3699951171875,147.0399932861328,143.99000549316406,146.58999633789062,114.98016357421875,225470200,0.0,0.0,0.0
2012-09-14,146.8800048828125,148.11000061035156,146.75999450683594,147.24000549316406,115.4900131225586,169777000,0.0,0.0,0.0
2012-09-17,146.94000244140625,147.19000244140625,146.3699951171875,146.74000549316406,115.09782409667969,119427800,0.0,0.0,0.0
2012-09-18,146.49000549316406,146.80999755859375,146.25,146.6199951171875,115.00370025634766,98326600,0.0,0.0,0.0
2012-09-19,146.7899932861328,147.1699981689453,146.41000366210938,146.6999969482422,115.06644439697266,128318300,0.0,0.0,0.0
2012-09-20,146.02999877929688,146.7899932861328,145.6300048828125,146.7100067138672,115.07429504394531,154009800,0.0,0.0,0.0
2012-09-21,146.63999938964844,146.6699981689453,145.80999755859375,145.8699951171875,115.02618408203125,108737500,0.779,0.0,0.0
2012-09-24,145.14999389648438,145.97999572753906,145.0399932861328,145.64999389648438,114.8526840209961,95682000,0.0,0.0,0.0
2012-09-25,145.9600067138672,146.24000549316406,144.05999755859375,144.10000610351562,113.63045501708984,133165200,0.0,0.0,0.0
2012-09-26,144.07000732421875,144.11000061035156,142.9499969482422,143.2899932861328,112.99169158935547,146502200,0.0,0.0,0.0
2012-09-27,143.88999938964844,144.97000122070312,143.50999450683594,144.63999938964844,114.0562744140625,111830300,0.0,0.0,0.0
2012-09-28,144.08999633789062,144.55999755859375,143.4600067138672,143.97000122070312,113.52790069580078,150696100,0.0,0.0,0.0
2012-10-01,144.52000427246094,145.69000244140625,144.00999450683594,144.35000610351562,113.82758331298828,135911200,0.0,0.0,0.0
2012-10-02,144.9199981689453,145.14999389648438,143.8300018310547,144.5,113.94586944580078,113422200,0.0,0.0,0.0
2012-10-03,144.88999938964844,145.42999267578125,144.1300048828125,145.08999633789062,114.4111328125,121283100,0.0,0.0,0.0
2012-10-04,145.63999938964844,146.33999633789062,145.44000244140625,146.1300048828125,115.23120880126953,124311600,0.0,0.0,0.0
2012-10-05,146.91000366210938,147.16000366210938,145.6999969482422,146.13999938964844,115.23907470703125,124842100,0.0,0.0,0.0
2012-10-08,145.60000610351562,146.1199951171875,145.30999755859375,145.63999938964844,114.84483337402344,78415400,0.0,0.0,0.0
2012-10-09,145.52999877929688,145.64999389648438,144.14999389648438,144.1999969482422,113.70930480957031,148872900,0.0,0.0,0.0
2012-10-10,144.17999267578125,144.32000732421875,143.08999633789062,143.27999877929688,112.98385620117188,124247500,0.0,0.0,0.0
2012-10-11,144.27999877929688,144.49000549316406,143.3300018310547,143.36000061035156,113.04689025878906,123601500,0.0,0.0,0.0
2012-10-12,143.4600067138672,143.9499969482422,142.5800018310547,142.88999938964844,112.67626190185547,124181900,0.0,0.0,0.0
2012-10-15,143.22999572753906,144.22999572753906,142.77000427246094,144.0800018310547,113.61466979980469,107689100,0.0,0.0,0.0
2012-10-16,144.75999450683594,145.63999938964844,144.66000366210938,145.5399932861328,114.76597595214844,108815500,0.0,0.0,0.0
2012-10-17,145.63999938964844,146.32000732421875,145.4199981689453,146.1999969482422,115.28638458251953,128834100,0.0,0.0,0.0
2012-10-18,145.82000732421875,146.52000427246094,145.3300018310547,145.82000732421875,114.98677062988281,148108500,0.0,0.0,0.0
2012-10-19,145.5500030517578,145.55999755859375,143.0500030517578,143.38999938964844,113.07059478759766,185645200,0.0,0.0,0.0
2012-10-22,143.14999389648438,143.6699981689453,142.27999877929688,143.41000366210938,113.08634185791016,125578600,0.0,0.0,0.0
2012-10-23,141.86000061035156,142.05999755859375,140.8300018310547,141.4199981689453,111.51713562011719,192056300,0.0,0.0,0.0
2012-10-24,141.92999267578125,142.10000610351562,140.8000030517578,141.02000427246094,111.20172119140625,120179400,0.0,0.0,0.0
2012-10-25,142.02000427246094,142.27999877929688,140.57000732421875,141.42999267578125,111.52497863769531,134457400,0.0,0.0,0.0
2012-10-26,141.3000030517578,141.83999633789062,140.38999938964844,141.35000610351562,111.46195220947266,146023500,0.0,0.0,0.0
2012-10-31,141.85000610351562,142.02999877929688,140.67999267578125,141.35000610351562,111.46195220947266,103438500,0.0,0.0,0.0
2012-11-01,141.64999389648438,143.00999450683594,141.52000427246094,142.8300018310547,112.62899017333984,100995600,0.0,0.0,0.0
2012-11-02,143.67999267578125,143.72000122070312,141.41000366210938,141.55999755859375,111.62753295898438,137702200,0.0,0.0,0.0
2012-11-05,141.35000610351562,142.1699981689453,140.92999267578125,141.85000610351562,111.85621643066406,98378500,0.0,0.0,0.0
2012-11-06,142.27999877929688,143.52000427246094,142.1300048828125,142.9600067138672,112.7315444946289,107068100,0.0,0.0,0.0
2012-11-07,141.66000366210938,141.67999267578125,139.05999755859375,139.72000122070312,110.1766128540039,264304500,0.0,0.0,0.0
2012-11-08,139.6999969482422,140.41000366210938,137.92999267578125,138.0399932861328,108.85182189941406,181517300,0.0,0.0,0.0
2012-11-09,137.6199951171875,139.44000244140625,137.5500030517578,138.16000366210938,108.94645690917969,201055300,0.0,0.0,0.0
2012-11-12,138.58999633789062,138.80999755859375,137.9600067138672,138.27000427246094,109.03321075439453,97677500,0.0,0.0,0.0
2012-11-13,137.5399932861328,139.25,137.36000061035156,137.7899932861328,108.6546630859375,123018300,0.0,0.0,0.0
2012-11-14,138.2100067138672,138.42999267578125,135.6199951171875,135.92999267578125,107.18798065185547,191505000,0.0,0.0,0.0
2012-11-15,135.97999572753906,136.49000549316406,135.17999267578125,135.6999969482422,107.00660705566406,178128400,0.0,0.0,0.0
2012-11-16,135.89999389648438,136.63999938964844,134.6999969482422,136.3699951171875,107.53495788574219,239483900,0.0,0.0,0.0
2012-11-19,137.89999389648438,139.14999389648438,136.41000366210938,139.1300048828125,109.71133422851562,151495800,0.0,0.0,0.0
2012-11-20,138.91000366210938,139.4199981689453,138.0800018310547,139.19000244140625,109.7586669921875,119807400,0.0,0.0,0.0
2012-11-21,139.30999755859375,139.57000732421875,139.02999877929688,139.4499969482422,109.96368408203125,81710800,0.0,0.0,0.0
2012-11-23,140.1300048828125,141.39999389648438,140.0399932861328,141.35000610351562,111.46195220947266,65409200,0.0,0.0,0.0
2012-11-26,140.64999389648438,141.36000061035156,140.19000244140625,141.0500030517578,111.22534942626953,100124400,0.0,0.0,0.0
2012-11-27,140.91000366210938,141.38999938964844,140.24000549316406,140.3300018310547,110.65758514404297,128646200,0.0,0.0,0.0
2012-11-28,139.75999450683594,141.5399932861328,139.0,141.4600067138672,111.54864501953125,177086500,0.0,0.0,0.0
2012-11-29,141.99000549316406,142.50999450683594,141.3699951171875,142.1199951171875,112.0691146850586,151085900,0.0,0.0,0.0
2012-11-30,142.13999938964844,142.4199981689453,141.66000366210938,142.14999389648438,112.0927734375,136568300,0.0,0.0,0.0
2012-12-03,142.8000030517578,142.9199981689453,141.33999633789062,141.4499969482422,111.54076385498047,124656300,0.0,0.0,0.0
2012-12-04,141.44000244140625,141.8699951171875,140.8699951171875,141.25,111.38309478759766,127512200,0.0,0.0,0.0
2012-12-05,141.3699951171875,142.16000366210938,140.3699951171875,141.5,111.58025360107422,147300500,0.0,0.0,0.0
2012-12-06,141.3699951171875,142.0399932861328,141.16000366210938,141.97999572753906,111.95870971679688,103220600,0.0,0.0,0.0
2012-12-07,142.52999877929688,142.69000244140625,141.6699981689453,142.41000366210938,112.29778289794922,108726400,0.0,0.0,0.0
2012-12-10,142.2100067138672,142.80999755859375,142.14999389648438,142.47000122070312,112.34510803222656,98840700,0.0,0.0,0.0
2012-12-11,143.05999755859375,144.11000061035156,142.99000549316406,143.44000244140625,113.11002349853516,152570400,0.0,0.0,0.0
2012-12-12,144.0,144.5500030517578,143.30999755859375,143.50999450683594,113.16519165039062,145880100,0.0,0.0,0.0
2012-12-13,143.4199981689453,143.8300018310547,142.27000427246094,142.6300048828125,112.4713134765625,135715000,0.0,0.0,0.0
2012-12-14,142.32000732421875,142.5800018310547,141.8800048828125,142.10000610351562,112.05335998535156,137701700,0.0,0.0,0.0
2012-12-17,142.47000122070312,143.85000610351562,142.42999267578125,143.77000427246094,113.3702392578125,143238200,0.0,0.0,0.0
2012-12-18,144.0,145.5,143.7899932861328,145.3699951171875,114.63191986083984,177762800,0.0,0.0,0.0
2012-12-19,145.52999877929688,145.5800018310547,144.24000549316406,144.2899932861328,113.7802963256836,150895400,0.0,0.0,0.0
2012-12-20,144.3800048828125,145.13999938964844,143.97999572753906,145.1199951171875,114.43480682373047,168487000,0.0,0.0,0.0
2012-12-21,142.1699981689453,144.08999633789062,141.94000244140625,142.7899932861328,113.39604187011719,245883800,1.022,0.0,0.0
2012-12-24,142.47999572753906,142.55999755859375,142.19000244140625,142.35000610351562,113.04664611816406,53874600,0.0,0.0,0.0
2012-12-26,142.63999938964844,142.7100067138672,141.35000610351562,141.75,112.57012939453125,106947700,0.0,0.0,0.0
2012-12-27,141.7899932861328,142.0800018310547,139.9199981689453,141.55999755859375,112.41924285888672,167920600,0.0,0.0,0.0
2012-12-28,140.63999938964844,141.4199981689453,139.8699951171875,140.02999877929688,111.20421600341797,148806700,0.0,0.0,0.0
2012-12-31,139.66000366210938,142.55999755859375,139.5399932861328,142.41000366210938,113.09423828125,243935200,0.0,0.0,0.0
2013-01-02,145.11000061035156,146.14999389648438,144.72999572753906,146.05999755859375,115.99288940429688,192059000,0.0,0.0,0.0
2013-01-03,145.99000549316406,146.3699951171875,145.33999633789062,145.72999572753906,115.7308120727539,144761800,0.0,0.0,0.0
2013-01-04,145.97000122070312,146.61000061035156,145.6699981689453,146.3699951171875,116.2390365600586,116817700,0.0,0.0,0.0
2013-01-07,145.85000610351562,146.11000061035156,145.42999267578125,145.97000122070312,115.9214096069336,110002500,0.0,0.0,0.0
2013-01-08,145.7100067138672,145.91000366210938,144.97999572753906,145.5500030517578,115.58782958984375,121265100,0.0,0.0,0.0
2013-01-09,145.8699951171875,146.32000732421875,145.63999938964844,145.9199981689453,115.8817138671875,90745600,0.0,0.0,0.0
2013-01-10,146.72999572753906,147.08999633789062,145.97000122070312,147.0800018310547,116.80292510986328,130735400,0.0,0.0,0.0
2013-01-11,147.0399932861328,147.14999389648438,146.61000061035156,147.07000732421875,116.79498291015625,113917300,0.0,0.0,0.0
2013-01-14,146.88999938964844,147.07000732421875,146.42999267578125,146.97000122070312,116.71559143066406,89567200,0.0,0.0,0.0
2013-01-15,146.2899932861328,147.2100067138672,146.1999969482422,147.07000732421875,116.79498291015625,93172600,0.0,0.0,0.0
2013-01-16,146.77000427246094,147.27999877929688,146.61000061035156,147.0500030517578,116.77906799316406,104849500,0.0,0.0,0.0
2013-01-17,147.6999969482422,148.4199981689453,147.14999389648438,148.0,117.53353881835938,133833500,0.0,0.0,0.0
2013-01-18,147.97000122070312,148.49000549316406,147.42999267578125,148.3300018310547,117.79558563232422,169906000,0.0,0.0,0.0
2013-01-22,148.3300018310547,149.1300048828125,147.97999572753906,149.1300048828125,118.43096923828125,111797300,0.0,0.0,0.0
2013-01-23,149.1300048828125,149.5,148.86000061035156,149.3699951171875,118.62152099609375,104596100,0.0,0.0,0.0
2013-01-24,149.14999389648438,150.13999938964844,149.00999450683594,149.41000366210938,118.65328979492188,146426400,0.0,0.0,0.0
2013-01-25,149.8800048828125,150.25,149.3699951171875,150.25,119.32040405273438,147211600,0.0,0.0,0.0
2013-01-28,150.2899932861328,150.3300018310547,149.50999450683594,150.07000732421875,119.17742156982422,113357700,0.0,0.0,0.0
2013-01-29,149.77000427246094,150.85000610351562,149.6699981689453,150.66000366210938,119.64598846435547,105694400,0.0,0.0,0.0
2013-01-30,150.63999938964844,150.94000244140625,149.92999267578125,150.07000732421875,119.17742156982422,137447700,0.0,0.0,0.0
2013-01-31,149.88999938964844,150.3800048828125,149.60000610351562,149.6999969482422,118.88353729248047,108975800,0.0,0.0,0.0
2013-02-01,150.64999389648438,151.4199981689453,150.38999938964844,151.24000549316406,120.10660552978516,131173000,0.0,0.0,0.0
2013-02-04,150.32000732421875,151.27000427246094,149.42999267578125,149.5399932861328,118.75653076171875,159073600,0.0,0.0,0.0
2013-02-05,150.35000610351562,151.47999572753906,150.2899932861328,151.0500030517578,119.95565795898438,113912400,0.0,0.0,0.0
2013-02-06,150.52000427246094,151.25999450683594,150.41000366210938,151.16000366210938,120.0430679321289,138762800,0.0,0.0,0.0
2013-02-07,151.2100067138672,151.35000610351562,149.86000061035156,150.9600067138672,119.88424682617188,162490000,0.0,0.0,0.0
2013-02-08,151.22000122070312,151.88999938964844,151.22000122070312,151.8000030517578,120.55127716064453,103133700,0.0,0.0,0.0
2013-02-11,151.74000549316406,151.89999389648438,151.38999938964844,151.77000427246094,120.52743530273438,73775000,0.0,0.0,0.0
2013-02-12,151.77999877929688,152.3000030517578,151.61000061035156,152.02000427246094,120.72596740722656,65392700,0.0,0.0,0.0
2013-02-13,152.3300018310547,152.61000061035156,151.72000122070312,152.14999389648438,120.82926177978516,82322600,0.0,0.0,0.0
2013-02-14,151.69000244140625,152.47000122070312,151.52000427246094,152.2899932861328,120.94044494628906,80834300,0.0,0.0,0.0
2013-02-15,152.42999267578125,152.58999633789062,151.5500030517578,152.11000061035156,120.79747009277344,215226500,0.0,0.0,0.0
2013-02-19,152.3699951171875,153.27999877929688,152.16000366210938,153.25,121.70278930664062,95105400,0.0,0.0,0.0
2013-02-20,153.13999938964844,153.19000244140625,151.25999450683594,151.33999633789062,120.18600463867188,160574800,0.0,0.0,0.0
2013-02-21,150.9600067138672,151.4199981689453,149.94000244140625,150.4199981689453,119.45541381835938,183257000,0.0,0.0,0.0
2013-02-22,151.14999389648438,151.88999938964844,150.49000549316406,151.88999938964844,120.62273406982422,106356600,0.0,0.0,0.0
2013-02-25,152.6300048828125,152.86000061035156,149.0,149.0,118.32768249511719,245824800,0.0,0.0,0.0
2013-02-26,149.72000122070312,150.1999969482422,148.72999572753906,150.02000427246094,119.13770294189453,186596200,0.0,0.0,0.0
2013-02-27,149.88999938964844,152.3300018310547,149.75999450683594,151.91000366210938,120.63863372802734,150781900,0.0,0.0,0.0
2013-02-28,151.89999389648438,152.8699951171875,151.41000366210938,151.61000061035156,120.400390625,126866000,0.0,0.0,0.0
2013-03-01,151.08999633789062,152.33999633789062,150.41000366210938,152.11000061035156,120.79747009277344,170634800,0.0,0.0,0.0
2013-03-04,151.75999450683594,152.9199981689453,151.52000427246094,152.9199981689453,121.44072723388672,99010200,0.0,0.0,0.0
2013-03-05,153.66000366210938,154.6999969482422,153.63999938964844,154.2899932861328,122.52867889404297,121431900,0.0,0.0,0.0
2013-03-06,154.83999633789062,154.9199981689453,154.16000366210938,154.5,122.69550323486328,94469900,0.0,0.0,0.0
2013-03-07,154.6999969482422,154.97999572753906,154.52000427246094,154.77999877929688,122.91783905029297,86101400,0.0,0.0,0.0
2013-03-08,155.4600067138672,155.64999389648438,154.66000366210938,155.44000244140625,123.44197082519531,123477800,0.0,0.0,0.0
2013-03-11,155.32000732421875,156.0399932861328,155.1300048828125,156.02999877929688,123.9105453491211,83746800,0.0,0.0,0.0
2013-03-12,155.9199981689453,156.10000610351562,155.2100067138672,155.67999267578125,123.63253784179688,105755800,0.0,0.0,0.0
2013-03-13,155.75999450683594,156.1199951171875,155.22999572753906,155.89999389648438,123.80729675292969,92550900,0.0,0.0,0.0
2013-03-14,156.30999755859375,156.8000030517578,155.91000366210938,156.72999572753906,124.46637725830078,126329900,0.0,0.0,0.0
2013-03-15,155.85000610351562,156.0399932861328,155.30999755859375,155.8300018310547,124.30211639404297,138601100,0.694,0.0,0.0
2013-03-18,154.33999633789062,155.63999938964844,154.1999969482422,154.97000122070312,123.61610412597656,126704300,0.0,0.0,0.0
2013-03-19,155.3000030517578,155.50999450683594,153.58999633789062,154.61000061035156,123.32894134521484,167567300,0.0,0.0,0.0
2013-03-20,155.52000427246094,155.9499969482422,155.25999450683594,155.69000244140625,124.19041442871094,113759300,0.0,0.0,0.0
2013-03-21,154.75999450683594,155.63999938964844,154.10000610351562,154.36000061035156,123.12946319580078,128605000,0.0,0.0,0.0
2013-03-22,154.85000610351562,155.60000610351562,154.72999572753906,155.60000610351562,124.11865234375,111163600,0.0,0.0,0.0
2013-03-25,156.00999450683594,156.27000427246094,154.35000610351562,154.9499969482422,123.60017395019531,151322300,0.0,0.0,0.0
2013-03-26,155.58999633789062,156.22999572753906,155.4199981689453,156.19000244140625,124.58931732177734,86856600,0.0,0.0,0.0
2013-03-27,155.25999450683594,156.24000549316406,155.0,156.19000244140625,124.58931732177734,99950600,0.0,0.0,0.0
2013-03-28,156.08999633789062,156.85000610351562,155.75,156.6699981689453,124.97208404541016,102932800,0.0,0.0,0.0
2013-04-01,156.58999633789062,156.91000366210938,155.6699981689453,156.0500030517578,124.4775619506836,99194100,0.0,0.0,0.0
2013-04-02,156.61000061035156,157.2100067138672,156.3699951171875,156.82000732421875,125.09178924560547,101504300,0.0,0.0,0.0
2013-04-03,156.91000366210938,157.02999877929688,154.82000732421875,155.22999572753906,123.82347869873047,154167400,0.0,0.0,0.0
2013-04-04,155.42999267578125,156.1699981689453,155.08999633789062,155.86000061035156,124.32601928710938,131885000,0.0,0.0,0.0
2013-04-05,153.9499969482422,155.35000610351562,153.77000427246094,155.16000366210938,123.76761627197266,159666000,0.0,0.0,0.0
2013-04-08,155.27000427246094,156.22000122070312,154.75,156.2100067138672,124.60523223876953,86571200,0.0,0.0,0.0
2013-04-09,156.5,157.32000732421875,155.97999572753906,156.75,125.03596496582031,101922200,0.0,0.0,0.0
2013-04-10,157.1699981689453,158.8699951171875,157.1300048828125,158.6699981689453,126.5675048828125,135711100,0.0,0.0,0.0
2013-04-11,158.6999969482422,159.7100067138672,158.5399932861328,159.19000244140625,126.9822769165039,110142500,0.0,0.0,0.0
2013-04-12,158.67999267578125,159.0399932861328,157.9199981689453,158.8000030517578,126.671142578125,116359900,0.0,0.0,0.0
2013-04-15,158.0,158.1300048828125,155.10000610351562,155.1199951171875,123.73577117919922,217259000,0.0,0.0,0.0
2013-04-16,156.2899932861328,157.49000549316406,155.91000366210938,157.41000366210938,125.56240844726562,147507800,0.0,0.0,0.0
2013-04-17,156.2899932861328,156.32000732421875,154.27999877929688,155.11000061035156,123.7277603149414,226834800,0.0,0.0,0.0
2013-04-18,155.3699951171875,155.41000366210938,153.5500030517578,154.13999938964844,122.95401763916016,167583200,0.0,0.0,0.0
2013-04-19,154.5,155.5500030517578,154.1199951171875,155.47999572753906,124.02291870117188,149687600,0.0,0.0,0.0
2013-04-22,155.77999877929688,156.5399932861328,154.75,156.1699981689453,124.57327270507812,106553500,0.0,0.0,0.0
2013-04-23,156.9499969482422,157.92999267578125,156.1699981689453,157.77999877929688,125.85761260986328,166141300,0.0,0.0,0.0
2013-04-24,157.8300018310547,158.3000030517578,157.5399932861328,157.8800048828125,125.93737030029297,96781200,0.0,0.0,0.0
2013-04-25,158.33999633789062,159.27000427246094,158.10000610351562,158.52000427246094,126.44786834716797,131060600,0.0,0.0,0.0
2013-04-26,158.3300018310547,158.60000610351562,157.72999572753906,158.24000549316406,126.2245101928711,95918800,0.0,0.0,0.0
2013-04-29,158.6699981689453,159.64999389648438,158.4199981689453,159.3000030517578,127.07010650634766,88572800,0.0,0.0,0.0
2013-04-30,159.27000427246094,159.72000122070312,158.61000061035156,159.67999267578125,127.37310791015625,116010700,0.0,0.0,0.0
2013-05-01,159.3300018310547,159.41000366210938,158.10000610351562,158.27999877929688,126.25643157958984,138874200,0.0,0.0,0.0
2013-05-02,158.67999267578125,159.88999938964844,158.52999877929688,159.75,127.42898559570312,96407600,0.0,0.0,0.0
2013-05-03,161.13999938964844,161.8800048828125,159.77999877929688,161.3699951171875,128.72125244140625,144202300,0.0,0.0,0.0
2013-05-06,161.49000549316406,162.00999450683594,161.4199981689453,161.77999877929688,129.04830932617188,66882100,0.0,0.0,0.0
2013-05-07,162.1300048828125,162.64999389648438,161.6699981689453,162.60000610351562,129.70237731933594,90359200,0.0,0.0,0.0
2013-05-08,162.4199981689453,163.38999938964844,162.3300018310547,163.33999633789062,130.2926025390625,97419200,0.0,0.0,0.0
2013-05-09,163.27000427246094,163.6999969482422,162.47000122070312,162.8800048828125,129.92576599121094,106738600,0.0,0.0,0.0
2013-05-10,162.99000549316406,163.5500030517578,162.50999450683594,163.41000366210938,130.34848022460938,103203000,0.0,0.0,0.0
2013-05-13,163.1999969482422,163.80999755859375,162.82000732421875,163.5399932861328,130.45216369628906,81843200,0.0,0.0,0.0
2013-05-14,163.6699981689453,165.35000610351562,163.6699981689453,165.22999572753906,131.80027770996094,119000900,0.0,0.0,0.0
2013-05-15,164.9600067138672,166.4499969482422,164.91000366210938,166.1199951171875,132.5102081298828,120718500,0.0,0.0,0.0
2013-05-16,165.77999877929688,166.36000061035156,165.08999633789062,165.33999633789062,131.88804626464844,109913600,0.0,0.0,0.0
2013-05-17,165.9499969482422,167.0399932861328,165.72999572753906,166.94000244140625,133.16429138183594,129801000,0.0,0.0,0.0
2013-05-20,166.77999877929688,167.5800018310547,166.61000061035156,166.92999267578125,133.15631103515625,85071200,0.0,0.0,0.0
2013-05-21,167.0800018310547,167.8000030517578,166.5,167.1699981689453,133.34776306152344,95804200,0.0,0.0,0.0
2013-05-22,167.33999633789062,169.07000732421875,165.1699981689453,165.92999267578125,132.35865783691406,244031800,0.0,0.0,0.0
2013-05-23,164.16000366210938,165.91000366210938,163.94000244140625,165.4499969482422,131.9757843017578,211064400,0.0,0.0,0.0
2013-05-24,164.47000122070312,165.3800048828125,163.97999572753906,165.30999755859375,131.86404418945312,151573900,0.0,0.0,0.0
2013-05-28,167.0399932861328,167.77999877929688,165.80999755859375,166.3000030517578,132.65377807617188,143679800,0.0,0.0,0.0
2013-05-29,165.4199981689453,165.8000030517578,164.33999633789062,165.22000122070312,131.79226684570312,160363400,0.0,0.0,0.0
2013-05-30,165.35000610351562,166.58999633789062,165.22000122070312,165.8300018310547,132.2788848876953,107793800,0.0,0.0,0.0
2013-05-31,165.3699951171875,166.30999755859375,163.1300048828125,163.4499969482422,130.38040161132812,176850100,0.0,0.0,0.0
2013-06-03,163.8300018310547,164.4600067138672,162.66000366210938,164.35000610351562,131.09837341308594,168390700,0.0,0.0,0.0
2013-06-04,164.44000244140625,165.10000610351562,162.72999572753906,163.55999755859375,130.46810913085938,157631500,0.0,0.0,0.0
2013-06-05,163.08999633789062,163.4199981689453,161.1300048828125,161.27000427246094,128.6415252685547,211737800,0.0,0.0,0.0
2013-06-06,161.1999969482422,162.74000549316406,160.25,162.72999572753906,129.80612182617188,200225500,0.0,0.0,0.0
2013-06-07,163.85000610351562,164.9499969482422,163.13999938964844,164.8000030517578,131.45726013183594,188337800,0.0,0.0,0.0
2013-06-10,165.30999755859375,165.39999389648438,164.3699951171875,164.8000030517578,131.45726013183594,105667100,0.0,0.0,0.0
2013-06-11,163.3000030517578,164.5399932861328,162.74000549316406,163.10000610351562,130.10125732421875,159505400,0.0,0.0,0.0
2013-06-12,164.22000122070312,164.38999938964844,161.60000610351562,161.75,129.02439880371094,177361500,0.0,0.0,0.0
2013-06-13,161.66000366210938,164.5,161.3000030517578,164.2100067138672,130.98666381835938,163587800,0.0,0.0,0.0
2013-06-14,164.02999877929688,164.6699981689453,162.91000366210938,163.17999267578125,130.16497802734375,141197500,0.0,0.0,0.0
2013-06-17,164.2899932861328,165.22000122070312,163.22000122070312,164.44000244140625,131.17015075683594,136295600,0.0,0.0,0.0
2013-06-18,164.52999877929688,165.99000549316406,164.52000427246094,165.74000549316406,132.2070770263672,114695600,0.0,0.0,0.0
2013-06-19,165.60000610351562,165.88999938964844,163.3800048828125,163.4499969482422,130.38040161132812,206149500,0.0,0.0,0.0
2013-06-20,161.86000061035156,163.47000122070312,158.97999572753906,159.39999389648438,127.14981079101562,321255900,0.0,0.0,0.0
2013-06-21,159.63999938964844,159.75999450683594,157.47000122070312,159.07000732421875,127.55801391601562,271956800,0.839,0.0,0.0
2013-06-24,157.41000366210938,158.42999267578125,155.72999572753906,157.05999755859375,125.94617462158203,222329000,0.0,0.0,0.0
2013-06-25,158.47999572753906,160.10000610351562,157.4199981689453,158.57000732421875,127.156982421875,162262200,0.0,0.0,0.0
2013-06-26,159.8699951171875,160.5,159.25,160.13999938964844,128.41603088378906,134848000,0.0,0.0,0.0
2013-06-27,161.10000610351562,161.82000732421875,160.9499969482422,161.0800018310547,129.16976928710938,129483700,0.0,0.0,0.0
2013-06-28,160.6300048828125,161.39999389648438,159.86000061035156,160.4199981689453,128.64053344726562,160402900,0.0,0.0,0.0
2013-07-01,161.25999450683594,162.47999572753906,161.0800018310547,161.36000061035156,129.39431762695312,131954800,0.0,0.0,0.0
2013-07-02,161.1199951171875,162.3000030517578,160.5,161.2100067138672,129.27406311035156,154863700,0.0,0.0,0.0
2013-07-03,160.47999572753906,161.77000427246094,160.22000122070312,161.27999877929688,129.3301544189453,75216400,0.0,0.0,0.0
2013-07-05,162.47000122070312,163.0800018310547,161.3000030517578,163.02000427246094,130.72547912597656,122416900,0.0,0.0,0.0
2013-07-08,163.86000061035156,164.38999938964844,163.0800018310547,163.9499969482422,131.4712371826172,108092500,0.0,0.0,0.0
2013-07-09,164.97999572753906,165.3300018310547,164.27000427246094,165.1300048828125,132.41744995117188,119298000,0.0,0.0,0.0
2013-07-10,164.97000122070312,165.75,164.6300048828125,165.19000244140625,132.465576171875,121410100,0.0,0.0,0.0
2013-07-11,167.11000061035156,167.61000061035156,165.17999267578125,167.44000244140625,134.2698516845703,135592200,0.0,0.0,0.0
2013-07-12,167.38999938964844,167.92999267578125,167.1300048828125,167.50999450683594,134.3260040283203,104212700,0.0,0.0,0.0
2013-07-15,167.97000122070312,168.38999938964844,167.67999267578125,168.14999389648438,134.83921813964844,69450600,0.0,0.0,0.0
2013-07-16,168.25999450683594,168.36000061035156,167.07000732421875,167.52000427246094,134.3341064453125,88702100,0.0,0.0,0.0
2013-07-17,168.16000366210938,168.47999572753906,167.72999572753906,167.9499969482422,134.67880249023438,92873900,0.0,0.0,0.0
2013-07-18,168.30999755859375,169.27000427246094,168.1999969482422,168.8699951171875,135.4165802001953,103620100,0.0,0.0,0.0
2013-07-19,168.52000427246094,169.22999572753906,168.30999755859375,169.1699981689453,135.65711975097656,103831700,0.0,0.0,0.0
2013-07-22,169.41000366210938,169.74000549316406,169.00999450683594,169.5,135.92176818847656,79428600,0.0,0.0,0.0
2013-07-23,169.8000030517578,169.8300018310547,169.0500030517578,169.13999938964844,135.63308715820312,80829700,0.0,0.0,0.0
2013-07-24,169.7899932861328,169.86000061035156,168.17999267578125,168.52000427246094,135.13592529296875,112914000,0.0,0.0,0.0
2013-07-25,168.22000122070312,169.0800018310547,167.94000244140625,168.92999267578125,135.46469116210938,111088600,0.0,0.0,0.0
2013-07-26,168.22000122070312,169.16000366210938,167.52000427246094,169.11000061035156,135.60897827148438,107814600,0.0,0.0,0.0
2013-07-29,168.67999267578125,169.05999755859375,168.11000061035156,168.58999633789062,135.19204711914062,79695000,0.0,0.0,0.0
2013-07-30,169.10000610351562,169.27999877929688,168.19000244140625,168.58999633789062,135.19204711914062,85209600,0.0,0.0,0.0
2013-07-31,168.94000244140625,169.85000610351562,168.49000549316406,168.7100067138672,135.28823852539062,142388700,0.0,0.0,0.0
2013-08-01,169.99000549316406,170.80999755859375,169.89999389648438,170.66000366210938,136.8520050048828,110438400,0.0,0.0,0.0
2013-08-02,170.27999877929688,170.97000122070312,170.0500030517578,170.9499969482422,137.0845184326172,91116700,0.0,0.0,0.0
2013-08-05,170.57000732421875,170.9600067138672,170.35000610351562,170.6999969482422,136.8840789794922,54072700,0.0,0.0,0.0
2013-08-06,170.3699951171875,170.74000549316406,169.35000610351562,169.72999572753906,136.1062469482422,87495000,0.0,0.0,0.0
2013-08-07,169.19000244140625,169.42999267578125,168.5500030517578,169.17999267578125,135.66517639160156,84854700,0.0,0.0,0.0
2013-08-08,169.97999572753906,170.17999267578125,168.92999267578125,169.8000030517578,136.16233825683594,102181300,0.0,0.0,0.0
2013-08-09,169.5800018310547,170.10000610351562,168.72000122070312,169.30999755859375,135.7693634033203,91757700,0.0,0.0,0.0
2013-08-12,168.4600067138672,169.30999755859375,168.3800048828125,169.11000061035156,135.60897827148438,68593300,0.0,0.0,0.0
2013-08-13,169.41000366210938,169.89999389648438,168.41000366210938,169.61000061035156,136.010009765625,80806000,0.0,0.0,0.0
2013-08-14,169.52999877929688,169.8000030517578,168.6999969482422,168.74000549316406,135.3123321533203,79829200,0.0,0.0,0.0
2013-08-15,167.41000366210938,167.42999267578125,166.08999633789062,166.3800048828125,133.4198455810547,152931800,0.0,0.0,0.0
2013-08-16,166.05999755859375,166.6300048828125,165.5,165.8300018310547,132.9788360595703,130868200,0.0,0.0,0.0
2013-08-19,165.63999938964844,166.2100067138672,164.75999450683594,164.77000427246094,132.12879943847656,96437600,0.0,0.0,0.0
2013-08-20,165.0399932861328,166.1999969482422,164.86000061035156,165.5800018310547,132.77833557128906,89294400,0.0,0.0,0.0
2013-08-21,165.1199951171875,166.02999877929688,164.19000244140625,164.55999755859375,131.96038818359375,159530500,0.0,0.0,0.0
2013-08-22,164.89999389648438,166.3000030517578,164.88999938964844,166.05999755859375,133.16319274902344,101471400,0.0,0.0,0.0
2013-08-23,166.5500030517578,166.8300018310547,165.77000427246094,166.6199951171875,133.6122283935547,90888900,0.0,0.0,0.0
2013-08-26,166.7899932861328,167.3000030517578,165.88999938964844,166.0,133.11514282226562,89702100,0.0,0.0,0.0
2013-08-27,164.36000061035156,166.0,163.2100067138672,163.3300018310547,130.97409057617188,158619400,0.0,0.0,0.0
2013-08-28,163.25999450683594,164.49000549316406,163.0500030517578,163.91000366210938,131.43914794921875,108113000,0.0,0.0,0.0
2013-08-29,163.5500030517578,165.0399932861328,163.39999389648438,164.1699981689453,131.647705078125,119200500,0.0,0.0,0.0
2013-08-30,164.50999450683594,164.52999877929688,163.1699981689453,163.64999389648438,131.2306671142578,134928900,0.0,0.0,0.0
2013-09-03,165.22999572753906,165.5800018310547,163.6999969482422,164.38999938964844,131.82403564453125,142375100,0.0,0.0,0.0
2013-09-04,164.42999267578125,166.02999877929688,164.1300048828125,165.75,132.91464233398438,97389400,0.0,0.0,0.0
2013-09-05,165.85000610351562,166.39999389648438,165.72999572753906,165.9600067138672,133.08306884765625,63090500,0.0,0.0,0.0
2013-09-06,166.50999450683594,166.97999572753906,164.47999572753906,166.0399932861328,133.14720153808594,159756500,0.0,0.0,0.0
2013-09-09,166.4499969482422,167.72999572753906,166.4499969482422,167.6300048828125,134.42222595214844,87559300,0.0,0.0,0.0
2013-09-10,168.63999938964844,168.89999389648438,168.25999450683594,168.8699951171875,135.4165802001953,105847200,0.0,0.0,0.0
2013-09-11,168.63999938964844,169.39999389648438,168.35000610351562,169.39999389648438,135.84156799316406,94545900,0.0,0.0,0.0
2013-09-12,169.33999633789062,169.55999755859375,168.72000122070312,168.9499969482422,135.48077392578125,83209000,0.0,0.0,0.0
2013-09-13,169.1300048828125,169.4600067138672,168.74000549316406,169.3300018310547,135.7855224609375,72727800,0.0,0.0,0.0
2013-09-16,171.16000366210938,171.24000549316406,170.0399932861328,170.30999755859375,136.57130432128906,106299200,0.0,0.0,0.0
2013-09-17,170.4600067138672,171.11000061035156,170.4600067138672,171.07000732421875,137.18077087402344,82523300,0.0,0.0,0.0
2013-09-18,171.00999450683594,173.52000427246094,170.5800018310547,173.0500030517578,138.76852416992188,203460600,0.0,0.0,0.0
2013-09-19,173.52000427246094,173.60000610351562,172.58999633789062,172.75999450683594,138.53599548339844,146616900,0.0,0.0,0.0
2013-09-20,172.3300018310547,172.3300018310547,170.5800018310547,170.72000122070312,137.56739807128906,132867100,0.838,0.0,0.0
2013-09-23,170.49000549316406,170.64999389648438,169.38999938964844,169.92999267578125,136.9307403564453,104616500,0.0,0.0,0.0
2013-09-24,169.89999389648438,170.52999877929688,169.2100067138672,169.52999877929688,136.6085205078125,106333100,0.0,0.0,0.0
2013-09-25,169.63999938964844,169.97999572753906,168.88999938964844,169.0399932861328,136.2135772705078,117306500,0.0,0.0,0.0
2013-09-26,169.32000732421875,170.1699981689453,169.0500030517578,169.69000244140625,136.73739624023438,77146900,0.0,0.0,0.0
2013-09-27,168.83999633789062,169.13999938964844,168.47000122070312,168.91000366210938,136.10887145996094,99141800,0.0,0.0,0.0
2013-09-30,167.47999572753906,168.5399932861328,167.14999389648438,168.00999450683594,135.38365173339844,143937000,0.0,0.0,0.0
2013-10-01,168.13999938964844,169.5,167.97000122070312,169.33999633789062,136.4553985595703,127160000,0.0,0.0,0.0
2013-10-02,168.35000610351562,169.33999633789062,167.8300018310547,169.17999267578125,136.32643127441406,113350000,0.0,0.0,0.0
2013-10-03,168.7899932861328,168.94000244140625,166.83999633789062,167.6199951171875,135.06939697265625,176698000,0.0,0.0,0.0
2013-10-04,167.75,169.05999755859375,167.52999877929688,168.88999938964844,136.09278869628906,96878000,0.0,0.0,0.0
2013-10-07,167.4199981689453,168.4499969482422,167.25,167.42999267578125,134.91629028320312,96295000,0.0,0.0,0.0
2013-10-08,167.39999389648438,167.6199951171875,165.36000061035156,165.47999572753906,133.34490966796875,178015000,0.0,0.0,0.0
2013-10-09,165.8000030517578,166.1999969482422,164.52999877929688,165.60000610351562,133.44168090820312,168973000,0.0,0.0,0.0
2013-10-10,167.2899932861328,169.25999450683594,167.22999572753906,169.1699981689453,136.318359375,195955000,0.0,0.0,0.0
2013-10-11,168.91000366210938,170.32000732421875,168.77000427246094,170.25999450683594,137.19671630859375,105040000,0.0,0.0,0.0
2013-10-14,169.2100067138672,171.0800018310547,169.0800018310547,170.94000244140625,137.74465942382812,112106000,0.0,0.0,0.0
2013-10-15,170.50999450683594,171.14999389648438,169.47000122070312,169.6999969482422,136.74546813964844,155485000,0.0,0.0,0.0
2013-10-16,170.72000122070312,172.16000366210938,170.63999938964844,172.07000732421875,138.65528869628906,161676000,0.0,0.0,0.0
2013-10-17,171.3699951171875,173.32000732421875,171.33999633789062,173.22000122070312,139.58192443847656,129389000,0.0,0.0,0.0
2013-10-18,173.86000061035156,174.50999450683594,173.50999450683594,174.38999938964844,140.5247039794922,138316000,0.0,0.0,0.0
2013-10-21,174.4499969482422,174.75,174.00999450683594,174.39999389648438,140.53277587890625,104104000,0.0,0.0,0.0
2013-10-22,174.91000366210938,175.92999267578125,174.42999267578125,175.41000366210938,141.34666442871094,126663000,0.0,0.0,0.0
2013-10-23,174.80999755859375,174.88999938964844,173.9600067138672,174.57000732421875,140.66973876953125,105484000,0.0,0.0,0.0
2013-10-24,174.9199981689453,175.3699951171875,174.50999450683594,175.14999389648438,141.13714599609375,70350000,0.0,0.0,0.0
2013-10-25,175.50999450683594,176.0,175.1699981689453,175.9499969482422,141.78170776367188,93625000,0.0,0.0,0.0
2013-10-28,175.88999938964844,176.47000122070312,175.6999969482422,176.22999572753906,142.0073699951172,84979000,0.0,0.0,0.0
2013-10-29,176.6300048828125,177.24000549316406,176.3800048828125,177.1699981689453,142.7648468017578,87401000,0.0,0.0,0.0
2013-10-30,177.3800048828125,177.50999450683594,175.66000366210938,176.2899932861328,142.05572509765625,140002000,0.0,0.0,0.0
2013-10-31,176.14999389648438,176.88999938964844,175.52999877929688,175.7899932861328,141.65283203125,133795000,0.0,0.0,0.0
2013-11-01,176.02000427246094,176.61000061035156,175.22000122070312,176.2100067138672,141.99124145507812,142805000,0.0,0.0,0.0
2013-11-04,176.69000244140625,176.89999389648438,175.97999572753906,176.8300018310547,142.49085998535156,85677000,0.0,0.0,0.0
2013-11-05,176.13999938964844,176.75,175.57000732421875,176.27000427246094,142.03964233398438,85825000,0.0,0.0,0.0
2013-11-06,177.02999877929688,177.5,176.5399932861328,177.1699981689453,142.7648468017578,87348000,0.0,0.0,0.0
2013-11-07,177.5,177.63999938964844,174.75999450683594,174.92999267578125,140.95986938476562,157000000,0.0,0.0,0.0
2013-11-08,174.8699951171875,177.30999755859375,174.85000610351562,177.2899932861328,142.86158752441406,136713000,0.0,0.0,0.0
2013-11-11,177.1199951171875,177.52999877929688,176.91000366210938,177.32000732421875,142.88571166992188,62614000,0.0,0.0,0.0
2013-11-12,176.94000244140625,177.36000061035156,176.3699951171875,176.9600067138672,142.59564208984375,83990000,0.0,0.0,0.0
2013-11-13,176.08999633789062,178.42999267578125,176.08999633789062,178.3800048828125,143.7398681640625,103844000,0.0,0.0,0.0
2013-11-14,178.5399932861328,179.4199981689453,178.25,179.27000427246094,144.45703125,103435000,0.0,0.0,0.0
2013-11-15,179.55999755859375,180.1199951171875,179.3300018310547,180.0500030517578,145.0855712890625,102818000,0.0,0.0,0.0
2013-11-18,180.35000610351562,180.5,179.02000427246094,179.4199981689453,144.57791137695312,104796000,0.0,0.0,0.0
2013-11-19,179.3300018310547,179.8699951171875,178.72000122070312,179.02999877929688,144.26365661621094,93891000,0.0,0.0,0.0
2013-11-20,179.38999938964844,179.92999267578125,177.97999572753906,178.47000122070312,143.81240844726562,124909000,0.0,0.0,0.0
2013-11-21,178.97000122070312,180.0500030517578,178.86000061035156,179.91000366210938,144.97274780273438,92841000,0.0,0.0,0.0
2013-11-22,179.97999572753906,180.8300018310547,179.77000427246094,180.80999755859375,145.69801330566406,81296000,0.0,0.0,0.0
2013-11-25,181.1300048828125,181.1699981689453,180.3699951171875,180.6300048828125,145.55294799804688,79486000,0.0,0.0,0.0
2013-11-26,180.72000122070312,181.22000122070312,180.41000366210938,180.67999267578125,145.59327697753906,86994000,0.0,0.0,0.0
2013-11-27,180.8699951171875,181.24000549316406,180.64999389648438,181.1199951171875,145.94775390625,58800000,0.0,0.0,0.0
2013-11-29,181.32000732421875,181.75,180.8000030517578,181.0,145.85108947753906,55870900,0.0,0.0,0.0
2013-12-02,181.08999633789062,181.42999267578125,180.25,180.52999877929688,145.47238159179688,99726000,0.0,0.0,0.0
2013-12-03,179.94000244140625,180.38999938964844,179.1699981689453,179.75,144.84385681152344,116563000,0.0,0.0,0.0
2013-12-04,179.10000610351562,180.47999572753906,178.35000610351562,179.72999572753906,144.8277130126953,123033000,0.0,0.0,0.0
2013-12-05,179.41000366210938,179.74000549316406,178.77000427246094,178.94000244140625,144.19113159179688,106934000,0.0,0.0,0.0
2013-12-06,180.6699981689453,181.11000061035156,180.14999389648438,180.94000244140625,145.802734375,127728000,0.0,0.0,0.0
2013-12-09,181.47000122070312,181.6699981689453,181.16000366210938,181.39999389648438,146.17337036132812,70124000,0.0,0.0,0.0
2013-12-10,180.97999572753906,181.36000061035156,180.63999938964844,180.75,145.6496124267578,80976000,0.0,0.0,0.0
2013-12-11,180.82000732421875,180.85000610351562,178.5,178.72000122070312,144.01382446289062,130591000,0.0,0.0,0.0
2013-12-12,178.63999938964844,178.86000061035156,177.75999450683594,178.1300048828125,143.5384063720703,115565000,0.0,0.0,0.0
2013-12-13,178.5,178.66000366210938,177.77000427246094,178.11000061035156,143.522216796875,107808000,0.0,0.0,0.0
2013-12-16,178.9499969482422,179.80999755859375,178.89999389648438,179.22000122070312,144.41677856445312,96195000,0.0,0.0,0.0
2013-12-17,179.3800048828125,179.41000366210938,178.25,178.64999389648438,143.9574432373047,89886000,0.0,0.0,0.0
2013-12-18,178.9199981689453,181.72999572753906,177.32000732421875,181.6999969482422,146.41513061523438,234906000,0.0,0.0,0.0
2013-12-19,181.17999267578125,181.6999969482422,180.7100067138672,181.49000549316406,146.24594116210938,136531200,0.0,0.0,0.0
2013-12-20,180.69000244140625,181.99000549316406,180.57000732421875,181.55999755859375,147.09661865234375,197087000,0.98,0.0,0.0
2013-12-23,182.4499969482422,182.63999938964844,182.07000732421875,182.52999877929688,147.88250732421875,85598000,0.0,0.0,0.0
2013-12-24,182.5399932861328,183.00999450683594,182.52999877929688,182.92999267578125,148.20663452148438,45368800,0.0,0.0,0.0
2013-12-26,183.33999633789062,183.9600067138672,183.32000732421875,183.86000061035156,148.96009826660156,63365000,0.0,0.0,0.0
2013-12-27,184.10000610351562,184.17999267578125,183.66000366210938,183.85000610351562,148.95193481445312,61814000,0.0,0.0,0.0
2013-12-30,183.8699951171875,184.02000427246094,183.5800018310547,183.82000732421875,148.92764282226562,56857000,0.0,0.0,0.0
2013-12-31,184.07000732421875,184.69000244140625,183.92999267578125,184.69000244140625,149.6325225830078,86119900,0.0,0.0,0.0
2014-01-02,183.97999572753906,184.07000732421875,182.47999572753906,182.9199981689453,148.198486328125,119636900,0.0,0.0,0.0
2014-01-03,183.22999572753906,183.60000610351562,182.6300048828125,182.88999938964844,148.1741180419922,81390600,0.0,0.0,0.0
2014-01-06,183.49000549316406,183.55999755859375,182.0800018310547,182.36000061035156,147.74476623535156,108028200,0.0,0.0,0.0
2014-01-07,183.08999633789062,183.7899932861328,182.9499969482422,183.47999572753906,148.65219116210938,86144200,0.0,0.0,0.0
2014-01-08,183.4499969482422,183.8300018310547,182.88999938964844,183.52000427246094,148.68455505371094,96582300,0.0,0.0,0.0
2014-01-09,184.11000061035156,184.1300048828125,182.8000030517578,183.63999938964844,148.7817840576172,90683400,0.0,0.0,0.0
2014-01-10,183.9499969482422,184.22000122070312,183.00999450683594,184.13999938964844,149.18690490722656,102026400,0.0,0.0,0.0
2014-01-13,183.6699981689453,184.17999267578125,181.33999633789062,181.69000244140625,147.20193481445312,149892000,0.0,0.0,0.0
2014-01-14,182.2899932861328,183.77000427246094,181.9499969482422,183.6699981689453,148.8061065673828,105016100,0.0,0.0,0.0
2014-01-15,184.10000610351562,184.94000244140625,183.7100067138672,184.66000366210938,149.60826110839844,98525800,0.0,0.0,0.0
2014-01-16,184.27999877929688,184.66000366210938,183.8300018310547,184.4199981689453,149.41378784179688,72290600,0.0,0.0,0.0
2014-01-17,184.10000610351562,184.4499969482422,183.32000732421875,183.63999938964844,148.7817840576172,107848700,0.0,0.0,0.0
2014-01-21,184.6999969482422,184.77000427246094,183.0500030517578,184.17999267578125,149.2193145751953,88621200,0.0,0.0,0.0
2014-01-22,184.49000549316406,184.57000732421875,183.91000366210938,184.3000030517578,149.31655883789062,61270900,0.0,0.0,0.0
2014-01-23,183.3699951171875,183.39999389648438,181.82000732421875,182.7899932861328,148.09310913085938,132496900,0.0,0.0,0.0
2014-01-24,181.60000610351562,181.66000366210938,178.8300018310547,178.88999938964844,144.9334259033203,208677100,0.0,0.0,0.0
2014-01-27,179.05999755859375,179.52000427246094,177.1199951171875,178.00999450683594,144.2205047607422,180843100,0.0,0.0,0.0
2014-01-28,178.13999938964844,179.3000030517578,178.1199951171875,179.07000732421875,145.07931518554688,110463200,0.0,0.0,0.0
2014-01-29,177.5800018310547,178.5500030517578,176.8800048828125,177.35000610351562,143.68580627441406,216597300,0.0,0.0,0.0
2014-01-30,178.8300018310547,179.80999755859375,178.25999450683594,179.22999572753906,145.20887756347656,118938100,0.0,0.0,0.0
2014-01-31,177.00999450683594,179.2899932861328,176.9199981689453,178.17999267578125,144.35818481445312,194677900,0.0,0.0,0.0
2014-02-03,177.97000122070312,178.3699951171875,173.8300018310547,174.1699981689453,141.10939025878906,254837100,0.0,0.0,0.0
2014-02-04,174.9499969482422,175.83999633789062,174.11000061035156,175.38999938964844,142.09779357910156,165012400,0.0,0.0,0.0
2014-02-05,174.77999877929688,175.55999755859375,173.7100067138672,175.1699981689453,141.9195556640625,164230500,0.0,0.0,0.0
2014-02-06,175.5800018310547,177.47999572753906,175.22000122070312,177.47999572753906,143.7910919189453,132877600,0.0,0.0,0.0
2014-02-07,178.30999755859375,179.8699951171875,177.72999572753906,179.67999267578125,145.5734405517578,170787200,0.0,0.0,0.0
2014-02-10,179.6999969482422,180.07000732421875,179.2100067138672,180.00999450683594,145.84083557128906,92218800,0.0,0.0,0.0
2014-02-11,180.16000366210938,182.44000244140625,180.0399932861328,181.97999572753906,147.43692016601562,117814100,0.0,0.0,0.0
2014-02-12,182.25,182.8300018310547,181.7100067138672,182.07000732421875,147.5098114013672,94717700,0.0,0.0,0.0
2014-02-13,180.83999633789062,183.1999969482422,180.8300018310547,183.00999450683594,148.27134704589844,100542200,0.0,0.0,0.0
2014-02-14,182.83999633789062,184.36000061035156,182.6699981689453,184.02000427246094,149.0896453857422,96498400,0.0,0.0,0.0
2014-02-18,184.17999267578125,184.49000549316406,183.64999389648438,184.24000549316406,149.2679443359375,80460900,0.0,0.0,0.0
2014-02-19,183.75999450683594,184.9499969482422,182.8699951171875,183.02000427246094,148.2794952392578,126524300,0.0,0.0,0.0
2014-02-20,183.27000427246094,184.52000427246094,182.60000610351562,184.10000610351562,149.15443420410156,104998100,0.0,0.0,0.0
2014-02-21,184.4499969482422,184.88999938964844,183.8000030517578,183.88999938964844,148.98439025878906,118116400,0.0,0.0,0.0
2014-02-24,184.27999877929688,186.14999389648438,184.1999969482422,184.91000366210938,149.81072998046875,114063900,0.0,0.0,0.0
2014-02-25,185.05999755859375,185.58999633789062,184.22999572753906,184.83999633789062,149.75396728515625,117085000,0.0,0.0,0.0
2014-02-26,185.11000061035156,185.60000610351562,184.3300018310547,184.85000610351562,149.7621612548828,98677200,0.0,0.0,0.0
2014-02-27,184.5800018310547,185.8699951171875,184.3699951171875,185.82000732421875,150.54800415039062,93880800,0.0,0.0,0.0
2014-02-28,185.7899932861328,187.14999389648438,185.0500030517578,186.2899932861328,150.92877197265625,150842000,0.0,0.0,0.0
2014-03-03,184.64999389648438,185.4499969482422,183.75,184.97999572753906,149.86741638183594,167748500,0.0,0.0,0.0
2014-03-04,186.7899932861328,187.97999572753906,186.75,187.5800018310547,151.97393798828125,167545900,0.0,0.0,0.0
2014-03-05,187.74000549316406,188.07000732421875,187.4499969482422,187.75,152.11163330078125,88376900,0.0,0.0,0.0
2014-03-06,188.2100067138672,188.61000061035156,187.77999877929688,188.17999267578125,152.46002197265625,82516500,0.0,0.0,0.0
2014-03-07,188.9600067138672,188.9600067138672,187.42999267578125,188.25999450683594,152.52481079101562,114513500,0.0,0.0,0.0
2014-03-10,187.97000122070312,188.22999572753906,187.0800018310547,188.16000366210938,152.44387817382812,74939200,0.0,0.0,0.0
2014-03-11,188.44000244140625,188.7100067138672,186.8000030517578,187.22999572753906,151.69032287597656,99009100,0.0,0.0,0.0
2014-03-12,186.32000732421875,187.35000610351562,185.89999389648438,187.27999877929688,151.73085021972656,104824400,0.0,0.0,0.0
2014-03-13,187.83999633789062,187.99000549316406,184.66000366210938,185.17999267578125,150.0294647216797,155014300,0.0,0.0,0.0
2014-03-14,184.85000610351562,185.8000030517578,184.44000244140625,184.66000366210938,149.60826110839844,153919600,0.0,0.0,0.0
2014-03-17,185.58999633789062,186.77000427246094,185.50999450683594,186.3300018310547,150.96119689941406,98359500,0.0,0.0,0.0
2014-03-18,186.7100067138672,187.91000366210938,186.50999450683594,187.66000366210938,152.03875732421875,101804600,0.0,0.0,0.0
2014-03-19,187.67999267578125,187.94000244140625,185.47000122070312,186.66000366210938,151.2285614013672,176267300,0.0,0.0,0.0
2014-03-20,186.25,187.88999938964844,185.9199981689453,187.75,152.11163330078125,117241000,0.0,0.0,0.0
2014-03-21,187.7100067138672,189.02000427246094,186.02999877929688,186.1999969482422,151.52166748046875,163128000,0.825,0.0,0.0
2014-03-24,186.83999633789062,187.07000732421875,184.6199951171875,185.42999267578125,150.89505004882812,121411000,0.0,0.0,0.0
2014-03-25,186.3699951171875,186.94000244140625,185.27000427246094,186.30999755859375,151.6111602783203,103852000,0.0,0.0,0.0
2014-03-26,187.0399932861328,187.33999633789062,184.9199981689453,184.97000122070312,150.52076721191406,119843000,0.0,0.0,0.0
2014-03-27,184.75,185.33999633789062,183.89999389648438,184.5800018310547,150.2034149169922,142383000,0.0,0.0,0.0
2014-03-28,185.11000061035156,186.4199981689453,185.0,185.49000549316406,150.9438934326172,101642000,0.0,0.0,0.0
2014-03-31,186.6699981689453,187.3000030517578,185.52000427246094,187.00999450683594,152.18084716796875,99745000,0.0,0.0,0.0
2014-04-01,187.6199951171875,188.36000061035156,187.0,188.25,153.18991088867188,89193000,0.0,0.0,0.0
2014-04-02,188.49000549316406,189.1300048828125,188.13999938964844,188.8800048828125,153.7025604248047,78774000,0.0,0.0,0.0
2014-04-03,189.1699981689453,189.22000122070312,188.0500030517578,188.6300048828125,153.4990997314453,77435000,0.0,0.0,0.0
2014-04-04,189.66000366210938,189.6999969482422,186.10000610351562,186.39999389648438,151.6844940185547,169381000,0.0,0.0,0.0
2014-04-07,185.9499969482422,186.25999450683594,183.9600067138672,184.33999633789062,150.00808715820312,140803000,0.0,0.0,0.0
2014-04-08,184.25999450683594,185.39999389648438,183.58999633789062,185.10000610351562,150.62657165527344,112660000,0.0,0.0,0.0
2014-04-09,185.60000610351562,187.14999389648438,185.05999755859375,187.08999633789062,152.2459259033203,100254000,0.0,0.0,0.0
2014-04-10,187.0800018310547,187.1699981689453,182.92999267578125,183.16000366210938,149.0478515625,172959000,0.0,0.0,0.0
2014-04-11,182.13999938964844,183.4199981689453,181.30999755859375,181.50999450683594,147.70521545410156,167251000,0.0,0.0,0.0
2014-04-14,182.92999267578125,183.3699951171875,181.44000244140625,182.94000244140625,148.86886596679688,132382000,0.0,0.0,0.0
2014-04-15,183.32000732421875,184.3300018310547,181.50999450683594,184.1999969482422,149.89418029785156,157093000,0.0,0.0,0.0
2014-04-16,185.47000122070312,186.13999938964844,184.64999389648438,186.1300048828125,151.4646759033203,105197000,0.0,0.0,0.0
2014-04-17,185.8800048828125,186.91000366210938,185.55999755859375,186.38999938964844,151.67626953125,105255000,0.0,0.0,0.0
2014-04-21,186.44000244140625,187.10000610351562,186.2100067138672,187.0399932861328,152.2052001953125,68329000,0.0,0.0,0.0
2014-04-22,187.22999572753906,188.39999389648438,187.1300048828125,187.88999938964844,152.89695739746094,85790000,0.0,0.0,0.0
2014-04-23,187.82000732421875,187.9199981689453,187.3000030517578,187.4499969482422,152.5388641357422,73869000,0.0,0.0,0.0
2014-04-24,188.3699951171875,188.38999938964844,186.92999267578125,187.8300018310547,152.84812927246094,88170000,0.0,0.0,0.0
2014-04-25,187.22000122070312,187.3300018310547,185.8699951171875,186.2899932861328,151.59486389160156,100380000,0.0,0.0,0.0
2014-04-28,187.0500030517578,187.69000244140625,184.9600067138672,186.8800048828125,152.07510375976562,135121000,0.0,0.0,0.0
2014-04-29,187.47999572753906,188.0399932861328,187.0800018310547,187.75,152.78297424316406,84098000,0.0,0.0,0.0
2014-04-30,187.44000244140625,188.5,187.17999267578125,188.30999755859375,153.2387237548828,101508000,0.0,0.0,0.0
2014-05-01,188.22000122070312,188.83999633789062,187.72999572753906,188.3300018310547,153.25494384765625,93019000,0.0,0.0,0.0
2014-05-02,188.30999755859375,189.13999938964844,187.77999877929688,188.05999755859375,153.03524780273438,98122000,0.0,0.0,0.0
2014-05-05,187.13999938964844,188.5500030517578,186.6199951171875,188.4199981689453,153.32823181152344,75883000,0.0,0.0,0.0
2014-05-06,188.0,188.1300048828125,186.74000549316406,186.77999877929688,151.99363708496094,85454000,0.0,0.0,0.0
2014-05-07,187.41000366210938,187.97000122070312,186.00999450683594,187.8800048828125,152.88876342773438,106500000,0.0,0.0,0.0
2014-05-08,187.7100067138672,189.0500030517578,187.0800018310547,187.67999267578125,152.72604370117188,93618000,0.0,0.0,0.0
2014-05-09,187.7100067138672,188.0399932861328,186.8300018310547,187.9600067138672,152.95391845703125,83679000,0.0,0.0,0.0
2014-05-12,188.8000030517578,189.8800048828125,188.0,189.7899932861328,154.44305419921875,86940000,0.0,0.0,0.0
2014-05-13,190.0399932861328,190.4199981689453,189.77000427246094,189.9600067138672,154.58143615722656,66454000,0.0,0.0,0.0
2014-05-14,189.7899932861328,189.8800048828125,188.7899932861328,189.05999755859375,153.84902954101562,72367000,0.0,0.0,0.0
2014-05-15,188.67999267578125,188.72000122070312,186.47999572753906,187.39999389648438,152.4981689453125,154956000,0.0,0.0,0.0
2014-05-16,187.50999450683594,188.1300048828125,186.72000122070312,188.0500030517578,153.02711486816406,97458000,0.0,0.0,0.0
2014-05-19,187.69000244140625,188.88999938964844,187.52000427246094,188.74000549316406,153.588623046875,63839000,0.0,0.0,0.0
2014-05-20,188.64999389648438,188.6699981689453,187.07000732421875,187.5500030517578,152.6202850341797,111644000,0.0,0.0,0.0
2014-05-21,188.08999633789062,189.22000122070312,188.05999755859375,189.1300048828125,153.90606689453125,89093000,0.0,0.0,0.0
2014-05-22,189.17999267578125,189.97999572753906,188.86000061035156,189.58999633789062,154.28028869628906,61549000,0.0,0.0,0.0
2014-05-23,189.75999450683594,190.47999572753906,189.58999633789062,190.35000610351562,154.8987579345703,61092800,0.0,0.0,0.0
2014-05-27,191.05999755859375,191.5800018310547,190.9499969482422,191.52000427246094,155.85089111328125,72010000,0.0,0.0,0.0
2014-05-28,191.52000427246094,191.82000732421875,191.05999755859375,191.3800048828125,155.73690795898438,66723000,0.0,0.0,0.0
2014-05-29,191.82000732421875,192.39999389648438,191.3300018310547,192.3699951171875,156.54257202148438,64377000,0.0,0.0,0.0
2014-05-30,192.19000244140625,192.8000030517578,192.02999877929688,192.67999267578125,156.79481506347656,76316000,0.0,0.0,0.0
2014-06-02,192.9499969482422,192.99000549316406,191.97000122070312,192.89999389648438,156.97384643554688,64656000,0.0,0.0,0.0
2014-06-03,192.42999267578125,192.89999389648438,192.25,192.8000030517578,156.89244079589844,65047000,0.0,0.0,0.0
2014-06-04,192.47000122070312,193.3000030517578,192.27000427246094,193.19000244140625,157.20985412597656,55529000,0.0,0.0,0.0
2014-06-05,193.41000366210938,194.64999389648438,192.6999969482422,194.4499969482422,158.23516845703125,92103000,0.0,0.0,0.0
2014-06-06,194.8699951171875,195.42999267578125,194.77999877929688,195.3800048828125,158.99195861816406,78696000,0.0,0.0,0.0
2014-06-09,195.35000610351562,196.0500030517578,195.1699981689453,195.5800018310547,159.1547088623047,65119000,0.0,0.0,0.0
2014-06-10,195.33999633789062,195.63999938964844,194.9199981689453,195.60000610351562,159.1709747314453,57129000,0.0,0.0,0.0
2014-06-11,194.89999389648438,195.1199951171875,194.47999572753906,194.9199981689453,158.61761474609375,68772000,0.0,0.0,0.0
2014-06-12,194.69000244140625,194.8000030517578,193.11000061035156,193.5399932861328,157.49465942382812,106350000,0.0,0.0,0.0
2014-06-13,193.9199981689453,194.32000732421875,193.3000030517578,194.1300048828125,157.9748077392578,82017000,0.0,0.0,0.0
2014-06-16,193.88999938964844,194.6999969482422,193.66000366210938,194.2899932861328,158.10499572753906,87424000,0.0,0.0,0.0
2014-06-17,194.02000427246094,194.97000122070312,193.80999755859375,194.8300018310547,158.5443878173828,84834000,0.0,0.0,0.0
2014-06-18,194.8300018310547,196.3699951171875,194.39999389648438,196.25999450683594,159.7080841064453,105267000,0.0,0.0,0.0
2014-06-19,196.42999267578125,196.60000610351562,195.8000030517578,196.47999572753906,159.88711547851562,85929000,0.0,0.0,0.0
2014-06-20,196.02999877929688,196.10000610351562,195.6999969482422,195.94000244140625,160.21176147460938,100587000,0.937,0.0,0.0
2014-06-23,195.99000549316406,196.0500030517578,195.52000427246094,195.8800048828125,160.16261291503906,70611000,0.0,0.0,0.0
2014-06-24,195.52999877929688,196.5,194.47999572753906,194.6999969482422,159.19784545898438,96237000,0.0,0.0,0.0
2014-06-25,194.2899932861328,195.77999877929688,194.25,195.5800018310547,159.91734313964844,82782000,0.0,0.0,0.0
2014-06-26,195.61000061035156,195.6300048828125,194.1300048828125,195.44000244140625,159.80287170410156,84312000,0.0,0.0,0.0
2014-06-27,194.97999572753906,195.8800048828125,194.88999938964844,195.82000732421875,160.11358642578125,71445100,0.0,0.0,0.0
2014-06-30,195.6999969482422,196.1699981689453,195.52999877929688,195.72000122070312,160.03184509277344,70201200,0.0,0.0,0.0
2014-07-01,196.1999969482422,197.6300048828125,196.1300048828125,197.02999877929688,161.1029815673828,90470000,0.0,0.0,0.0
2014-07-02,197.0500030517578,197.47999572753906,196.9600067138672,197.22999572753906,161.26649475097656,52475000,0.0,0.0,0.0
2014-07-03,197.7899932861328,198.2899932861328,197.63999938964844,198.1999969482422,162.0595703125,52938800,0.0,0.0,0.0
2014-07-07,197.82000732421875,197.97999572753906,197.22000122070312,197.50999450683594,161.4954376220703,61696000,0.0,0.0,0.0
2014-07-08,197.14999389648438,197.22000122070312,195.75999450683594,196.24000549316406,160.4569549560547,108143000,0.0,0.0,0.0
2014-07-09,196.72999572753906,197.3000030517578,196.30999755859375,197.1199951171875,161.17657470703125,72992000,0.0,0.0,0.0
2014-07-10,195.22000122070312,196.86000061035156,195.05999755859375,196.33999633789062,160.5387725830078,99040000,0.0,0.0,0.0
2014-07-11,196.22000122070312,196.75,195.77999877929688,196.61000061035156,160.75958251953125,64243000,0.0,0.0,0.0
2014-07-14,197.61000061035156,197.86000061035156,197.44000244140625,197.60000610351562,161.56903076171875,58658000,0.0,0.0,0.0
2014-07-15,197.72000122070312,198.10000610351562,196.36000061035156,197.22999572753906,161.26649475097656,111307000,0.0,0.0,0.0
2014-07-16,198.11000061035156,198.25999450683594,197.4199981689453,197.9600067138672,161.8633575439453,79986400,0.0,0.0,0.0
2014-07-17,197.35000610351562,198.10000610351562,195.42999267578125,195.7100067138672,160.023681640625,145398000,0.0,0.0,0.0
2014-07-18,196.35000610351562,197.91000366210938,196.24000549316406,197.7100067138672,161.65902709960938,124330000,0.0,0.0,0.0
2014-07-21,197.08999633789062,197.5,196.42999267578125,197.33999633789062,161.35641479492188,67592000,0.0,0.0,0.0
2014-07-22,198.00999450683594,198.55999755859375,197.8699951171875,198.1999969482422,162.0595703125,67678000,0.0,0.0,0.0
2014-07-23,198.5,198.85000610351562,198.10000610351562,198.63999938964844,162.41943359375,65612000,0.0,0.0,0.0
2014-07-24,198.8300018310547,199.05999755859375,198.4499969482422,198.64999389648438,162.4275665283203,56888000,0.0,0.0,0.0
2014-07-25,198.08999633789062,198.25999450683594,197.3300018310547,197.72000122070312,161.6671600341797,76837000,0.0,0.0,0.0
2014-07-28,197.75999450683594,198.08999633789062,196.6199951171875,197.8000030517578,161.73255920410156,69259000,0.0,0.0,0.0
2014-07-29,198.1699981689453,198.4499969482422,196.9199981689453,196.9499969482422,161.03749084472656,80466000,0.0,0.0,0.0
2014-07-30,197.64999389648438,197.91000366210938,196.16000366210938,196.97999572753906,161.0620880126953,104222000,0.0,0.0,0.0
2014-07-31,195.61000061035156,195.77999877929688,192.97000122070312,193.08999633789062,157.88136291503906,183479000,0.0,0.0,0.0
2014-08-01,192.55999755859375,193.75999450683594,191.57000732421875,192.5,157.39895629882812,189261000,0.0,0.0,0.0
2014-08-04,192.8699951171875,194.3000030517578,192.0500030517578,193.88999938964844,158.5354766845703,91340000,0.0,0.0,0.0
2014-08-05,193.10000610351562,193.60000610351562,191.30999755859375,192.00999450683594,156.9982452392578,152690000,0.0,0.0,0.0
2014-08-06,191.11000061035156,192.88999938964844,191.0800018310547,192.07000732421875,157.04739379882812,94818000,0.0,0.0,0.0
2014-08-07,192.94000244140625,193.1300048828125,190.5500030517578,191.02999877929688,156.19705200195312,135733000,0.0,0.0,0.0
2014-08-08,191.4600067138672,193.3699951171875,190.9499969482422,193.24000549316406,158.00404357910156,117014000,0.0,0.0,0.0
2014-08-11,193.97000122070312,194.66000366210938,193.7100067138672,193.8000030517578,158.46192932128906,74544000,0.0,0.0,0.0
2014-08-12,193.61000061035156,194.14999389648438,192.94000244140625,193.52999877929688,158.2411346435547,73632000,0.0,0.0,0.0
2014-08-13,194.2899932861328,195.05999755859375,193.9600067138672,194.83999633789062,159.31227111816406,69047000,0.0,0.0,0.0
2014-08-14,195.16000366210938,195.75999450683594,194.97999572753906,195.75999450683594,160.0645294189453,57371000,0.0,0.0,0.0
2014-08-15,196.47000122070312,196.64999389648438,194.30999755859375,195.72000122070312,160.03184509277344,139951000,0.0,0.0,0.0
2014-08-18,196.8000030517578,197.4499969482422,196.69000244140625,197.36000061035156,161.37281799316406,75424000,0.0,0.0,0.0
2014-08-19,197.83999633789062,198.5399932861328,197.44000244140625,198.38999938964844,162.2149658203125,59135000,0.0,0.0,0.0
2014-08-20,198.1199951171875,199.16000366210938,198.0800018310547,198.9199981689453,162.6483612060547,72763000,0.0,0.0,0.0
2014-08-21,199.08999633789062,199.75999450683594,198.92999267578125,199.5,163.12258911132812,67791000,0.0,0.0,0.0
2014-08-22,199.33999633789062,199.69000244140625,198.74000549316406,199.19000244140625,162.86911010742188,76107000,0.0,0.0,0.0
2014-08-25,200.13999938964844,200.58999633789062,199.14999389648438,200.1999969482422,163.69493103027344,63855000,0.0,0.0,0.0
2014-08-26,200.3300018310547,200.82000732421875,200.27999877929688,200.3300018310547,163.80117797851562,47298000,0.0,0.0,0.0
2014-08-27,200.42999267578125,200.57000732421875,199.94000244140625,200.25,163.73580932617188,47874000,0.0,0.0,0.0
2014-08-28,199.58999633789062,200.27000427246094,199.38999938964844,200.13999938964844,163.64593505859375,58330000,0.0,0.0,0.0
2014-08-29,200.4499969482422,200.72999572753906,199.82000732421875,200.7100067138672,164.1119384765625,65907000,0.0,0.0,0.0
2014-09-02,200.97000122070312,201.0,199.86000061035156,200.61000061035156,164.03013610839844,72426000,0.0,0.0,0.0
2014-09-03,201.3800048828125,201.41000366210938,200.22000122070312,200.5,163.9402313232422,57462000,0.0,0.0,0.0
2014-09-04,200.83999633789062,201.5800018310547,199.66000366210938,200.2100067138672,163.703125,85236000,0.0,0.0,0.0
2014-09-05,200.1699981689453,201.19000244140625,199.41000366210938,201.11000061035156,164.43902587890625,102177000,0.0,0.0,0.0
2014-09-08,200.9199981689453,201.2100067138672,200.0,200.58999633789062,164.01376342773438,64146000,0.0,0.0,0.0
2014-09-09,200.41000366210938,200.5500030517578,198.91000366210938,199.32000732421875,162.97540283203125,88591000,0.0,0.0,0.0
2014-09-10,199.42999267578125,200.1999969482422,198.77000427246094,200.07000732421875,163.5886688232422,67251000,0.0,0.0,0.0
2014-09-11,199.27000427246094,200.3300018310547,199.1199951171875,200.3000030517578,163.7766876220703,66774400,0.0,0.0,0.0
2014-09-12,200.10000610351562,200.1199951171875,198.55999755859375,199.1300048828125,162.820068359375,117409300,0.0,0.0,0.0
2014-09-15,199.16000366210938,199.32000732421875,198.3800048828125,198.97999572753906,162.69735717773438,76401000,0.0,0.0,0.0
2014-09-16,198.61000061035156,200.83999633789062,198.5,200.47999572753906,163.92385864257812,116201000,0.0,0.0,0.0
2014-09-17,200.77000427246094,201.67999267578125,199.75,200.75,164.1446075439453,151266000,0.0,0.0,0.0
2014-09-18,201.36000061035156,201.85000610351562,201.10000610351562,201.82000732421875,165.01959228515625,94990000,0.0,0.0,0.0
2014-09-19,201.52000427246094,201.89999389648438,200.2899932861328,200.6999969482422,164.87088012695312,121649000,0.939,0.0,0.0
2014-09-22,200.35000610351562,200.3800048828125,198.72999572753906,199.14999389648438,163.59756469726562,125553000,0.0,0.0,0.0
2014-09-23,198.42999267578125,199.25999450683594,197.9499969482422,198.00999450683594,162.6610870361328,111393000,0.0,0.0,0.0
2014-09-24,198.0399932861328,199.69000244140625,197.52000427246094,199.55999755859375,163.934326171875,107276000,0.0,0.0,0.0
2014-09-25,199.0399932861328,199.0500030517578,196.27000427246094,196.33999633789062,161.2891845703125,150300000,0.0,0.0,0.0
2014-09-26,196.6999969482422,198.38999938964844,196.4199981689453,197.89999389648438,162.5706787109375,103547000,0.0,0.0,0.0
2014-09-29,196.1999969482422,197.88999938964844,196.0500030517578,197.5399932861328,162.2749786376953,95112000,0.0,0.0,0.0
2014-09-30,197.69000244140625,198.3000030517578,196.61000061035156,197.02000427246094,161.84780883789062,131302000,0.0,0.0,0.0
2014-10-01,196.6999969482422,196.77000427246094,193.91000366210938,194.35000610351562,159.65444946289062,177798000,0.0,0.0,0.0
2014-10-02,194.17999267578125,195.05999755859375,192.35000610351562,194.3800048828125,159.67910766601562,157285000,0.0,0.0,0.0
2014-10-03,195.67999267578125,196.94000244140625,195.0800018310547,196.52000427246094,161.4370880126953,121569000,0.0,0.0,0.0
2014-10-06,197.33999633789062,197.60000610351562,195.5800018310547,196.2899932861328,161.24813842773438,104778000,0.0,0.0,0.0
2014-10-07,195.27999877929688,195.72000122070312,193.22000122070312,193.25999450683594,158.759033203125,147913000,0.0,0.0,0.0
2014-10-08,193.3699951171875,196.9199981689453,192.36000061035156,196.63999938964844,161.53562927246094,186461000,0.0,0.0,0.0
2014-10-09,196.3300018310547,196.60000610351562,192.5800018310547,192.74000549316406,158.33184814453125,210705000,0.0,0.0,0.0
2014-10-10,192.69000244140625,193.64999389648438,190.49000549316406,190.5399932861328,156.52464294433594,221909000,0.0,0.0,0.0
2014-10-13,190.4600067138672,191.14999389648438,187.3000030517578,187.41000366210938,153.9534149169922,230939000,0.0,0.0,0.0
2014-10-14,188.4199981689453,189.82000732421875,187.0399932861328,187.6999969482422,154.1916046142578,215847000,0.0,0.0,0.0
2014-10-15,185.16000366210938,187.69000244140625,181.9199981689453,186.42999267578125,153.1483154296875,380715000,0.0,0.0,0.0
2014-10-16,183.05999755859375,187.5800018310547,182.88999938964844,186.27000427246094,153.01687622070312,270391000,0.0,0.0,0.0
2014-10-17,188.4199981689453,189.75,187.6199951171875,188.47000122070312,154.8241729736328,214625000,0.0,0.0,0.0
2014-10-20,188.1300048828125,190.4499969482422,188.07000732421875,190.3000030517578,156.32748413085938,130011000,0.0,0.0,0.0
2014-10-21,191.67999267578125,194.1999969482422,191.47999572753906,194.07000732421875,159.4244842529297,154949000,0.0,0.0,0.0
2014-10-22,194.41000366210938,194.91000366210938,192.61000061035156,192.69000244140625,158.29080200195312,151822000,0.0,0.0,0.0
2014-10-23,194.6199951171875,196.1999969482422,194.25999450683594,194.92999267578125,160.13092041015625,154944000,0.0,0.0,0.0
2014-10-24,195.25,196.49000549316406,194.49000549316406,196.42999267578125,161.36314392089844,117927000,0.0,0.0,0.0
2014-10-27,195.72999572753906,196.4499969482422,195.02999877929688,196.16000366210938,161.14132690429688,82954000,0.0,0.0,0.0
2014-10-28,196.82000732421875,198.4199981689453,196.72999572753906,198.41000366210938,162.9896697998047,106736000,0.0,0.0,0.0
2014-10-29,198.5500030517578,199.1199951171875,196.8000030517578,198.11000061035156,162.74319458007812,142557000,0.0,0.0,0.0
2014-10-30,197.5800018310547,199.9499969482422,197.39999389648438,199.3800048828125,163.7864990234375,113330000,0.0,0.0,0.0
2014-10-31,201.77999877929688,201.82000732421875,200.77000427246094,201.66000366210938,165.65948486328125,146903000,0.0,0.0,0.0
2014-11-03,201.9199981689453,202.4499969482422,201.30999755859375,201.77000427246094,165.74989318847656,93600000,0.0,0.0,0.0
2014-11-04,201.22999572753906,201.60000610351562,200.05999755859375,201.07000732421875,165.17478942871094,93343000,0.0,0.0,0.0
2014-11-05,202.5399932861328,202.58999633789062,201.4499969482422,202.33999633789062,166.21807861328125,91709000,0.0,0.0,0.0
2014-11-06,202.38999938964844,203.25999450683594,201.63999938964844,203.14999389648438,166.88348388671875,107089000,0.0,0.0,0.0
2014-11-07,203.1699981689453,203.60000610351562,202.61000061035156,203.33999633789062,167.03953552246094,89540000,0.0,0.0,0.0
2014-11-10,203.3800048828125,204.0399932861328,203.1300048828125,203.97999572753906,167.56532287597656,66319000,0.0,0.0,0.0
2014-11-11,204.05999755859375,204.30999755859375,203.64999389648438,204.17999267578125,167.7295684814453,54499400,0.0,0.0,0.0
2014-11-12,203.35000610351562,204.24000549316406,203.30999755859375,203.9600067138672,167.54893493652344,90120300,0.0,0.0,0.0
2014-11-13,204.16000366210938,204.8300018310547,203.2100067138672,204.19000244140625,167.7378387451172,85357900,0.0,0.0,0.0
2014-11-14,204.10000610351562,204.49000549316406,203.72000122070312,204.24000549316406,167.7788848876953,80417500,0.0,0.0,0.0
2014-11-17,203.85000610351562,204.5800018310547,203.64999389648438,204.3699951171875,167.8856964111328,80441000,0.0,0.0,0.0
2014-11-18,204.44000244140625,205.9199981689453,204.44000244140625,205.5500030517578,168.8550567626953,76068100,0.0,0.0,0.0
2014-11-19,205.30999755859375,205.5500030517578,204.3000030517578,205.22000122070312,168.58395385742188,82373000,0.0,0.0,0.0
2014-11-20,204.25999450683594,205.7100067138672,204.17999267578125,205.5800018310547,168.8796844482422,72840300,0.0,0.0,0.0
2014-11-21,207.63999938964844,207.83999633789062,205.97999572753906,206.67999267578125,169.78330993652344,142327300,0.0,0.0,0.0
2014-11-24,207.1699981689453,207.38999938964844,206.91000366210938,207.25999450683594,170.259765625,65880800,0.0,0.0,0.0
2014-11-25,207.5399932861328,207.7899932861328,206.8000030517578,207.11000061035156,170.1365203857422,79108300,0.0,0.0,0.0
2014-11-26,207.2899932861328,207.75999450683594,207.02999877929688,207.63999938964844,170.57183837890625,62167800,0.0,0.0,0.0
2014-11-28,207.49000549316406,207.8699951171875,206.91000366210938,207.1999969482422,170.21043395996094,57890100,0.0,0.0,0.0
2014-12-01,206.39999389648438,206.5399932861328,205.3800048828125,205.75999450683594,169.0275115966797,103968400,0.0,0.0,0.0
2014-12-02,205.80999755859375,207.33999633789062,205.77999877929688,207.08999633789062,170.1200714111328,74507200,0.0,0.0,0.0
2014-12-03,207.3000030517578,208.14999389648438,207.10000610351562,207.88999938964844,170.7772674560547,68952000,0.0,0.0,0.0
2014-12-04,207.5399932861328,208.27000427246094,206.6999969482422,207.66000366210938,170.58834838867188,91316600,0.0,0.0,0.0
2014-12-05,207.8699951171875,208.47000122070312,207.5500030517578,208.0,170.86758422851562,91025500,0.0,0.0,0.0
2014-12-08,207.52000427246094,208.1199951171875,205.92999267578125,206.61000061035156,169.72579956054688,108588200,0.0,0.0,0.0
2014-12-09,204.3699951171875,206.60000610351562,203.91000366210938,206.47000122070312,169.61080932617188,125180100,0.0,0.0,0.0
2014-12-10,205.91000366210938,205.97999572753906,202.92999267578125,203.16000366210938,166.8917236328125,159856400,0.0,0.0,0.0
2014-12-11,203.8800048828125,206.19000244140625,203.7100067138672,204.19000244140625,167.7378387451172,159012800,0.0,0.0,0.0
2014-12-12,202.63999938964844,203.82000732421875,200.85000610351562,200.88999938964844,165.0269317626953,202330200,0.0,0.0,0.0
2014-12-15,201.97999572753906,202.52999877929688,198.77999877929688,199.50999450683594,163.89329528808594,189965800,0.0,0.0,0.0
2014-12-16,198.5800018310547,202.39999389648438,197.86000061035156,197.91000366210938,162.57888793945312,259543800,0.0,0.0,0.0
2014-12-17,198.44000244140625,202.33999633789062,198.2899932861328,201.7899932861328,165.76625061035156,253910100,0.0,0.0,0.0
2014-12-18,204.74000549316406,212.97000122070312,203.9199981689453,206.77999877929688,169.86544799804688,257633900,0.0,0.0,0.0
2014-12-19,206.42999267578125,207.3300018310547,205.61000061035156,206.52000427246094,170.5881805419922,245084600,1.135,0.0,0.0
2014-12-22,206.75,207.47000122070312,206.4600067138672,207.47000122070312,171.37294006347656,148318900,0.0,0.0,0.0
2014-12-23,208.1699981689453,208.22999572753906,207.39999389648438,207.75,171.6042022705078,122167900,0.0,0.0,0.0
2014-12-24,208.02000427246094,208.33999633789062,207.72000122070312,207.77000427246094,171.6207275390625,42963400,0.0,0.0,0.0
2014-12-26,208.30999755859375,208.85000610351562,208.25,208.44000244140625,172.1741485595703,57326700,0.0,0.0,0.0
2014-12-29,208.22000122070312,208.97000122070312,208.13999938964844,208.72000122070312,172.40542602539062,79643900,0.0,0.0,0.0
2014-12-30,208.2100067138672,208.3699951171875,207.50999450683594,207.60000610351562,171.48031616210938,73540800,0.0,0.0,0.0
2014-12-31,207.99000549316406,208.19000244140625,205.38999938964844,205.5399932861328,169.77870178222656,130333800,0.0,0.0,0.0
2015-01-02,206.3800048828125,206.8800048828125,204.17999267578125,205.42999267578125,169.68783569335938,121465900,0.0,0.0,0.0
2015-01-05,204.1699981689453,204.3699951171875,201.35000610351562,201.72000122070312,166.62335205078125,169632600,0.0,0.0,0.0
2015-01-06,202.08999633789062,202.72000122070312,198.86000061035156,199.82000732421875,165.05393981933594,209151400,0.0,0.0,0.0
2015-01-07,201.4199981689453,202.72000122070312,200.8800048828125,202.30999755859375,167.11068725585938,125346700,0.0,0.0,0.0
2015-01-08,204.00999450683594,206.16000366210938,203.99000549316406,205.89999389648438,170.0760498046875,147217800,0.0,0.0,0.0
2015-01-09,206.39999389648438,206.4199981689453,203.50999450683594,204.25,168.7131805419922,158567300,0.0,0.0,0.0
2015-01-12,204.41000366210938,204.60000610351562,201.9199981689453,202.64999389648438,167.3915557861328,144396100,0.0,0.0,0.0
2015-01-13,204.1199951171875,205.47999572753906,200.50999450683594,202.0800018310547,166.92076110839844,214553300,0.0,0.0,0.0
2015-01-14,199.64999389648438,201.10000610351562,198.57000732421875,200.86000061035156,165.91297912597656,192991100,0.0,0.0,0.0
2015-01-15,201.6300048828125,202.00999450683594,198.8800048828125,199.02000427246094,164.39308166503906,176613900,0.0,0.0,0.0
2015-01-16,198.77000427246094,201.82000732421875,198.5500030517578,201.6300048828125,166.54898071289062,211879600,0.0,0.0,0.0
2015-01-20,202.39999389648438,202.72000122070312,200.1699981689453,202.05999755859375,166.9042205810547,130991100,0.0,0.0,0.0
2015-01-21,201.5,203.66000366210938,200.94000244140625,203.0800018310547,167.7467041015625,122942700,0.0,0.0,0.0
2015-01-22,203.99000549316406,206.25999450683594,202.3300018310547,206.10000610351562,170.24131774902344,174356000,0.0,0.0,0.0
2015-01-23,205.7899932861328,206.10000610351562,204.80999755859375,204.97000122070312,169.30792236328125,117516800,0.0,0.0,0.0
2015-01-26,204.7100067138672,205.55999755859375,203.85000610351562,205.4499969482422,169.70437622070312,92009700,0.0,0.0,0.0
2015-01-27,202.97000122070312,204.1199951171875,201.74000549316406,202.74000549316406,167.46585083007812,134044600,0.0,0.0,0.0
2015-01-28,204.1699981689453,204.2899932861328,199.91000366210938,200.13999938964844,165.31825256347656,168514300,0.0,0.0,0.0
2015-01-29,200.3800048828125,202.3000030517578,198.67999267578125,201.99000549316406,166.84640502929688,173585400,0.0,0.0,0.0
2015-01-30,200.57000732421875,202.1699981689453,199.1300048828125,199.4499969482422,164.74827575683594,197729700,0.0,0.0,0.0
2015-02-02,200.0500030517578,202.02999877929688,197.86000061035156,201.9199981689453,166.78860473632812,163107000,0.0,0.0,0.0
2015-02-03,203.0,204.85000610351562,202.5500030517578,204.83999633789062,169.2005157470703,124212900,0.0,0.0,0.0
2015-02-04,203.9199981689453,205.3800048828125,203.50999450683594,204.05999755859375,168.55616760253906,134306700,0.0,0.0,0.0
2015-02-05,204.86000061035156,206.3000030517578,204.77000427246094,206.1199951171875,170.25779724121094,97953200,0.0,0.0,0.0
2015-02-06,206.55999755859375,207.24000549316406,204.9199981689453,205.5500030517578,169.7869873046875,125672000,0.0,0.0,0.0
2015-02-09,204.77000427246094,205.63999938964844,204.13999938964844,204.6300048828125,169.02706909179688,87219000,0.0,0.0,0.0
2015-02-10,205.8800048828125,207.1199951171875,204.67999267578125,206.80999755859375,170.82774353027344,96164200,0.0,0.0,0.0
2015-02-11,206.61000061035156,207.4499969482422,205.8300018310547,206.92999267578125,170.92686462402344,91087800,0.0,0.0,0.0
2015-02-12,207.88999938964844,208.99000549316406,206.97000122070312,208.9199981689453,172.57066345214844,97545900,0.0,0.0,0.0
2015-02-13,209.07000732421875,209.83999633789062,208.75999450683594,209.77999877929688,173.28103637695312,93670400,0.0,0.0,0.0
2015-02-17,209.39999389648438,210.32000732421875,209.10000610351562,210.11000061035156,173.5535888671875,76968200,0.0,0.0,0.0
2015-02-18,209.66000366210938,210.22000122070312,209.33999633789062,210.1300048828125,173.5701141357422,80652900,0.0,0.0,0.0
2015-02-19,209.41000366210938,210.4199981689453,209.24000549316406,209.97999572753906,173.44622802734375,91462500,0.0,0.0,0.0
2015-02-20,209.47999572753906,211.3300018310547,208.72999572753906,211.24000549316406,174.4869842529297,140896400,0.0,0.0,0.0
2015-02-23,210.94000244140625,211.2100067138672,210.47999572753906,211.2100067138672,174.46217346191406,74411100,0.0,0.0,0.0
2015-02-24,211.1199951171875,212.0500030517578,210.75999450683594,211.80999755859375,174.95787048339844,72472300,0.0,0.0,0.0
2015-02-25,211.66000366210938,212.24000549316406,211.22000122070312,211.6300048828125,174.8091583251953,73061700,0.0,0.0,0.0
2015-02-26,211.52000427246094,211.7100067138672,210.64999389648438,211.3800048828125,174.60263061523438,72697900,0.0,0.0,0.0
2015-02-27,211.25999450683594,211.5800018310547,210.60000610351562,210.66000366210938,174.0079345703125,108076000,0.0,0.0,0.0
2015-03-02,210.77999877929688,212.05999755859375,210.72000122070312,211.99000549316406,175.1064910888672,87491400,0.0,0.0,0.0
2015-03-03,211.47000122070312,212.0500030517578,210.0800018310547,211.1199951171875,174.38784790039062,110325800,0.0,0.0,0.0
2015-03-04,210.39999389648438,210.49000549316406,209.05999755859375,210.22999572753906,173.65272521972656,114497200,0.0,0.0,0.0
2015-03-05,210.6199951171875,210.8000030517578,209.85000610351562,210.4600067138672,173.8426971435547,76873000,0.0,0.0,0.0
2015-03-06,209.4199981689453,209.94000244140625,207.10000610351562,207.5,171.3976593017578,188128000,0.0,0.0,0.0
2015-03-09,207.74000549316406,208.7899932861328,207.5500030517578,208.36000061035156,172.1080780029297,89818900,0.0,0.0,0.0
2015-03-10,206.7100067138672,206.80999755859375,204.92999267578125,204.97999572753906,169.31614685058594,157121300,0.0,0.0,0.0
2015-03-11,205.2899932861328,205.5,204.39999389648438,204.5,168.91961669921875,110145700,0.0,0.0,0.0
2015-03-12,205.25999450683594,207.17999267578125,205.1999969482422,207.10000610351562,171.06724548339844,93993500,0.0,0.0,0.0
2015-03-13,206.77000427246094,207.92999267578125,204.5800018310547,205.8300018310547,170.01821899414062,162410900,0.0,0.0,0.0
2015-03-16,206.7100067138672,208.69000244140625,205.86000061035156,208.5800018310547,172.28976440429688,136099200,0.0,0.0,0.0
2015-03-17,207.69000244140625,208.4199981689453,206.97999572753906,207.9600067138672,171.77767944335938,94510400,0.0,0.0,0.0
2015-03-18,207.38999938964844,211.27000427246094,206.6199951171875,210.4600067138672,173.8426971435547,228808500,0.0,0.0,0.0
2015-03-19,209.9600067138672,210.47000122070312,209.02999877929688,209.5,173.0496826171875,117917300,0.0,0.0,0.0
2015-03-20,209.7100067138672,211.02000427246094,209.49000549316406,210.41000366210938,174.57725524902344,177715100,0.931,0.0,0.0
2015-03-23,210.4199981689453,211.11000061035156,210.0,210.0,174.2370147705078,71784500,0.0,0.0,0.0
2015-03-24,209.85000610351562,210.39999389648438,208.74000549316406,208.82000732421875,173.25796508789062,77805300,0.0,0.0,0.0
2015-03-25,209.07000732421875,209.35000610351562,205.7100067138672,205.75999450683594,170.7190704345703,159521700,0.0,0.0,0.0
2015-03-26,204.9600067138672,206.3699951171875,204.1199951171875,205.27000427246094,170.3125762939453,153067200,0.0,0.0,0.0
2015-03-27,205.1300048828125,205.9499969482422,204.89999389648438,205.74000549316406,170.70249938964844,118939000,0.0,0.0,0.0
2015-03-30,206.97999572753906,208.61000061035156,206.9600067138672,208.25,172.7850799560547,96180400,0.0,0.0,0.0
2015-03-31,207.25999450683594,208.10000610351562,206.36000061035156,206.42999267578125,171.27503967285156,126768700,0.0,0.0,0.0
2015-04-01,206.38999938964844,206.4199981689453,204.50999450683594,205.6999969482422,170.6693572998047,137303600,0.0,0.0,0.0
2015-04-02,205.6199951171875,206.97999572753906,205.39999389648438,206.44000244140625,171.28335571289062,86900900,0.0,0.0,0.0
2015-04-06,205.3699951171875,208.4499969482422,205.2100067138672,207.8300018310547,172.43663024902344,114368200,0.0,0.0,0.0
2015-04-07,207.86000061035156,208.75999450683594,207.24000549316406,207.27999877929688,171.98023986816406,81236300,0.0,0.0,0.0
2015-04-08,207.5500030517578,208.50999450683594,207.0800018310547,207.97999572753906,172.56103515625,89351900,0.0,0.0,0.0
2015-04-09,207.77999877929688,209.17999267578125,207.19000244140625,208.89999389648438,173.32435607910156,85548900,0.0,0.0,0.0
2015-04-10,209.1999969482422,210.08999633789062,208.9600067138672,210.0399932861328,174.27020263671875,72722900,0.0,0.0,0.0
2015-04-13,209.8699951171875,210.6300048828125,209.02999877929688,209.08999633789062,173.4819793701172,74436600,0.0,0.0,0.0
2015-04-14,208.85000610351562,209.7100067138672,208.10000610351562,209.49000549316406,173.81390380859375,75099900,0.0,0.0,0.0
2015-04-15,210.0500030517578,211.0399932861328,209.9499969482422,210.42999267578125,174.5937957763672,99529300,0.0,0.0,0.0
2015-04-16,210.02999877929688,210.97999572753906,209.7899932861328,210.3699951171875,174.54403686523438,68934900,0.0,0.0,0.0
2015-04-17,208.94000244140625,209.22999572753906,207.00999450683594,207.9499969482422,172.5361785888672,191113200,0.0,0.0,0.0
2015-04-20,209.05999755859375,210.25,208.9600067138672,209.85000610351562,174.11260986328125,92189500,0.0,0.0,0.0
2015-04-21,210.6699981689453,210.86000061035156,209.24000549316406,209.60000610351562,173.90513610839844,72559800,0.0,0.0,0.0
2015-04-22,210.00999450683594,210.85000610351562,208.89999389648438,210.6300048828125,174.75978088378906,78264600,0.0,0.0,0.0
2015-04-23,210.14999389648438,211.94000244140625,210.00999450683594,211.16000366210938,175.19947814941406,102585900,0.0,0.0,0.0
2015-04-24,211.66000366210938,211.97000122070312,211.11000061035156,211.64999389648438,175.60604858398438,61327400,0.0,0.0,0.0
2015-04-27,212.3300018310547,212.47999572753906,210.5399932861328,210.77000427246094,174.87591552734375,79358100,0.0,0.0,0.0
2015-04-28,210.74000549316406,211.5,209.3300018310547,211.44000244140625,175.4318084716797,86863500,0.0,0.0,0.0
2015-04-29,210.3699951171875,211.2899932861328,209.60000610351562,210.57000732421875,174.71002197265625,125684900,0.0,0.0,0.0
2015-04-30,209.8800048828125,210.35000610351562,207.6199951171875,208.4600067138672,172.95933532714844,161304900,0.0,0.0,0.0
2015-05-01,209.39999389648438,210.77000427246094,209.27999877929688,210.72000122070312,174.83436584472656,103399700,0.0,0.0,0.0
2015-05-04,211.22999572753906,212.02000427246094,211.10000610351562,211.32000732421875,175.33221435546875,70927200,0.0,0.0,0.0
2015-05-05,211.02999877929688,211.4600067138672,208.72999572753906,208.89999389648438,173.32435607910156,113326200,0.0,0.0,0.0
2015-05-06,209.55999755859375,209.92999267578125,206.75999450683594,208.0399932861328,172.61082458496094,135060200,0.0,0.0,0.0
2015-05-07,207.9199981689453,209.3800048828125,207.52000427246094,208.8699951171875,173.2995147705078,88244900,0.0,0.0,0.0
2015-05-08,210.8800048828125,211.86000061035156,210.77999877929688,211.6199951171875,175.58111572265625,155877300,0.0,0.0,0.0
2015-05-11,211.57000732421875,211.88999938964844,210.52000427246094,210.61000061035156,174.74314880371094,75708100,0.0,0.0,0.0
2015-05-12,209.61000061035156,210.6300048828125,208.6199951171875,209.97999572753906,174.22044372558594,119727600,0.0,0.0,0.0
2015-05-13,210.47000122070312,211.22000122070312,209.74000549316406,210.02000427246094,174.2535858154297,94667900,0.0,0.0,0.0
2015-05-14,211.24000549316406,212.32000732421875,210.91000366210938,212.2100067138672,176.07064819335938,95934000,0.0,0.0,0.0
2015-05-15,212.44000244140625,212.61000061035156,211.86000061035156,212.44000244140625,176.26148986816406,76510100,0.0,0.0,0.0
2015-05-18,212.24000549316406,213.39999389648438,212.16000366210938,213.10000610351562,176.80906677246094,74549700,0.0,0.0,0.0
2015-05-19,213.24000549316406,213.57000732421875,212.69000244140625,213.02999877929688,176.75099182128906,72114600,0.0,0.0,0.0
2015-05-20,213.14999389648438,213.77999877929688,212.5,212.8800048828125,176.62655639648438,76857500,0.0,0.0,0.0
2015-05-21,212.7100067138672,213.75,212.50999450683594,213.5,177.14093017578125,64764600,0.0,0.0,0.0
2015-05-22,213.0399932861328,213.5399932861328,212.91000366210938,212.99000549316406,176.71783447265625,57433500,0.0,0.0,0.0
2015-05-26,212.39999389648438,212.91000366210938,210.1999969482422,210.6999969482422,174.81776428222656,124308600,0.0,0.0,0.0
2015-05-27,211.25,212.97999572753906,210.75999450683594,212.6999969482422,176.47726440429688,93214000,0.0,0.0,0.0
2015-05-28,212.3300018310547,212.58999633789062,211.6300048828125,212.4600067138672,176.27806091308594,74974600,0.0,0.0,0.0
2015-05-29,212.3800048828125,212.42999267578125,210.82000732421875,211.13999938964844,175.18284606933594,124919600,0.0,0.0,0.0
2015-06-01,211.94000244140625,212.33999633789062,210.6199951171875,211.57000732421875,175.53965759277344,93338800,0.0,0.0,0.0
2015-06-02,211.02000427246094,212.19000244140625,210.27000427246094,211.36000061035156,175.3653564453125,91531000,0.0,0.0,0.0
2015-06-03,212.0,212.6699981689453,211.3300018310547,211.9199981689453,175.83006286621094,87820900,0.0,0.0,0.0
2015-06-04,211.07000732421875,211.86000061035156,209.75,210.1300048828125,174.3448944091797,151882800,0.0,0.0,0.0
2015-06-05,209.9499969482422,210.5800018310547,208.97999572753906,209.77000427246094,174.04620361328125,121704700,0.0,0.0,0.0
2015-06-08,209.63999938964844,209.82000732421875,208.38999938964844,208.47999572753906,172.97592163085938,89063300,0.0,0.0,0.0
2015-06-09,208.4499969482422,209.10000610351562,207.69000244140625,208.4499969482422,172.95094299316406,105034700,0.0,0.0,0.0
2015-06-10,209.3699951171875,211.41000366210938,209.3000030517578,210.9499969482422,175.0252227783203,134551300,0.0,0.0,0.0
2015-06-11,211.47999572753906,212.08999633789062,211.1999969482422,211.6300048828125,175.58949279785156,73876400,0.0,0.0,0.0
2015-06-12,210.63999938964844,211.47999572753906,209.67999267578125,210.00999450683594,174.24533081054688,135382400,0.0,0.0,0.0
2015-06-15,208.63999938964844,209.4499969482422,207.7899932861328,209.11000061035156,173.49862670898438,124384200,0.0,0.0,0.0
2015-06-16,208.92999267578125,210.35000610351562,208.72000122070312,210.25,174.4444122314453,85308200,0.0,0.0,0.0
2015-06-17,210.58999633789062,211.32000732421875,209.36000061035156,210.58999633789062,174.7265167236328,126708600,0.0,0.0,0.0
2015-06-18,211.30999755859375,213.33999633789062,210.6300048828125,212.77999877929688,176.5435791015625,165867900,0.0,0.0,0.0
2015-06-19,211.4600067138672,211.5500030517578,210.36000061035156,210.80999755859375,175.7598876953125,130478700,1.03,0.0,0.0
2015-06-22,211.91000366210938,212.58999633789062,211.63999938964844,211.88999938964844,176.6602783203125,70696000,0.0,0.0,0.0
2015-06-23,212.13999938964844,212.44000244140625,211.57000732421875,212.0399932861328,176.7853546142578,68476800,0.0,0.0,0.0
2015-06-24,211.72000122070312,212.1699981689453,210.47000122070312,210.5,175.50140380859375,92307300,0.0,0.0,0.0
2015-06-25,211.10000610351562,211.25,209.77000427246094,209.86000061035156,174.96780395507812,97107400,0.0,0.0,0.0
2015-06-26,210.2899932861328,210.5800018310547,209.16000366210938,209.82000732421875,174.9344940185547,104174800,0.0,0.0,0.0
2015-06-29,208.0500030517578,209.8300018310547,205.3300018310547,205.4199981689453,171.2660369873047,202621300,0.0,0.0,0.0
2015-06-30,207.25999450683594,207.32000732421875,205.27999877929688,205.85000610351562,171.62457275390625,182925100,0.0,0.0,0.0
2015-07-01,207.72999572753906,208.02999877929688,206.55999755859375,207.5,173.00018310546875,135979900,0.0,0.0,0.0
2015-07-02,208.07000732421875,208.27000427246094,206.80999755859375,207.30999755859375,172.84182739257812,104373700,0.0,0.0,0.0
2015-07-06,205.77000427246094,207.64999389648438,205.52999877929688,206.72000122070312,172.34991455078125,117975400,0.0,0.0,0.0
2015-07-07,206.9600067138672,208.1699981689453,204.11000061035156,208.02000427246094,173.4337158203125,173820200,0.0,0.0,0.0
2015-07-08,206.4199981689453,206.75999450683594,204.25,204.52999877929688,170.52398681640625,164020100,0.0,0.0,0.0
2015-07-09,207.0399932861328,207.35000610351562,204.77000427246094,204.89999389648438,170.83248901367188,144113100,0.0,0.0,0.0
2015-07-10,207.2899932861328,207.97999572753906,204.9499969482422,207.47999572753906,172.98355102539062,129456900,0.0,0.0,0.0
2015-07-13,208.99000549316406,209.89999389648438,208.94000244140625,209.77000427246094,174.89280700683594,106069400,0.0,0.0,0.0
2015-07-14,209.72000122070312,211.0500030517578,209.64999389648438,210.67999267578125,175.6514892578125,81709600,0.0,0.0,0.0
2015-07-15,210.72999572753906,211.27999877929688,210.0399932861328,210.61000061035156,175.59310913085938,97914100,0.0,0.0,0.0
2015-07-16,211.8699951171875,212.3000030517578,211.5800018310547,212.3000030517578,177.00218200683594,106683300,0.0,0.0,0.0
2015-07-17,212.2899932861328,212.5500030517578,211.8000030517578,212.47999572753906,177.15220642089844,89030000,0.0,0.0,0.0
2015-07-20,212.75,213.17999267578125,212.2100067138672,212.58999633789062,177.24391174316406,70446800,0.0,0.0,0.0
2015-07-21,212.42999267578125,212.74000549316406,211.38999938964844,211.75,176.54360961914062,77965000,0.0,0.0,0.0
2015-07-22,210.92999267578125,211.77000427246094,210.88999938964844,211.3699951171875,176.22679138183594,88667900,0.0,0.0,0.0
2015-07-23,211.52999877929688,211.64999389648438,209.75,210.17999267578125,175.23460388183594,90509100,0.0,0.0,0.0
2015-07-24,210.3000030517578,210.3699951171875,207.60000610351562,208.0,173.41705322265625,117755000,0.0,0.0,0.0
2015-07-27,206.94000244140625,207.5500030517578,206.25999450683594,206.7899932861328,172.4082489013672,132361100,0.0,0.0,0.0
2015-07-28,207.7899932861328,209.5,206.8000030517578,209.3300018310547,174.5259552001953,123544800,0.0,0.0,0.0
2015-07-29,209.47999572753906,211.0399932861328,209.30999755859375,210.77000427246094,175.7265167236328,105791300,0.0,0.0,0.0
2015-07-30,210.16000366210938,211.02000427246094,209.4199981689453,210.82000732421875,175.7682342529297,91304400,0.0,0.0,0.0
2015-07-31,211.4199981689453,211.4499969482422,210.16000366210938,210.5,175.50140380859375,103266900,0.0,0.0,0.0
2015-08-03,210.4600067138672,210.52999877929688,208.64999389648438,209.7899932861328,174.90948486328125,113965700,0.0,0.0,0.0
2015-08-04,209.6999969482422,210.25,208.8000030517578,209.3800048828125,174.5676727294922,81820800,0.0,0.0,0.0
2015-08-05,210.4499969482422,211.30999755859375,209.72999572753906,210.07000732421875,175.14292907714844,85786800,0.0,0.0,0.0
2015-08-06,210.2899932861328,210.4199981689453,207.64999389648438,208.35000610351562,173.70887756347656,116030800,0.0,0.0,0.0
2015-08-07,208.16000366210938,208.33999633789062,206.8699951171875,207.9499969482422,173.37539672851562,117858000,0.0,0.0,0.0
2015-08-10,209.27999877929688,210.6699981689453,209.27999877929688,210.57000732421875,175.55982971191406,80270700,0.0,0.0,0.0
2015-08-11,208.97000122070312,209.47000122070312,207.75999450683594,208.6699981689453,173.97569274902344,126081400,0.0,0.0,0.0
2015-08-12,207.11000061035156,209.13999938964844,205.36000061035156,208.9199981689453,174.1841278076172,172123700,0.0,0.0,0.0
2015-08-13,208.72999572753906,209.5500030517578,208.00999450683594,208.66000366210938,173.96737670898438,89383300,0.0,0.0,0.0
2015-08-14,208.42999267578125,209.50999450683594,208.25999450683594,209.4199981689453,174.60101318359375,72786500,0.0,0.0,0.0
2015-08-17,208.7100067138672,210.58999633789062,208.16000366210938,210.58999633789062,175.57643127441406,79072600,0.0,0.0,0.0
2015-08-18,210.25999450683594,210.67999267578125,209.6999969482422,209.97999572753906,175.06788635253906,71692700,0.0,0.0,0.0
2015-08-19,209.08999633789062,210.00999450683594,207.35000610351562,208.32000732421875,173.68389892578125,172946000,0.0,0.0,0.0
2015-08-20,206.50999450683594,208.2899932861328,203.89999389648438,203.97000122070312,170.05714416503906,194327900,0.0,0.0,0.0
2015-08-21,201.72999572753906,203.94000244140625,197.52000427246094,197.8300018310547,164.93797302246094,346588500,0.0,0.0,0.0
2015-08-24,187.49000549316406,197.47999572753906,182.39999389648438,189.5,157.99295043945312,507244300,0.0,0.0,0.0
2015-08-25,195.42999267578125,195.4499969482422,186.9199981689453,187.27000427246094,156.13377380371094,369833100,0.0,0.0,0.0
2015-08-26,192.0800018310547,194.7899932861328,188.3699951171875,194.4600067138672,162.1282958984375,339257000,0.0,0.0,0.0
2015-08-27,197.02000427246094,199.4199981689453,195.2100067138672,199.27000427246094,166.13853454589844,274143900,0.0,0.0,0.0
2015-08-28,198.5,199.83999633789062,197.9199981689453,199.27999877929688,166.14694213867188,160414400,0.0,0.0,0.0
2015-08-31,198.11000061035156,199.1300048828125,197.00999450683594,197.6699981689453,164.8045654296875,163298800,0.0,0.0,0.0
2015-09-01,193.1199951171875,194.77000427246094,190.72999572753906,191.77000427246094,159.88552856445312,256000400,0.0,0.0,0.0
2015-09-02,194.6199951171875,195.4600067138672,192.4199981689453,195.41000366210938,162.9203643798828,160269300,0.0,0.0,0.0
2015-09-03,196.25999450683594,198.0500030517578,194.9600067138672,195.5500030517578,163.037109375,152087800,0.0,0.0,0.0
2015-09-04,192.85000610351562,193.86000061035156,191.61000061035156,192.58999633789062,160.5692138671875,207081000,0.0,0.0,0.0
2015-09-08,195.94000244140625,197.61000061035156,195.1699981689453,197.42999267578125,164.60452270507812,116025700,0.0,0.0,0.0
2015-09-09,199.32000732421875,199.47000122070312,194.35000610351562,194.7899932861328,162.40342712402344,149347700,0.0,0.0,0.0
2015-09-10,194.55999755859375,197.22000122070312,194.25,195.85000610351562,163.28717041015625,158611100,0.0,0.0,0.0
2015-09-11,195.3800048828125,196.82000732421875,194.52999877929688,196.74000549316406,164.02919006347656,119691200,0.0,0.0,0.0
2015-09-14,196.9499969482422,197.00999450683594,195.42999267578125,196.00999450683594,163.4205780029297,79452000,0.0,0.0,0.0
2015-09-15,196.61000061035156,198.99000549316406,195.9600067138672,198.4600067138672,165.46324157714844,113806200,0.0,0.0,0.0
2015-09-16,198.82000732421875,200.41000366210938,198.41000366210938,200.17999267578125,166.8972625732422,99581600,0.0,0.0,0.0
2015-09-17,200.02000427246094,202.88999938964844,199.27999877929688,199.72999572753906,166.52207946777344,276046600,0.0,0.0,0.0
2015-09-18,195.7100067138672,198.67999267578125,194.9600067138672,195.4499969482422,163.80087280273438,223657500,1.033,0.0,0.0
2015-09-21,196.44000244140625,197.67999267578125,195.2100067138672,196.4600067138672,164.64730834960938,105726200,0.0,0.0,0.0
2015-09-22,193.8800048828125,194.4600067138672,192.55999755859375,193.91000366210938,162.51025390625,153890900,0.0,0.0,0.0
2015-09-23,194.11000061035156,194.6699981689453,192.91000366210938,193.60000610351562,162.25042724609375,92790600,0.0,0.0,0.0
2015-09-24,192.14999389648438,193.4499969482422,190.55999755859375,192.89999389648438,161.6637725830078,159378800,0.0,0.0,0.0
2015-09-25,194.63999938964844,195.0,191.80999755859375,192.85000610351562,161.62191772460938,155054800,0.0,0.0,0.0
2015-09-28,191.77999877929688,191.91000366210938,187.63999938964844,188.00999450683594,157.56561279296875,178515900,0.0,0.0,0.0
2015-09-29,188.27000427246094,189.74000549316406,186.92999267578125,188.1199951171875,157.6578369140625,159045600,0.0,0.0,0.0
2015-09-30,190.3699951171875,191.8300018310547,189.44000244140625,191.6300048828125,160.59947204589844,163452000,0.0,0.0,0.0
2015-10-01,192.0800018310547,192.49000549316406,189.82000732421875,192.1300048828125,161.01849365234375,131079000,0.0,0.0,0.0
2015-10-02,189.77000427246094,195.02999877929688,189.1199951171875,195.0,163.4237518310547,211003300,0.0,0.0,0.0
2015-10-05,196.4600067138672,198.74000549316406,196.3300018310547,198.47000122070312,166.33184814453125,126320800,0.0,0.0,0.0
2015-10-06,198.30999755859375,198.97999572753906,197.0,197.7899932861328,165.76197814941406,110274500,0.0,0.0,0.0
2015-10-07,198.89999389648438,199.8300018310547,197.47999572753906,199.41000366210938,167.11961364746094,124307300,0.0,0.0,0.0
2015-10-08,198.9499969482422,201.5500030517578,198.58999633789062,201.2100067138672,168.62820434570312,153055200,0.0,0.0,0.0
2015-10-09,201.3800048828125,201.89999389648438,200.5800018310547,201.3300018310547,168.7286834716797,107069200,0.0,0.0,0.0
2015-10-12,201.4199981689453,201.75999450683594,200.91000366210938,201.52000427246094,168.88795471191406,56395600,0.0,0.0,0.0
2015-10-13,200.64999389648438,202.16000366210938,200.0500030517578,200.25,167.82359313964844,88038700,0.0,0.0,0.0
2015-10-14,200.17999267578125,200.8699951171875,198.94000244140625,199.2899932861328,167.01904296875,99106200,0.0,0.0,0.0
2015-10-15,200.0800018310547,202.36000061035156,199.63999938964844,202.35000610351562,169.58349609375,134142200,0.0,0.0,0.0
2015-10-16,202.8300018310547,203.2899932861328,201.9199981689453,203.27000427246094,170.3545684814453,114580100,0.0,0.0,0.0
2015-10-19,202.5,203.3699951171875,202.1300048828125,203.3699951171875,170.43838500976562,76523900,0.0,0.0,0.0
2015-10-20,202.85000610351562,203.83999633789062,202.5500030517578,203.11000061035156,170.22048950195312,78448500,0.0,0.0,0.0
2015-10-21,203.61000061035156,203.7899932861328,201.64999389648438,201.85000610351562,169.1645050048828,102038000,0.0,0.0,0.0
2015-10-22,202.97999572753906,205.50999450683594,201.85000610351562,205.25999450683594,172.02235412597656,174911700,0.0,0.0,0.0
2015-10-23,207.25,207.9499969482422,206.3000030517578,207.50999450683594,173.907958984375,144442300,0.0,0.0,0.0
2015-10-26,207.3000030517578,207.3699951171875,206.55999755859375,207.0,173.48056030273438,69033000,0.0,0.0,0.0
2015-10-27,206.1999969482422,207.0,205.7899932861328,206.60000610351562,173.14537048339844,77905800,0.0,0.0,0.0
2015-10-28,207.0,208.97999572753906,206.2100067138672,208.9499969482422,175.1147918701172,135906700,0.0,0.0,0.0
2015-10-29,208.35000610351562,209.27000427246094,208.2100067138672,208.8300018310547,175.01426696777344,90525500,0.0,0.0,0.0
2015-10-30,209.05999755859375,209.44000244140625,207.74000549316406,207.92999267578125,174.2599639892578,131076900,0.0,0.0,0.0
2015-11-02,208.32000732421875,210.6199951171875,208.1699981689453,210.38999938964844,176.32162475585938,86270800,0.0,0.0,0.0
2015-11-03,209.97000122070312,211.66000366210938,209.6999969482422,211.0,176.83287048339844,95246100,0.0,0.0,0.0
2015-11-04,211.35000610351562,211.5,209.72000122070312,210.36000061035156,176.2965087890625,96224500,0.0,0.0,0.0
2015-11-05,210.42999267578125,210.97999572753906,209.08999633789062,210.14999389648438,176.1204833984375,78408700,0.0,0.0,0.0
2015-11-06,209.74000549316406,210.32000732421875,208.4600067138672,210.0399932861328,176.02830505371094,110471500,0.0,0.0,0.0
2015-11-09,209.30999755859375,209.49000549316406,206.9499969482422,208.0800018310547,174.38568115234375,131008700,0.0,0.0,0.0
2015-11-10,207.50999450683594,208.60000610351562,207.19000244140625,208.55999755859375,174.78794860839844,75874600,0.0,0.0,0.0
2015-11-11,208.8800048828125,208.94000244140625,207.66000366210938,207.74000549316406,174.10076904296875,67846000,0.0,0.0,0.0
2015-11-12,206.5,207.05999755859375,204.82000732421875,204.83999633789062,171.67031860351562,121315200,0.0,0.0,0.0
2015-11-13,204.35000610351562,204.6699981689453,202.44000244140625,202.5399932861328,169.74276733398438,153577100,0.0,0.0,0.0
2015-11-16,202.32000732421875,205.69000244140625,202.17999267578125,205.6199951171875,172.32398986816406,117645200,0.0,0.0,0.0
2015-11-17,205.99000549316406,207.0399932861328,204.8800048828125,205.47000122070312,172.19833374023438,121123700,0.0,0.0,0.0
2015-11-18,206.0399932861328,208.89999389648438,205.99000549316406,208.72999572753906,174.9303741455078,121342500,0.0,0.0,0.0
2015-11-19,208.58999633789062,209.0500030517578,208.1999969482422,208.5500030517578,174.7796173095703,88220500,0.0,0.0,0.0
2015-11-20,209.4499969482422,210.1199951171875,208.86000061035156,209.30999755859375,175.41648864746094,94011500,0.0,0.0,0.0
2015-11-23,209.3800048828125,209.97999572753906,208.52000427246094,209.07000732421875,175.21542358398438,64931200,0.0,0.0,0.0
2015-11-24,207.8699951171875,209.8300018310547,207.41000366210938,209.35000610351562,175.45005798339844,98874400,0.0,0.0,0.0
2015-11-25,209.5,209.74000549316406,209.00999450683594,209.32000732421875,175.42494201660156,51980100,0.0,0.0,0.0
2015-11-27,209.42999267578125,209.8000030517578,208.86000061035156,209.55999755859375,175.62600708007812,37317800,0.0,0.0,0.0
2015-11-30,209.75,209.88999938964844,208.55999755859375,208.69000244140625,174.8969268798828,112822700,0.0,0.0,0.0
2015-12-01,209.44000244140625,210.82000732421875,209.11000061035156,210.67999267578125,176.5646514892578,97858400,0.0,0.0,0.0
2015-12-02,210.6199951171875,211.0,208.22999572753906,208.52999877929688,174.76284790039062,108441300,0.0,0.0,0.0
2015-12-03,208.8300018310547,209.14999389648438,204.75,205.61000061035156,172.31565856933594,166224200,0.0,0.0,0.0
2015-12-04,205.61000061035156,209.97000122070312,205.61000061035156,209.6199951171875,175.6763153076172,192913900,0.0,0.0,0.0
2015-12-07,209.22999572753906,209.72999572753906,207.1999969482422,208.35000610351562,174.6119384765625,102027100,0.0,0.0,0.0
2015-12-08,206.49000549316406,208.2899932861328,205.77999877929688,206.9499969482422,173.43869018554688,103372400,0.0,0.0,0.0
2015-12-09,206.19000244140625,208.67999267578125,204.17999267578125,205.33999633789062,172.0894012451172,162401500,0.0,0.0,0.0
2015-12-10,205.4199981689453,207.42999267578125,205.13999938964844,205.8699951171875,172.53355407714844,116128900,0.0,0.0,0.0
2015-12-11,203.35000610351562,204.13999938964844,201.50999450683594,201.8800048828125,169.18966674804688,211173300,0.0,0.0,0.0
2015-12-14,202.07000732421875,203.0500030517578,199.9499969482422,202.89999389648438,170.0445098876953,182385200,0.0,0.0,0.0
2015-12-15,204.6999969482422,206.11000061035156,202.8699951171875,205.02999877929688,171.82952880859375,154069600,0.0,0.0,0.0
2015-12-16,206.3699951171875,208.38999938964844,204.8000030517578,208.02999877929688,174.34381103515625,197017000,0.0,0.0,0.0
2015-12-17,208.39999389648438,208.47999572753906,204.83999633789062,204.86000061035156,171.68707275390625,173092500,0.0,0.0,0.0
2015-12-18,202.77000427246094,202.92999267578125,199.8300018310547,200.02000427246094,168.62852478027344,251393500,1.212,0.0,0.0
2015-12-21,201.41000366210938,201.8800048828125,200.08999633789062,201.6699981689453,170.01950073242188,99094300,0.0,0.0,0.0
2015-12-22,202.72000122070312,203.85000610351562,201.5500030517578,203.5,171.5623016357422,111026200,0.0,0.0,0.0
2015-12-23,204.69000244140625,206.07000732421875,204.5800018310547,206.02000427246094,173.68685913085938,110987200,0.0,0.0,0.0
2015-12-24,205.72000122070312,206.3300018310547,205.4199981689453,205.67999267578125,173.4001922607422,48539600,0.0,0.0,0.0
2015-12-28,204.86000061035156,205.25999450683594,203.94000244140625,205.2100067138672,173.00399780273438,65899900,0.0,0.0,0.0
2015-12-29,206.50999450683594,207.7899932861328,206.47000122070312,207.39999389648438,174.8502655029297,92640700,0.0,0.0,0.0
2015-12-30,207.11000061035156,207.2100067138672,205.75999450683594,205.92999267578125,173.61094665527344,63317700,0.0,0.0,0.0
2015-12-31,205.1300048828125,205.88999938964844,203.8699951171875,203.8699951171875,171.87428283691406,114877900,0.0,0.0,0.0
2016-01-04,200.49000549316406,201.02999877929688,198.58999633789062,201.02000427246094,169.4715576171875,222353500,0.0,0.0,0.0
2016-01-05,201.39999389648438,201.89999389648438,200.0500030517578,201.36000061035156,169.7581787109375,110845800,0.0,0.0,0.0
2016-01-06,198.33999633789062,200.05999755859375,197.60000610351562,198.82000732421875,167.61679077148438,152112600,0.0,0.0,0.0
2016-01-07,195.3300018310547,197.44000244140625,193.58999633789062,194.0500030517578,163.5953826904297,213436100,0.0,0.0,0.0
2016-01-08,195.19000244140625,195.85000610351562,191.5800018310547,191.9199981689453,161.7997283935547,209817200,0.0,0.0,0.0
2016-01-11,193.00999450683594,193.41000366210938,189.82000732421875,192.11000061035156,161.95993041992188,187941300,0.0,0.0,0.0
2016-01-12,193.82000732421875,194.5500030517578,191.13999938964844,193.66000366210938,163.26663208007812,172330500,0.0,0.0,0.0
2016-01-13,194.4499969482422,194.86000061035156,188.3800048828125,188.8300018310547,159.1947021484375,221168900,0.0,0.0,0.0
2016-01-14,189.5500030517578,193.25999450683594,187.66000366210938,191.92999267578125,161.80816650390625,240795600,0.0,0.0,0.0
2016-01-15,186.77000427246094,188.75999450683594,185.52000427246094,187.80999755859375,158.3347625732422,324846400,0.0,0.0,0.0
2016-01-19,189.9600067138672,190.11000061035156,186.1999969482422,188.05999755859375,158.54550170898438,195244400,0.0,0.0,0.0
2016-01-20,185.02999877929688,187.5,181.02000427246094,185.64999389648438,156.51370239257812,286547800,0.0,0.0,0.0
2016-01-21,186.2100067138672,188.8699951171875,184.63999938964844,186.69000244140625,157.39053344726562,195772900,0.0,0.0,0.0
2016-01-22,189.77999877929688,190.75999450683594,188.8800048828125,190.52000427246094,160.6194305419922,168319600,0.0,0.0,0.0
2016-01-25,189.9199981689453,190.14999389648438,187.41000366210938,187.63999938964844,158.19140625,130371700,0.0,0.0,0.0
2016-01-26,188.4199981689453,190.52999877929688,188.02000427246094,190.1999969482422,160.3496551513672,141036800,0.0,0.0,0.0
2016-01-27,189.5800018310547,191.55999755859375,187.05999755859375,188.1300048828125,158.6044921875,185681700,0.0,0.0,0.0
2016-01-28,189.9600067138672,190.1999969482422,187.16000366210938,189.11000061035156,159.4307403564453,143798800,0.0,0.0,0.0
2016-01-29,190.02000427246094,193.8800048828125,189.8800048828125,193.72000122070312,163.31724548339844,210529300,0.0,0.0,0.0
2016-02-01,192.52999877929688,194.5800018310547,191.83999633789062,193.64999389648438,163.25823974609375,136061600,0.0,0.0,0.0
2016-02-02,191.9600067138672,191.97000122070312,189.5399932861328,190.16000366210938,160.31600952148438,182564900,0.0,0.0,0.0
2016-02-03,191.41000366210938,191.77999877929688,187.10000610351562,191.3000030517578,161.2770233154297,205054900,0.0,0.0,0.0
2016-02-04,190.7100067138672,192.75,189.9600067138672,191.60000610351562,161.5299835205078,139531800,0.0,0.0,0.0
2016-02-05,190.99000549316406,191.6699981689453,187.1999969482422,187.9499969482422,158.4527587890625,180788300,0.0,0.0,0.0
2016-02-08,185.77000427246094,186.1199951171875,182.8000030517578,185.4199981689453,156.31985473632812,191526700,0.0,0.0,0.0
2016-02-09,183.36000061035156,186.94000244140625,183.1999969482422,185.42999267578125,156.32823181152344,184513100,0.0,0.0,0.0
2016-02-10,186.41000366210938,188.33999633789062,185.1199951171875,185.27000427246094,156.19338989257812,148214100,0.0,0.0,0.0
2016-02-11,182.33999633789062,184.10000610351562,181.08999633789062,182.86000061035156,154.16162109375,219058900,0.0,0.0,0.0
2016-02-12,184.9600067138672,186.64999389648438,183.9600067138672,186.6300048828125,157.3399658203125,127632400,0.0,0.0,0.0
2016-02-16,188.77000427246094,189.80999755859375,187.6300048828125,189.77999877929688,159.9955596923828,120250700,0.0,0.0,0.0
2016-02-17,191.16000366210938,193.32000732421875,191.00999450683594,192.8800048828125,162.6090850830078,136009500,0.0,0.0,0.0
2016-02-18,193.1999969482422,193.27000427246094,191.72000122070312,192.08999633789062,161.94302368164062,102343000,0.0,0.0,0.0
2016-02-19,191.1699981689453,192.17999267578125,190.4499969482422,192.0,161.86715698242188,114793000,0.0,0.0,0.0
2016-02-22,193.8699951171875,194.9499969482422,193.7899932861328,194.77999877929688,164.2108612060547,103640300,0.0,0.0,0.0
2016-02-23,194.0,194.32000732421875,192.17999267578125,192.32000732421875,162.13697814941406,111455300,0.0,0.0,0.0
2016-02-24,190.6300048828125,193.52999877929688,189.32000732421875,193.1999969482422,162.87879943847656,150812200,0.0,0.0,0.0
2016-02-25,193.72999572753906,195.5500030517578,192.8300018310547,195.5399932861328,164.8516082763672,110728300,0.0,0.0,0.0
2016-02-26,196.57000732421875,196.67999267578125,194.89999389648438,195.08999633789062,164.47219848632812,129833700,0.0,0.0,0.0
2016-02-29,195.11000061035156,196.22999572753906,193.3300018310547,193.55999755859375,163.18235778808594,125918100,0.0,0.0,0.0
2016-03-01,195.00999450683594,198.2100067138672,194.4499969482422,198.11000061035156,167.01824951171875,141799700,0.0,0.0,0.0
2016-03-02,197.74000549316406,199.05999755859375,197.25,199.0,167.76856994628906,102415000,0.0,0.0,0.0
2016-03-03,198.7899932861328,199.8000030517578,198.11000061035156,199.77999877929688,168.42616271972656,95172200,0.0,0.0,0.0
2016-03-04,200.00999450683594,201.35000610351562,199.02999877929688,200.42999267578125,168.97413635253906,129293600,0.0,0.0,0.0
2016-03-07,199.33999633789062,201.07000732421875,199.25,200.58999633789062,169.10902404785156,100219000,0.0,0.0,0.0
2016-03-08,199.32000732421875,199.9199981689453,198.2100067138672,198.39999389648438,167.2627410888672,123974900,0.0,0.0,0.0
2016-03-09,199.36000061035156,199.7899932861328,198.42999267578125,199.3800048828125,168.08892822265625,94801200,0.0,0.0,0.0
2016-03-10,199.9600067138672,201.07000732421875,197.3800048828125,199.5399932861328,168.2238311767578,156838700,0.0,0.0,0.0
2016-03-11,201.25999450683594,202.80999755859375,199.52000427246094,202.75999450683594,170.93846130371094,137964500,0.0,0.0,0.0
2016-03-14,202.16000366210938,203.0399932861328,201.77000427246094,202.5,170.71929931640625,73612000,0.0,0.0,0.0
2016-03-15,201.36000061035156,202.52999877929688,201.0500030517578,202.1699981689453,170.44107055664062,93169100,0.0,0.0,0.0
2016-03-16,201.60000610351562,203.82000732421875,201.5500030517578,203.33999633789062,171.42747497558594,129303200,0.0,0.0,0.0
2016-03-17,203.24000549316406,205.22999572753906,202.77000427246094,204.6300048828125,172.51499938964844,134278500,0.0,0.0,0.0
2016-03-18,204.1699981689453,204.77999877929688,203.8000030517578,204.3800048828125,173.1929473876953,138372400,1.05,0.0,0.0
2016-03-21,204.07000732421875,204.94000244140625,203.8000030517578,204.6699981689453,173.4386444091797,72926700,0.0,0.0,0.0
2016-03-22,203.75999450683594,205.22999572753906,203.57000732421875,204.55999755859375,173.34542846679688,97471900,0.0,0.0,0.0
2016-03-23,204.11000061035156,204.3300018310547,203.00999450683594,203.2100067138672,172.20144653320312,81052500,0.0,0.0,0.0
2016-03-24,202.0,203.16000366210938,201.74000549316406,203.1199951171875,172.1251678466797,84360900,0.0,0.0,0.0
2016-03-28,203.61000061035156,203.86000061035156,202.7100067138672,203.24000549316406,172.22686767578125,62408200,0.0,0.0,0.0
2016-03-29,202.75999450683594,205.25,202.39999389648438,205.1199951171875,173.8200225830078,92922900,0.0,0.0,0.0
2016-03-30,206.3000030517578,206.8699951171875,205.58999633789062,206.02000427246094,174.5826873779297,86365300,0.0,0.0,0.0
2016-03-31,205.91000366210938,206.41000366210938,205.3300018310547,205.52000427246094,174.1589813232422,94584100,0.0,0.0,0.0
2016-04-01,204.35000610351562,207.13999938964844,203.97999572753906,206.9199981689453,175.3452911376953,114423500,0.0,0.0,0.0
2016-04-04,206.8300018310547,207.07000732421875,205.88999938964844,206.25,174.77755737304688,63497000,0.0,0.0,0.0
2016-04-05,204.6699981689453,206.25999450683594,203.88999938964844,204.19000244140625,173.0319061279297,99662200,0.0,0.0,0.0
2016-04-06,204.19000244140625,206.49000549316406,203.97999572753906,206.4199981689453,174.92160034179688,91839800,0.0,0.0,0.0
2016-04-07,205.13999938964844,205.55999755859375,203.08999633789062,203.9499969482422,172.82858276367188,113859000,0.0,0.0,0.0
2016-04-08,205.33999633789062,205.85000610351562,203.8699951171875,204.5,173.29458618164062,95040600,0.0,0.0,0.0
2016-04-11,205.25,206.07000732421875,203.91000366210938,204.02000427246094,172.88783264160156,83757500,0.0,0.0,0.0
2016-04-12,204.22000122070312,206.25,203.6999969482422,205.9199981689453,174.49790954589844,115350600,0.0,0.0,0.0
2016-04-13,207.0,208.10000610351562,206.83999633789062,208.0,176.260498046875,96336400,0.0,0.0,0.0
2016-04-14,208.07000732421875,208.60000610351562,207.60000610351562,208.00999450683594,176.2689666748047,65212900,0.0,0.0,0.0
2016-04-15,208.00999450683594,208.1699981689453,207.39999389648438,207.77999877929688,176.0740966796875,75761600,0.0,0.0,0.0
2016-04-18,207.77999877929688,209.27999877929688,207.0,209.24000549316406,177.3113250732422,82531000,0.0,0.0,0.0
2016-04-19,209.74000549316406,210.1999969482422,208.94000244140625,209.89999389648438,177.8705596923828,88316100,0.0,0.0,0.0
2016-04-20,209.9499969482422,210.9199981689453,209.38999938964844,210.10000610351562,178.0400848388672,81100300,0.0,0.0,0.0
2016-04-21,210.1199951171875,210.25,208.64999389648438,208.97000122070312,177.0825653076172,85695000,0.0,0.0,0.0
2016-04-22,208.5500030517578,209.2899932861328,207.91000366210938,208.97000122070312,177.0825653076172,99251700,0.0,0.0,0.0
2016-04-25,208.25999450683594,208.66000366210938,207.5399932861328,208.61000061035156,176.77745056152344,66166500,0.0,0.0,0.0
2016-04-26,209.0399932861328,209.52000427246094,208.36000061035156,208.9199981689453,177.04014587402344,75864200,0.0,0.0,0.0
2016-04-27,208.47000122070312,209.80999755859375,208.0500030517578,209.35000610351562,177.404541015625,77329400,0.0,0.0,0.0
2016-04-28,208.4600067138672,209.75999450683594,206.9600067138672,207.4499969482422,175.79443359375,97216200,0.0,0.0,0.0
2016-04-29,206.72000122070312,207.1300048828125,205.02999877929688,206.3300018310547,174.8453826904297,142424100,0.0,0.0,0.0
2016-05-02,206.9199981689453,208.17999267578125,206.41000366210938,207.97000122070312,176.2350616455078,62188000,0.0,0.0,0.0
2016-05-03,206.52000427246094,206.8000030517578,205.27999877929688,206.16000366210938,174.7012939453125,106422100,0.0,0.0,0.0
2016-05-04,204.99000549316406,205.85000610351562,204.4199981689453,205.00999450683594,173.72679138183594,92243800,0.0,0.0,0.0
2016-05-05,205.55999755859375,205.97999572753906,204.47000122070312,204.97000122070312,173.69288635253906,67619200,0.0,0.0,0.0
2016-05-06,204.05999755859375,205.77000427246094,203.8800048828125,205.72000122070312,174.3284912109375,89315000,0.0,0.0,0.0
2016-05-09,205.57000732421875,206.39999389648438,205.36000061035156,205.88999938964844,174.4725341796875,74374900,0.0,0.0,0.0
2016-05-10,206.72000122070312,208.47000122070312,206.63999938964844,208.4499969482422,176.64181518554688,77472200,0.0,0.0,0.0
2016-05-11,207.91000366210938,208.5399932861328,206.5,206.5,174.98941040039062,81727000,0.0,0.0,0.0
2016-05-12,207.2899932861328,207.49000549316406,205.3699951171875,206.55999755859375,175.04025268554688,89586300,0.0,0.0,0.0
2016-05-13,206.2100067138672,206.86000061035156,204.3800048828125,204.75999450683594,173.5149383544922,96474600,0.0,0.0,0.0
2016-05-16,204.9600067138672,207.33999633789062,204.88999938964844,206.77999877929688,175.22666931152344,77486800,0.0,0.0,0.0
2016-05-17,206.4600067138672,206.8000030517578,204.22999572753906,204.85000610351562,173.5911865234375,114924900,0.0,0.0,0.0
2016-05-18,204.44000244140625,206.3000030517578,203.6300048828125,204.91000366210938,173.6420440673828,120062100,0.0,0.0,0.0
2016-05-19,204.05999755859375,204.5399932861328,202.77999877929688,204.1999969482422,173.04029846191406,115430500,0.0,0.0,0.0
2016-05-20,204.9199981689453,206.10000610351562,204.86000061035156,205.49000549316406,174.13351440429688,104990400,0.0,0.0,0.0
2016-05-23,205.50999450683594,205.83999633789062,204.99000549316406,205.2100067138672,173.89625549316406,58682600,0.0,0.0,0.0
2016-05-24,206.1699981689453,208.24000549316406,206.13999938964844,207.8699951171875,176.15032958984375,93537800,0.0,0.0,0.0
2016-05-25,208.6699981689453,209.77000427246094,207.8699951171875,209.27999877929688,177.34523010253906,76621400,0.0,0.0,0.0
2016-05-26,209.44000244140625,209.7100067138672,208.97000122070312,209.33999633789062,177.3960723876953,55280700,0.0,0.0,0.0
2016-05-27,209.52999877929688,210.25,209.47000122070312,210.24000549316406,178.15870666503906,64211200,0.0,0.0,0.0
2016-05-31,210.55999755859375,210.69000244140625,209.17999267578125,209.83999633789062,177.8197479248047,109879400,0.0,0.0,0.0
2016-06-01,209.1199951171875,210.47999572753906,208.88999938964844,210.27000427246094,178.1841278076172,69936200,0.0,0.0,0.0
2016-06-02,209.8000030517578,210.92999267578125,209.24000549316406,210.91000366210938,178.72653198242188,63044700,0.0,0.0,0.0
2016-06-03,210.25,210.69000244140625,208.86000061035156,210.27999877929688,178.19259643554688,101757100,0.0,0.0,0.0
2016-06-06,210.6999969482422,211.77000427246094,210.50999450683594,211.35000610351562,179.099365234375,64887000,0.0,0.0,0.0
2016-06-07,211.52999877929688,212.33999633789062,211.5,211.67999267578125,179.37892150878906,60974800,0.0,0.0,0.0
2016-06-08,211.83999633789062,212.52000427246094,211.69000244140625,212.3699951171875,179.96365356445312,66170900,0.0,0.0,0.0
2016-06-09,211.50999450683594,212.22000122070312,211.19000244140625,212.0800018310547,179.71791076660156,73786900,0.0,0.0,0.0
2016-06-10,210.4600067138672,210.86000061035156,209.42999267578125,210.07000732421875,178.01463317871094,113829200,0.0,0.0,0.0
2016-06-13,209.36000061035156,210.3699951171875,208.35000610351562,208.4499969482422,176.64181518554688,117751200,0.0,0.0,0.0
2016-06-14,208.0,208.74000549316406,206.9199981689453,208.0399932861328,176.29441833496094,125059300,0.0,0.0,0.0
2016-06-15,208.0399932861328,209.36000061035156,207.52999877929688,207.75,176.04872131347656,109124500,0.0,0.0,0.0
2016-06-16,207.75,208.57000732421875,205.58999633789062,208.3699951171875,176.57406616210938,149533100,0.0,0.0,0.0
2016-06-17,207.1699981689453,207.1999969482422,205.75,206.52000427246094,175.91648864746094,117055700,1.078,0.0,0.0
2016-06-20,208.82000732421875,209.61000061035156,207.75,207.85000610351562,177.0493621826172,82789600,0.0,0.0,0.0
2016-06-21,208.3000030517578,208.9199981689453,207.77999877929688,208.44000244140625,177.55189514160156,72461700,0.0,0.0,0.0
2016-06-22,208.64999389648438,209.5,207.92999267578125,208.10000610351562,177.26234436035156,95560500,0.0,0.0,0.0
2016-06-23,209.80999755859375,210.8699951171875,209.27000427246094,210.80999755859375,179.57073974609375,102731400,0.0,0.0,0.0
2016-06-24,203.6300048828125,210.85000610351562,202.72000122070312,203.24000549316406,173.12254333496094,333444400,0.0,0.0,0.0
2016-06-27,201.58999633789062,201.60000610351562,198.64999389648438,199.60000610351562,170.0219268798828,230775800,0.0,0.0,0.0
2016-06-28,201.47999572753906,203.22999572753906,201.1199951171875,203.1999969482422,173.0884552001953,159382400,0.0,0.0,0.0
2016-06-29,204.83999633789062,206.92999267578125,204.72000122070312,206.66000366210938,176.03567504882812,137328600,0.0,0.0,0.0
2016-06-30,207.2100067138672,209.5399932861328,206.55999755859375,209.47999572753906,178.43783569335938,165021900,0.0,0.0,0.0
2016-07-01,209.47999572753906,210.49000549316406,209.2899932861328,209.9199981689453,178.81265258789062,106055300,0.0,0.0,0.0
2016-07-05,208.9499969482422,209.0800018310547,207.7100067138672,208.41000366210938,177.5264129638672,109803700,0.0,0.0,0.0
2016-07-06,207.8300018310547,209.8000030517578,207.05999755859375,209.66000366210938,178.59117126464844,96021500,0.0,0.0,0.0
2016-07-07,209.8699951171875,210.64999389648438,208.6300048828125,209.52999877929688,178.48040771484375,85593800,0.0,0.0,0.0
2016-07-08,211.0500030517578,212.94000244140625,210.77999877929688,212.64999389648438,181.13804626464844,133971000,0.0,0.0,0.0
2016-07-11,213.19000244140625,214.07000732421875,212.9499969482422,213.39999389648438,181.7769775390625,73633900,0.0,0.0,0.0
2016-07-12,214.52999877929688,215.3000030517578,213.42999267578125,214.9499969482422,183.09727478027344,101275600,0.0,0.0,0.0
2016-07-13,215.44000244140625,215.4499969482422,214.35000610351562,214.9199981689453,183.0717010498047,87324100,0.0,0.0,0.0
2016-07-14,216.39999389648438,216.6699981689453,215.66000366210938,216.1199951171875,184.0938720703125,91230900,0.0,0.0,0.0
2016-07-15,216.77999877929688,217.00999450683594,215.30999755859375,215.8300018310547,183.8468780517578,107155400,0.0,0.0,0.0
2016-07-18,215.97000122070312,216.60000610351562,215.6699981689453,216.41000366210938,184.3409423828125,58725900,0.0,0.0,0.0
2016-07-19,215.9199981689453,216.22999572753906,215.6300048828125,216.19000244140625,184.1534881591797,54345700,0.0,0.0,0.0
2016-07-20,216.19000244140625,217.3699951171875,216.19000244140625,217.08999633789062,184.92010498046875,58159500,0.0,0.0,0.0
2016-07-21,216.9600067138672,217.22000122070312,215.75,216.27000427246094,184.22164916992188,67777300,0.0,0.0,0.0
2016-07-22,216.41000366210938,217.3000030517578,216.10000610351562,217.24000549316406,185.0478973388672,62787500,0.0,0.0,0.0
2016-07-25,217.0,217.05999755859375,215.97000122070312,216.64999389648438,184.54530334472656,55873100,0.0,0.0,0.0
2016-07-26,216.52999877929688,217.1699981689453,215.75999450683594,216.75,184.6305389404297,70080500,0.0,0.0,0.0
2016-07-27,217.19000244140625,217.27000427246094,215.6199951171875,216.52000427246094,184.43460083007812,84083900,0.0,0.0,0.0
2016-07-28,216.2899932861328,217.11000061035156,215.75,216.77000427246094,184.64756774902344,65035700,0.0,0.0,0.0
2016-07-29,216.4600067138672,217.5399932861328,216.1300048828125,217.1199951171875,184.9456787109375,79519400,0.0,0.0,0.0
2016-08-01,217.19000244140625,217.64999389648438,216.41000366210938,216.94000244140625,184.79234313964844,73311400,0.0,0.0,0.0
2016-08-02,216.64999389648438,216.8300018310547,214.57000732421875,215.5500030517578,183.60833740234375,92295500,0.0,0.0,0.0
2016-08-03,215.47999572753906,216.25,215.1300048828125,216.17999267578125,184.14495849609375,53993600,0.0,0.0,0.0
2016-08-04,216.30999755859375,216.77999877929688,214.25,216.41000366210938,184.3409423828125,46585500,0.0,0.0,0.0
2016-08-05,216.41000366210938,218.22999572753906,216.41000366210938,218.17999267578125,185.84860229492188,71892200,0.0,0.0,0.0
2016-08-08,218.39999389648438,218.52000427246094,217.74000549316406,218.0500030517578,185.7378387451172,39906500,0.0,0.0,0.0
2016-08-09,218.1300048828125,218.75999450683594,217.8000030517578,218.17999267578125,185.84860229492188,51251700,0.0,0.0,0.0
2016-08-10,218.30999755859375,218.39999389648438,217.22999572753906,217.63999938964844,185.3886260986328,57941100,0.0,0.0,0.0
2016-08-11,218.25999450683594,218.94000244140625,217.9499969482422,218.64999389648438,186.24900817871094,72504300,0.0,0.0,0.0
2016-08-12,218.2899932861328,218.7100067138672,217.99000549316406,218.4600067138672,186.087158203125,61313500,0.0,0.0,0.0
2016-08-15,218.88999938964844,219.5,218.8800048828125,219.08999633789062,186.62374877929688,49813500,0.0,0.0,0.0
2016-08-16,218.60000610351562,218.67999267578125,217.9600067138672,217.9600067138672,185.66116333007812,53213600,0.0,0.0,0.0
2016-08-17,218.0,218.52999877929688,217.02000427246094,218.3699951171875,186.010498046875,75134300,0.0,0.0,0.0
2016-08-18,218.33999633789062,218.89999389648438,218.2100067138672,218.86000061035156,186.42782592773438,52989300,0.0,0.0,0.0
2016-08-19,218.30999755859375,218.75,217.74000549316406,218.5399932861328,186.15525817871094,75443000,0.0,0.0,0.0
2016-08-22,218.25999450683594,218.8000030517578,217.8300018310547,218.52999877929688,186.14671325683594,61368800,0.0,0.0,0.0
2016-08-23,219.25,219.60000610351562,218.89999389648438,218.97000122070312,186.52154541015625,53399200,0.0,0.0,0.0
2016-08-24,218.8000030517578,218.91000366210938,217.36000061035156,217.85000610351562,185.56747436523438,71728900,0.0,0.0,0.0
2016-08-25,217.39999389648438,218.19000244140625,217.22000122070312,217.6999969482422,185.43975830078125,69224800,0.0,0.0,0.0
2016-08-26,217.9199981689453,219.1199951171875,216.25,217.2899932861328,185.0904998779297,122506300,0.0,0.0,0.0
2016-08-29,217.44000244140625,218.6699981689453,217.39999389648438,218.36000061035156,186.0019073486328,70502200,0.0,0.0,0.0
2016-08-30,218.25999450683594,218.58999633789062,217.35000610351562,218.0,185.6952667236328,58114500,0.0,0.0,0.0
2016-08-31,217.61000061035156,217.75,216.47000122070312,217.3800048828125,185.16717529296875,85269500,0.0,0.0,0.0
2016-09-01,217.3699951171875,217.72999572753906,216.02999877929688,217.38999938964844,185.1756591796875,97844200,0.0,0.0,0.0
2016-09-02,218.38999938964844,218.8699951171875,217.6999969482422,218.3699951171875,186.010498046875,79293900,0.0,0.0,0.0
2016-09-06,218.6999969482422,219.1199951171875,217.86000061035156,219.02999877929688,186.57266235351562,56702100,0.0,0.0,0.0
2016-09-07,218.83999633789062,219.22000122070312,218.3000030517578,219.00999450683594,186.5556182861328,76554900,0.0,0.0,0.0
2016-09-08,218.6199951171875,218.94000244140625,218.14999389648438,218.50999450683594,186.1296844482422,74102900,0.0,0.0,0.0
2016-09-09,216.97000122070312,217.02999877929688,213.25,213.27999877929688,181.67471313476562,221589100,0.0,0.0,0.0
2016-09-12,212.38999938964844,216.80999755859375,212.30999755859375,216.33999633789062,184.28125,168110900,0.0,0.0,0.0
2016-09-13,214.83999633789062,215.14999389648438,212.5,213.22999572753906,181.63211059570312,182828800,0.0,0.0,0.0
2016-09-14,213.2899932861328,214.6999969482422,212.5,213.14999389648438,181.56398010253906,134185500,0.0,0.0,0.0
2016-09-15,212.9600067138672,215.72999572753906,212.75,215.27999877929688,183.37835693359375,134427900,0.0,0.0,0.0
2016-09-16,213.47999572753906,213.69000244140625,212.57000732421875,213.3699951171875,182.66946411132812,155236400,1.082,0.0,0.0
2016-09-19,214.1300048828125,214.8800048828125,213.02999877929688,213.41000366210938,182.7037353515625,80250500,0.0,0.0,0.0
2016-09-20,214.41000366210938,214.58999633789062,213.3800048828125,213.4199981689453,182.71224975585938,69665300,0.0,0.0,0.0
2016-09-21,214.24000549316406,216.02999877929688,213.44000244140625,215.82000732421875,184.7669677734375,110284400,0.0,0.0,0.0
2016-09-22,217.0,217.52999877929688,216.7100067138672,217.17999267578125,185.93124389648438,76678700,0.0,0.0,0.0
2016-09-23,216.72000122070312,216.8800048828125,215.8800048828125,215.99000549316406,184.9125213623047,73630900,0.0,0.0,0.0
2016-09-26,215.02000427246094,215.22999572753906,214.00999450683594,214.24000549316406,183.41429138183594,89827300,0.0,0.0,0.0
2016-09-27,214.0500030517578,215.67999267578125,213.6199951171875,215.57000732421875,184.55294799804688,78494800,0.0,0.0,0.0
2016-09-28,215.8300018310547,216.82000732421875,214.7100067138672,216.63999938964844,185.46900939941406,87411000,0.0,0.0,0.0
2016-09-29,216.39999389648438,216.8699951171875,214.0399932861328,214.67999267578125,183.79095458984375,128070600,0.0,0.0,0.0
2016-09-30,215.64999389648438,217.1199951171875,215.36000061035156,216.3000030517578,185.17791748046875,117202900,0.0,0.0,0.0
2016-10-03,215.82000732421875,216.0399932861328,215.0399932861328,215.77999877929688,184.73275756835938,83512100,0.0,0.0,0.0
2016-10-04,215.91000366210938,216.1699981689453,213.99000549316406,214.67999267578125,183.79095458984375,119948100,0.0,0.0,0.0
2016-10-05,215.41000366210938,216.1300048828125,215.3300018310547,215.6300048828125,184.60426330566406,72816000,0.0,0.0,0.0
2016-10-06,215.3699951171875,216.0399932861328,214.74000549316406,215.77999877929688,184.73275756835938,62927400,0.0,0.0,0.0
2016-10-07,216.10000610351562,216.3000030517578,214.19000244140625,215.0399932861328,184.0991973876953,89788300,0.0,0.0,0.0
2016-10-10,216.16000366210938,216.6999969482422,215.99000549316406,216.16000366210938,185.05809020996094,51855000,0.0,0.0,0.0
2016-10-11,215.66000366210938,215.74000549316406,212.5800018310547,213.42999267578125,182.72085571289062,130367400,0.0,0.0,0.0
2016-10-12,213.58999633789062,214.32000732421875,213.00999450683594,213.7100067138672,182.96055603027344,73866100,0.0,0.0,0.0
2016-10-13,212.16000366210938,213.58999633789062,211.2100067138672,213.00999450683594,182.36123657226562,101357000,0.0,0.0,0.0
2016-10-14,214.14999389648438,214.69000244140625,213.02999877929688,213.1199951171875,182.4554443359375,93346200,0.0,0.0,0.0
2016-10-17,213.08999633789062,213.38999938964844,212.1699981689453,212.3800048828125,181.8219451904297,58275700,0.0,0.0,0.0
2016-10-18,214.24000549316406,214.30999755859375,213.27000427246094,213.7100067138672,182.96055603027344,76869700,0.0,0.0,0.0
2016-10-19,214.02000427246094,214.63999938964844,213.60000610351562,214.27999877929688,183.44854736328125,66519200,0.0,0.0,0.0
2016-10-20,213.8699951171875,214.52999877929688,213.11000061035156,213.8800048828125,183.10610961914062,73639800,0.0,0.0,0.0
2016-10-21,213.8800048828125,214.0800018310547,212.75999450683594,213.97999572753906,183.19175720214844,89089100,0.0,0.0,0.0
2016-10-24,215.0,215.32000732421875,214.47999572753906,214.88999938964844,183.97076416015625,60146600,0.0,0.0,0.0
2016-10-25,214.67999267578125,214.97999572753906,213.97999572753906,214.1699981689453,183.3543701171875,66542300,0.0,0.0,0.0
2016-10-26,213.2100067138672,214.4199981689453,212.92999267578125,213.74000549316406,182.98622131347656,75705500,0.0,0.0,0.0
2016-10-27,214.5800018310547,214.6199951171875,213.0800018310547,213.1699981689453,182.4982452392578,77220200,0.0,0.0,0.0
2016-10-28,213.13999938964844,213.92999267578125,211.7100067138672,212.5399932861328,181.95892333984375,140623200,0.0,0.0,0.0
2016-10-31,212.92999267578125,213.19000244140625,212.36000061035156,212.5500030517578,181.96743774414062,61272500,0.0,0.0,0.0
2016-11-01,212.92999267578125,212.99000549316406,209.60000610351562,211.00999450683594,180.6490478515625,122781800,0.0,0.0,0.0
2016-11-02,210.64999389648438,211.10000610351562,209.22999572753906,209.74000549316406,179.56179809570312,103330800,0.0,0.0,0.0
2016-11-03,209.99000549316406,210.24000549316406,208.4600067138672,208.77999877929688,178.73989868164062,88939300,0.0,0.0,0.0
2016-11-04,208.91000366210938,209.88999938964844,208.3800048828125,208.5500030517578,178.5430145263672,109122100,0.0,0.0,0.0
2016-11-07,208.5500030517578,213.19000244140625,208.5500030517578,213.14999389648438,182.48117065429688,109794900,0.0,0.0,0.0
2016-11-08,212.69000244140625,214.77000427246094,212.3800048828125,214.11000061035156,183.30300903320312,106772100,0.0,0.0,0.0
2016-11-09,212.3699951171875,217.10000610351562,212.33999633789062,216.3800048828125,185.2463836669922,258429000,0.0,0.0,0.0
2016-11-10,217.3000030517578,218.30999755859375,215.22000122070312,216.9199981689453,185.7086639404297,172113300,0.0,0.0,0.0
2016-11-11,216.0800018310547,216.6999969482422,215.32000732421875,216.4199981689453,185.2806396484375,100552700,0.0,0.0,0.0
2016-11-14,217.02999877929688,217.27000427246094,215.72000122070312,216.58999633789062,185.4261932373047,94580000,0.0,0.0,0.0
2016-11-15,217.0399932861328,218.27999877929688,216.8000030517578,218.27999877929688,186.87298583984375,91652600,0.0,0.0,0.0
2016-11-16,217.55999755859375,218.13999938964844,217.4199981689453,217.8699951171875,186.52200317382812,65617700,0.0,0.0,0.0
2016-11-17,218.0500030517578,219.05999755859375,217.9199981689453,218.99000549316406,187.48085021972656,69797200,0.0,0.0,0.0
2016-11-18,219.07000732421875,219.27000427246094,218.2899932861328,218.5,187.0613555908203,86265800,0.0,0.0,0.0
2016-11-21,219.1699981689453,220.17999267578125,219.0,220.14999389648438,188.4739532470703,72402600,0.0,0.0,0.0
2016-11-22,220.50999450683594,220.7899932861328,219.72999572753906,220.5800018310547,188.84210205078125,67429000,0.0,0.0,0.0
2016-11-23,219.97999572753906,220.75999450683594,219.75,220.6999969482422,188.94483947753906,56620200,0.0,0.0,0.0
2016-11-25,221.10000610351562,221.55999755859375,221.00999450683594,221.52000427246094,189.6468048095703,37872300,0.0,0.0,0.0
2016-11-28,221.16000366210938,221.47999572753906,220.36000061035156,220.47999572753906,188.75640869140625,76572500,0.0,0.0,0.0
2016-11-29,220.52000427246094,221.44000244140625,220.1699981689453,220.91000366210938,189.12460327148438,69886700,0.0,0.0,0.0
2016-11-30,221.6300048828125,221.82000732421875,220.30999755859375,220.3800048828125,188.67083740234375,113291800,0.0,0.0,0.0
2016-12-01,220.72999572753906,220.72999572753906,219.14999389648438,219.57000732421875,187.9773712158203,79040500,0.0,0.0,0.0
2016-12-02,219.6699981689453,220.25,219.25999450683594,219.67999267578125,188.07154846191406,74840300,0.0,0.0,0.0
2016-12-05,220.64999389648438,221.39999389648438,220.4199981689453,221.0,189.20162963867188,67837800,0.0,0.0,0.0
2016-12-06,221.22000122070312,221.74000549316406,220.66000366210938,221.6999969482422,189.80091857910156,59877400,0.0,0.0,0.0
2016-12-07,221.52000427246094,224.6699981689453,221.3800048828125,224.60000610351562,192.28367614746094,110738100,0.0,0.0,0.0
2016-12-08,224.57000732421875,225.6999969482422,224.25999450683594,225.14999389648438,192.75453186035156,99714400,0.0,0.0,0.0
2016-12-09,225.41000366210938,226.52999877929688,225.3699951171875,226.50999450683594,193.9188690185547,88005800,0.0,0.0,0.0
2016-12-12,226.39999389648438,226.9600067138672,225.75999450683594,226.25,193.6962127685547,102016100,0.0,0.0,0.0
2016-12-13,227.02000427246094,228.33999633789062,227.0,227.75999450683594,194.98899841308594,110477500,0.0,0.0,0.0
2016-12-14,227.41000366210938,228.22999572753906,225.3699951171875,225.8800048828125,193.3795166015625,142501800,0.0,0.0,0.0
2016-12-15,226.16000366210938,227.80999755859375,225.88999938964844,226.80999755859375,194.1756591796875,124972600,0.0,0.0,0.0
2016-12-16,226.00999450683594,226.0800018310547,224.6699981689453,225.0399932861328,193.79591369628906,156420200,1.329,0.0,0.0
2016-12-19,225.25,226.02000427246094,225.0800018310547,225.52999877929688,194.2178955078125,90341100,0.0,0.0,0.0
2016-12-20,226.14999389648438,226.57000732421875,225.8800048828125,226.39999389648438,194.9670867919922,89838800,0.0,0.0,0.0
2016-12-21,226.25,226.4499969482422,225.77000427246094,225.77000427246094,194.42454528808594,67909000,0.0,0.0,0.0
2016-12-22,225.60000610351562,225.74000549316406,224.9199981689453,225.3800048828125,194.08871459960938,56219100,0.0,0.0,0.0
2016-12-23,225.42999267578125,225.72000122070312,225.2100067138672,225.7100067138672,194.37289428710938,36697800,0.0,0.0,0.0
2016-12-27,226.02000427246094,226.72999572753906,226.0,226.27000427246094,194.8551483154297,42672500,0.0,0.0,0.0
2016-12-28,226.57000732421875,226.58999633789062,224.27000427246094,224.39999389648438,193.24476623535156,64095000,0.0,0.0,0.0
2016-12-29,224.47999572753906,224.88999938964844,223.83999633789062,224.35000610351562,193.2017059326172,48696100,0.0,0.0,0.0
2016-12-30,224.72999572753906,224.8300018310547,222.72999572753906,223.52999877929688,192.49554443359375,108998300,0.0,0.0,0.0
2017-01-03,225.0399932861328,225.8300018310547,223.8800048828125,225.24000549316406,193.9681396484375,91366500,0.0,0.0,0.0
2017-01-04,225.6199951171875,226.75,225.61000061035156,226.5800018310547,195.12208557128906,78744400,0.0,0.0,0.0
2017-01-05,226.27000427246094,226.5800018310547,225.47999572753906,226.39999389648438,194.9670867919922,78379000,0.0,0.0,0.0
2017-01-06,226.52999877929688,227.75,225.89999389648438,227.2100067138672,195.66461181640625,71559900,0.0,0.0,0.0
2017-01-09,226.91000366210938,227.07000732421875,226.4199981689453,226.4600067138672,195.0187530517578,46939700,0.0,0.0,0.0
2017-01-10,226.47999572753906,227.4499969482422,226.00999450683594,226.4600067138672,195.0187530517578,63771900,0.0,0.0,0.0
2017-01-11,226.36000061035156,227.10000610351562,225.58999633789062,227.10000610351562,195.56993103027344,74650000,0.0,0.0,0.0
2017-01-12,226.5,226.75,224.9600067138672,226.52999877929688,195.0790252685547,72113200,0.0,0.0,0.0
2017-01-13,226.72999572753906,227.39999389648438,226.69000244140625,227.0500030517578,195.52679443359375,62717900,0.0,0.0,0.0
2017-01-17,226.30999755859375,226.77999877929688,225.8000030517578,226.25,194.837890625,61240800,0.0,0.0,0.0
2017-01-18,226.5399932861328,226.8000030517578,225.89999389648438,226.75,195.2685546875,54793300,0.0,0.0,0.0
2017-01-19,226.83999633789062,227.0,225.41000366210938,225.91000366210938,194.54518127441406,66608800,0.0,0.0,0.0
2017-01-20,226.6999969482422,227.30999755859375,225.97000122070312,226.74000549316406,195.2598876953125,129168600,0.0,0.0,0.0
2017-01-23,226.74000549316406,226.80999755859375,225.27000427246094,226.14999389648438,194.75181579589844,75061600,0.0,0.0,0.0
2017-01-24,226.39999389648438,228.0800018310547,226.27000427246094,227.60000610351562,196.00050354003906,95555300,0.0,0.0,0.0
2017-01-25,228.6999969482422,229.57000732421875,228.50999450683594,229.57000732421875,197.6969757080078,84437700,0.0,0.0,0.0
2017-01-26,229.39999389648438,229.7100067138672,229.00999450683594,229.3300018310547,197.4903106689453,59970700,0.0,0.0,0.0
2017-01-27,229.4199981689453,229.58999633789062,228.75999450683594,228.97000122070312,197.1802978515625,59711100,0.0,0.0,0.0
2017-01-30,228.1699981689453,228.1999969482422,226.41000366210938,227.5500030517578,195.95745849609375,79737300,0.0,0.0,0.0
2017-01-31,226.97999572753906,227.60000610351562,226.32000732421875,227.52999877929688,195.940185546875,75880800,0.0,0.0,0.0
2017-02-01,227.52999877929688,228.58999633789062,226.94000244140625,227.6199951171875,196.01773071289062,79117700,0.0,0.0,0.0
2017-02-02,227.6199951171875,228.10000610351562,226.82000732421875,227.77000427246094,196.1469268798828,69657600,0.0,0.0,0.0
2017-02-03,228.82000732421875,229.5500030517578,228.4600067138672,229.33999633789062,197.4989013671875,80563200,0.0,0.0,0.0
2017-02-06,228.8699951171875,229.3300018310547,228.5399932861328,228.92999267578125,197.14581298828125,57790100,0.0,0.0,0.0
2017-02-07,229.3800048828125,229.66000366210938,228.72000122070312,228.94000244140625,197.15443420410156,57931200,0.0,0.0,0.0
2017-02-08,228.94000244140625,229.38999938964844,228.30999755859375,229.24000549316406,197.41278076171875,51566200,0.0,0.0,0.0
2017-02-09,229.24000549316406,230.9499969482422,229.24000549316406,230.60000610351562,198.58401489257812,65955200,0.0,0.0,0.0
2017-02-10,231.0,231.77000427246094,230.6199951171875,231.50999450683594,199.36764526367188,66015900,0.0,0.0,0.0
2017-02-13,232.0800018310547,233.07000732421875,232.0500030517578,232.77000427246094,200.45269775390625,55182100,0.0,0.0,0.0
2017-02-14,232.55999755859375,233.7100067138672,232.16000366210938,233.6999969482422,201.2536163330078,71109000,0.0,0.0,0.0
2017-02-15,233.4499969482422,235.13999938964844,233.38999938964844,234.9199981689453,202.3041534423828,86785800,0.0,0.0,0.0
2017-02-16,234.9499969482422,235.16000366210938,233.85000610351562,234.72000122070312,202.13197326660156,84722400,0.0,0.0,0.0
2017-02-17,233.9499969482422,235.08999633789062,233.92999267578125,235.08999633789062,202.45059204101562,77204100,0.0,0.0,0.0
2017-02-21,235.52000427246094,236.69000244140625,235.50999450683594,236.49000549316406,203.65618896484375,88946100,0.0,0.0,0.0
2017-02-22,236.02000427246094,236.5399932861328,235.8300018310547,236.27999877929688,203.4754180908203,62115200,0.0,0.0,0.0
2017-02-23,236.8800048828125,236.89999389648438,235.55999755859375,236.44000244140625,203.61318969726562,74615900,0.0,0.0,0.0
2017-02-24,235.4600067138672,236.7899932861328,235.41000366210938,236.74000549316406,203.87147521972656,82381600,0.0,0.0,0.0
2017-02-27,236.63999938964844,237.30999755859375,236.35000610351562,237.11000061035156,204.19012451171875,56515400,0.0,0.0,0.0
2017-02-28,236.6699981689453,236.9499969482422,236.02000427246094,236.47000122070312,203.63900756835938,96961900,0.0,0.0,0.0
2017-03-01,238.38999938964844,240.32000732421875,238.3699951171875,239.77999877929688,206.48947143554688,149158200,0.0,0.0,0.0
2017-03-02,239.55999755859375,239.57000732421875,238.2100067138672,238.27000427246094,205.18907165527344,70246000,0.0,0.0,0.0
2017-03-03,238.1699981689453,238.61000061035156,237.72999572753906,238.4199981689453,205.31825256347656,81974300,0.0,0.0,0.0
2017-03-06,237.5,238.1199951171875,237.00999450683594,237.7100067138672,204.70684814453125,55391500,0.0,0.0,0.0
2017-03-07,237.36000061035156,237.77000427246094,236.75999450683594,237.0,204.09542846679688,65103700,0.0,0.0,0.0
2017-03-08,237.33999633789062,237.63999938964844,236.39999389648438,236.55999755859375,203.7165069580078,78168800,0.0,0.0,0.0
2017-03-09,236.6999969482422,237.24000549316406,235.74000549316406,236.86000061035156,203.97483825683594,90683900,0.0,0.0,0.0
2017-03-10,237.97000122070312,238.02000427246094,236.58999633789062,237.69000244140625,204.68963623046875,81991700,0.0,0.0,0.0
2017-03-13,237.6199951171875,237.86000061035156,237.24000549316406,237.80999755859375,204.79295349121094,57256800,0.0,0.0,0.0
2017-03-14,237.17999267578125,237.24000549316406,236.19000244140625,236.89999389648438,204.00927734375,59880800,0.0,0.0,0.0
2017-03-15,237.55999755859375,239.44000244140625,237.2899932861328,238.9499969482422,205.774658203125,96081800,0.0,0.0,0.0
2017-03-16,239.11000061035156,239.1999969482422,238.10000610351562,238.47999572753906,205.36993408203125,78344000,0.0,0.0,0.0
2017-03-17,237.75,237.97000122070312,237.02999877929688,237.02999877929688,205.00926208496094,89002100,1.033,0.0,0.0
2017-03-20,237.02999877929688,237.36000061035156,236.32000732421875,236.77000427246094,204.78439331054688,52537000,0.0,0.0,0.0
2017-03-21,237.47000122070312,237.61000061035156,233.5800018310547,233.72999572753906,202.15504455566406,131809300,0.0,0.0,0.0
2017-03-22,233.77000427246094,234.61000061035156,233.0500030517578,234.27999877929688,202.6307830810547,97569200,0.0,0.0,0.0
2017-03-23,234.27999877929688,235.33999633789062,233.60000610351562,234.02999877929688,202.41458129882812,100410300,0.0,0.0,0.0
2017-03-24,234.3800048828125,235.0399932861328,232.9600067138672,233.86000061035156,202.26751708984375,112504900,0.0,0.0,0.0
2017-03-27,231.92999267578125,233.9199981689453,231.61000061035156,233.6199951171875,202.05987548828125,87454500,0.0,0.0,0.0
2017-03-28,233.27000427246094,235.80999755859375,233.13999938964844,235.32000732421875,203.5302276611328,93483900,0.0,0.0,0.0
2017-03-29,234.99000549316406,235.80999755859375,234.72999572753906,235.5399932861328,203.72056579589844,61950400,0.0,0.0,0.0
2017-03-30,235.47000122070312,236.52000427246094,235.27000427246094,236.2899932861328,204.3692626953125,56737900,0.0,0.0,0.0
2017-03-31,235.89999389648438,236.50999450683594,235.67999267578125,235.74000549316406,203.89349365234375,73733100,0.0,0.0,0.0
2017-04-03,235.8000030517578,236.02999877929688,233.91000366210938,235.3300018310547,203.53895568847656,85546500,0.0,0.0,0.0
2017-04-04,235.0,235.5800018310547,234.55999755859375,235.47999572753906,203.66867065429688,56466200,0.0,0.0,0.0
2017-04-05,236.25999450683594,237.38999938964844,234.5399932861328,234.77999877929688,203.063232421875,108800600,0.0,0.0,0.0
2017-04-06,234.94000244140625,236.0399932861328,234.42999267578125,235.44000244140625,203.634033203125,69135800,0.0,0.0,0.0
2017-04-07,235.14999389648438,236.0,234.63999938964844,235.1999969482422,203.42649841308594,74412300,0.0,0.0,0.0
2017-04-10,235.36000061035156,236.25999450683594,234.72999572753906,235.33999633789062,203.54757690429688,67615300,0.0,0.0,0.0
2017-04-11,234.89999389648438,235.17999267578125,233.33999633789062,235.05999755859375,203.30538940429688,88045300,0.0,0.0,0.0
2017-04-12,234.74000549316406,234.9600067138672,233.77000427246094,234.02999877929688,202.41458129882812,81864400,0.0,0.0,0.0
2017-04-13,233.63999938964844,234.49000549316406,232.50999450683594,232.50999450683594,201.0998992919922,92880400,0.0,0.0,0.0
2017-04-17,233.11000061035156,234.57000732421875,232.8800048828125,234.57000732421875,202.88162231445312,68405400,0.0,0.0,0.0
2017-04-18,233.72000122070312,234.49000549316406,233.0800018310547,233.8699951171875,202.27618408203125,83225800,0.0,0.0,0.0
2017-04-19,234.52000427246094,234.9499969482422,233.17999267578125,233.44000244140625,201.90426635742188,68699900,0.0,0.0,0.0
2017-04-20,234.14999389648438,235.85000610351562,233.77999877929688,235.33999633789062,203.54757690429688,92572200,0.0,0.0,0.0
2017-04-21,235.25,235.30999755859375,234.1300048828125,234.58999633789062,202.8988494873047,110389800,0.0,0.0,0.0
2017-04-24,237.17999267578125,237.41000366210938,234.55999755859375,237.1699981689453,205.13035583496094,119209900,0.0,0.0,0.0
2017-04-25,237.91000366210938,238.9499969482422,237.80999755859375,238.5500030517578,206.3239288330078,76698300,0.0,0.0,0.0
2017-04-26,238.50999450683594,239.52999877929688,238.35000610351562,238.39999389648438,206.1941680908203,84702500,0.0,0.0,0.0
2017-04-27,238.77000427246094,238.9499969482422,237.97999572753906,238.60000610351562,206.36717224121094,57410300,0.0,0.0,0.0
2017-04-28,238.89999389648438,238.92999267578125,237.92999267578125,238.0800018310547,205.91738891601562,63532800,0.0,0.0,0.0
2017-05-01,238.67999267578125,239.1699981689453,238.1999969482422,238.67999267578125,206.4364013671875,66882500,0.0,0.0,0.0
2017-05-02,238.83999633789062,238.97999572753906,238.3000030517578,238.77000427246094,206.51419067382812,57375700,0.0,0.0,0.0
2017-05-03,238.77000427246094,238.8800048828125,237.6999969482422,238.47999572753906,206.26339721679688,73137700,0.0,0.0,0.0
2017-05-04,238.8300018310547,238.9199981689453,237.77999877929688,238.75999450683594,206.50552368164062,61462700,0.0,0.0,0.0
2017-05-05,239.19000244140625,239.72000122070312,238.67999267578125,239.6999969482422,207.31858825683594,62001300,0.0,0.0,0.0
2017-05-08,239.75,239.9199981689453,239.1699981689453,239.66000366210938,207.28399658203125,48385700,0.0,0.0,0.0
2017-05-09,239.9600067138672,240.19000244140625,239.0399932861328,239.44000244140625,207.09373474121094,51363200,0.0,0.0,0.0
2017-05-10,239.38999938964844,239.8699951171875,239.14999389648438,239.8699951171875,207.46563720703125,54293800,0.0,0.0,0.0
2017-05-11,239.35000610351562,239.57000732421875,238.1300048828125,239.3800048828125,207.0417938232422,62358300,0.0,0.0,0.0
2017-05-12,239.08999633789062,239.42999267578125,238.6699981689453,238.97999572753906,206.6958465576172,53912700,0.0,0.0,0.0
2017-05-15,239.47000122070312,240.44000244140625,239.4499969482422,240.3000030517578,207.83750915527344,61918900,0.0,0.0,0.0
2017-05-16,240.63999938964844,240.6699981689453,239.6300048828125,240.0800018310547,207.64727783203125,51241800,0.0,0.0,0.0
2017-05-17,240.0800018310547,240.0800018310547,235.75,235.82000732421875,203.96275329589844,172174100,0.0,0.0,0.0
2017-05-18,235.72999572753906,237.75,235.42999267578125,236.77000427246094,204.78439331054688,107047700,0.0,0.0,0.0
2017-05-19,237.3300018310547,239.0800018310547,237.27000427246094,238.30999755859375,206.1163330078125,115011400,0.0,0.0,0.0
2017-05-22,238.89999389648438,239.7100067138672,238.82000732421875,239.52000427246094,207.16290283203125,61010600,0.0,0.0,0.0
2017-05-23,239.9499969482422,240.24000549316406,239.50999450683594,240.0500030517578,207.62127685546875,48341700,0.0,0.0,0.0
2017-05-24,240.32000732421875,240.72999572753906,239.92999267578125,240.61000061035156,208.10568237304688,46927700,0.0,0.0,0.0
2017-05-25,241.1999969482422,242.0800018310547,240.9600067138672,241.75999450683594,209.10028076171875,64071700,0.0,0.0,0.0
2017-05-26,241.5399932861328,241.89999389648438,241.4499969482422,241.7100067138672,209.05706787109375,46629900,0.0,0.0,0.0
2017-05-30,241.33999633789062,241.7899932861328,241.16000366210938,241.5,208.8754119873047,35201900,0.0,0.0,0.0
2017-05-31,241.83999633789062,241.8800048828125,240.63999938964844,241.44000244140625,208.823486328125,91796000,0.0,0.0,0.0
2017-06-01,241.97000122070312,243.3800048828125,241.63999938964844,243.36000061035156,210.484130859375,68962000,0.0,0.0,0.0
2017-06-02,243.4199981689453,244.35000610351562,243.0800018310547,244.1699981689453,211.18466186523438,88666100,0.0,0.0,0.0
2017-06-05,243.97000122070312,244.3000030517578,243.75999450683594,243.99000549316406,211.0290069580078,44698800,0.0,0.0,0.0
2017-06-06,243.33999633789062,243.97999572753906,243.1199951171875,243.2100067138672,210.3544158935547,50375400,0.0,0.0,0.0
2017-06-07,243.60000610351562,243.9199981689453,242.8300018310547,243.66000366210938,210.7435760498047,54144300,0.0,0.0,0.0
2017-06-08,243.77000427246094,244.3300018310547,243.1699981689453,243.77999877929688,210.84738159179688,65950700,0.0,0.0,0.0
2017-06-09,244.08999633789062,245.00999450683594,241.9499969482422,243.41000366210938,210.52743530273438,132256400,0.0,0.0,0.0
2017-06-12,243.1300048828125,243.4199981689453,242.3800048828125,243.36000061035156,210.484130859375,86108100,0.0,0.0,0.0
2017-06-13,243.97999572753906,244.61000061035156,243.5800018310547,244.5500030517578,211.51336669921875,60067000,0.0,0.0,0.0
2017-06-14,244.86000061035156,244.8699951171875,243.2899932861328,244.24000549316406,211.2452392578125,78602300,0.0,0.0,0.0
2017-06-15,242.67999267578125,243.91000366210938,242.36000061035156,243.77000427246094,210.83876037597656,66464900,0.0,0.0,0.0
2017-06-16,242.77000427246094,242.8300018310547,241.6300048828125,242.63999938964844,210.88482666015625,84553100,1.183,0.0,0.0
2017-06-19,243.58999633789062,244.72999572753906,243.47999572753906,244.66000366210938,212.6404571533203,65123800,0.0,0.0,0.0
2017-06-20,244.25,244.25999450683594,242.99000549316406,243.00999450683594,211.20639038085938,56906400,0.0,0.0,0.0
2017-06-21,243.4600067138672,243.58999633789062,242.41000366210938,242.9499969482422,211.1541748046875,55977600,0.0,0.0,0.0
2017-06-22,242.9600067138672,243.52999877929688,242.63999938964844,242.83999633789062,211.0586700439453,44148100,0.0,0.0,0.0
2017-06-23,242.91000366210938,243.50999450683594,242.47000122070312,243.1300048828125,211.31069946289062,66986800,0.0,0.0,0.0
2017-06-26,243.89999389648438,244.3800048828125,243.0500030517578,243.2899932861328,211.4497528076172,56700500,0.0,0.0,0.0
2017-06-27,243.0399932861328,243.3800048828125,241.30999755859375,241.3300018310547,209.7462615966797,82247700,0.0,0.0,0.0
2017-06-28,242.5,243.72000122070312,242.22999572753906,243.49000549316406,211.62351989746094,70042600,0.0,0.0,0.0
2017-06-29,243.66000366210938,243.72000122070312,239.9600067138672,241.35000610351562,209.76364135742188,106949700,0.0,0.0,0.0
2017-06-30,242.27999877929688,242.7100067138672,241.5800018310547,241.8000030517578,210.1547393798828,86820700,0.0,0.0,0.0
2017-07-03,242.8800048828125,243.3800048828125,242.2100067138672,242.2100067138672,210.51109313964844,39153800,0.0,0.0,0.0
2017-07-05,242.6300048828125,243.00999450683594,241.6999969482422,242.77000427246094,210.997802734375,54427600,0.0,0.0,0.0
2017-07-06,241.88999938964844,242.02999877929688,240.33999633789062,240.5500030517578,209.0683135986328,65400800,0.0,0.0,0.0
2017-07-07,241.2100067138672,242.27999877929688,240.55999755859375,242.11000061035156,210.42422485351562,57972300,0.0,0.0,0.0
2017-07-10,242.11000061035156,242.8000030517578,241.75999450683594,242.3699951171875,210.65011596679688,36663300,0.0,0.0,0.0
2017-07-11,242.3699951171875,242.5500030517578,240.85000610351562,242.19000244140625,210.49371337890625,50354600,0.0,0.0,0.0
2017-07-12,243.3000030517578,244.1999969482422,243.3000030517578,244.00999450683594,212.07554626464844,59610400,0.0,0.0,0.0
2017-07-13,244.02000427246094,244.5500030517578,243.75999450683594,244.4199981689453,212.4318389892578,39471600,0.0,0.0,0.0
2017-07-14,244.4199981689453,245.97000122070312,244.30999755859375,245.55999755859375,213.4226531982422,60262700,0.0,0.0,0.0
2017-07-17,245.47000122070312,245.91000366210938,245.3300018310547,245.52999877929688,213.39659118652344,33531900,0.0,0.0,0.0
2017-07-18,245.05999755859375,245.72000122070312,244.6699981689453,245.66000366210938,213.5095672607422,42742500,0.0,0.0,0.0
2017-07-19,246.02000427246094,247.0,246.00999450683594,246.99000549316406,214.66554260253906,51034300,0.0,0.0,0.0
2017-07-20,247.27999877929688,247.4199981689453,246.47000122070312,247.10000610351562,214.76107788085938,47135200,0.0,0.0,0.0
2017-07-21,246.44000244140625,246.91000366210938,246.17999267578125,246.8800048828125,214.56993103027344,82340800,0.0,0.0,0.0
2017-07-24,246.7899932861328,246.97999572753906,246.27999877929688,246.82000732421875,214.51773071289062,46622300,0.0,0.0,0.0
2017-07-25,247.67999267578125,247.8000030517578,247.16000366210938,247.4199981689453,215.03924560546875,54915600,0.0,0.0,0.0
2017-07-26,247.75,247.7899932861328,247.1300048828125,247.42999267578125,215.04791259765625,47575400,0.0,0.0,0.0
2017-07-27,247.9600067138672,248.0,245.67999267578125,247.1999969482422,214.84803771972656,70766600,0.0,0.0,0.0
2017-07-28,246.64999389648438,247.05999755859375,246.1300048828125,246.91000366210938,214.5959930419922,50088400,0.0,0.0,0.0
2017-07-31,247.3699951171875,247.47999572753906,246.52999877929688,246.77000427246094,214.47425842285156,65838700,0.0,0.0,0.0
2017-08-01,247.4600067138672,247.5,246.72000122070312,247.32000732421875,214.9523468017578,55050400,0.0,0.0,0.0
2017-08-02,247.47000122070312,247.60000610351562,246.3699951171875,247.44000244140625,215.05662536621094,47211200,0.0,0.0,0.0
2017-08-03,247.30999755859375,247.33999633789062,246.63999938964844,246.9600067138672,214.63949584960938,40856000,0.0,0.0,0.0
2017-08-04,247.52000427246094,247.7899932861328,246.97000122070312,247.41000366210938,215.0305938720703,60191800,0.0,0.0,0.0
2017-08-07,247.49000549316406,247.8699951171875,247.3699951171875,247.8699951171875,215.43035888671875,31995000,0.0,0.0,0.0
2017-08-08,247.50999450683594,248.91000366210938,246.8300018310547,247.25999450683594,214.90016174316406,61719400,0.0,0.0,0.0
2017-08-09,246.47000122070312,247.30999755859375,246.05999755859375,247.25,214.8914794921875,62632600,0.0,0.0,0.0
2017-08-10,246.2899932861328,246.44000244140625,243.6999969482422,243.75999450683594,211.8582763671875,120479500,0.0,0.0,0.0
2017-08-11,244.02000427246094,244.8000030517578,243.75,244.1199951171875,212.1710968017578,74869900,0.0,0.0,0.0
2017-08-14,245.58999633789062,246.7899932861328,245.5500030517578,246.5399932861328,214.27439880371094,73291900,0.0,0.0,0.0
2017-08-15,246.97999572753906,247.0,246.16000366210938,246.50999450683594,214.2483367919922,55242700,0.0,0.0,0.0
2017-08-16,247.11000061035156,247.57000732421875,246.4499969482422,246.94000244140625,214.62205505371094,56715500,0.0,0.0,0.0
2017-08-17,246.24000549316406,246.60000610351562,243.08999633789062,243.08999633789062,211.27589416503906,128490400,0.0,0.0,0.0
2017-08-18,242.89999389648438,244.19000244140625,242.1999969482422,242.7100067138672,210.94566345214844,136748000,0.0,0.0,0.0
2017-08-21,242.63999938964844,243.1999969482422,241.8300018310547,242.89999389648438,211.11074829101562,65469700,0.0,0.0,0.0
2017-08-22,243.57000732421875,245.6199951171875,243.5500030517578,245.44000244140625,213.31834411621094,63140100,0.0,0.0,0.0
2017-08-23,244.3300018310547,245.0500030517578,244.16000366210938,244.55999755859375,212.5535888671875,50203800,0.0,0.0,0.0
2017-08-24,245.0,245.17999267578125,243.75,243.99000549316406,212.05812072753906,50741700,0.0,0.0,0.0
2017-08-25,244.89999389648438,245.61000061035156,244.38999938964844,244.55999755859375,212.5535888671875,64445900,0.0,0.0,0.0
2017-08-28,245.1699981689453,245.1999969482422,244.08999633789062,244.57000732421875,212.56219482421875,40565600,0.0,0.0,0.0
2017-08-29,243.05999755859375,245.14999389648438,242.92999267578125,244.85000610351562,212.8055877685547,51135700,0.0,0.0,0.0
2017-08-30,244.8300018310547,246.32000732421875,244.6199951171875,246.00999450683594,213.81373596191406,62030800,0.0,0.0,0.0
2017-08-31,246.72000122070312,247.77000427246094,246.0500030517578,247.49000549316406,215.10009765625,103803900,0.0,0.0,0.0
2017-09-01,247.9199981689453,248.3300018310547,247.6699981689453,247.83999633789062,215.40431213378906,62007000,0.0,0.0,0.0
2017-09-05,247.25999450683594,247.52000427246094,244.9499969482422,246.05999755859375,213.85726928710938,91398800,0.0,0.0,0.0
2017-09-06,246.83999633789062,247.27999877929688,246.22999572753906,246.89999389648438,214.58729553222656,57916900,0.0,0.0,0.0
2017-09-07,247.25,247.27000427246094,246.39999389648438,246.8699951171875,214.56118774414062,58034700,0.0,0.0,0.0
2017-09-08,246.5399932861328,247.11000061035156,246.3000030517578,246.5800018310547,214.30917358398438,63832800,0.0,0.0,0.0
2017-09-11,248.0399932861328,249.3000030517578,248.02000427246094,249.2100067138672,216.59500122070312,71364800,0.0,0.0,0.0
2017-09-12,249.6300048828125,250.08999633789062,249.4199981689453,250.0500030517578,217.32505798339844,56896000,0.0,0.0,0.0
2017-09-13,249.72000122070312,250.2100067138672,249.58999633789062,250.1699981689453,217.42933654785156,59228000,0.0,0.0,0.0
2017-09-14,249.8000030517578,250.32000732421875,249.60000610351562,250.08999633789062,217.35983276367188,95446300,0.0,0.0,0.0
2017-09-15,248.69000244140625,249.2899932861328,248.57000732421875,249.19000244140625,217.6523895263672,95432400,1.235,0.0,0.0
2017-09-18,249.61000061035156,250.1199951171875,249.27999877929688,249.72000122070312,218.11537170410156,46235200,0.0,0.0,0.0
2017-09-19,250.0,250.07000732421875,249.60000610351562,249.97000122070312,218.33372497558594,47108100,0.0,0.0,0.0
2017-09-20,250.07000732421875,250.19000244140625,248.9199981689453,250.05999755859375,218.41226196289062,59574100,0.0,0.0,0.0
2017-09-21,249.8800048828125,249.97999572753906,249.19000244140625,249.38999938964844,217.82713317871094,48211400,0.0,0.0,0.0
2017-09-22,249.0500030517578,249.6300048828125,249.02000427246094,249.44000244140625,217.87074279785156,51214000,0.0,0.0,0.0
2017-09-25,249.14999389648438,249.5500030517578,248.0800018310547,248.92999267578125,217.42527770996094,57064400,0.0,0.0,0.0
2017-09-26,249.4199981689453,249.6999969482422,248.80999755859375,249.0800018310547,217.55633544921875,54082000,0.0,0.0,0.0
2017-09-27,249.8800048828125,250.49000549316406,248.8699951171875,250.0500030517578,218.40362548828125,81001400,0.0,0.0,0.0
2017-09-28,249.72999572753906,250.44000244140625,249.6300048828125,250.35000610351562,218.6656036376953,44778800,0.0,0.0,0.0
2017-09-29,250.33999633789062,251.32000732421875,250.1300048828125,251.22999572753906,219.43421936035156,85578000,0.0,0.0,0.0
2017-10-02,251.49000549316406,252.32000732421875,251.2899932861328,252.32000732421875,220.38629150390625,59023000,0.0,0.0,0.0
2017-10-03,252.32000732421875,252.88999938964844,252.22999572753906,252.86000061035156,220.85794067382812,66810200,0.0,0.0,0.0
2017-10-04,252.69000244140625,253.44000244140625,252.55999755859375,253.16000366210938,221.11993408203125,55953600,0.0,0.0,0.0
2017-10-05,253.5399932861328,254.67999267578125,253.1999969482422,254.66000366210938,222.4301300048828,63522800,0.0,0.0,0.0
2017-10-06,254.14999389648438,254.6999969482422,253.85000610351562,254.3699951171875,222.17677307128906,80646000,0.0,0.0,0.0
2017-10-09,254.6300048828125,254.6999969482422,253.64999389648438,253.9499969482422,221.8099822998047,35803100,0.0,0.0,0.0
2017-10-10,254.60000610351562,255.0500030517578,253.97999572753906,254.6199951171875,222.3952178955078,43057400,0.0,0.0,0.0
2017-10-11,254.50999450683594,255.02000427246094,254.32000732421875,255.02000427246094,222.7445831298828,47674300,0.0,0.0,0.0
2017-10-12,254.66000366210938,255.05999755859375,254.3699951171875,254.63999938964844,222.4126739501953,47065100,0.0,0.0,0.0
2017-10-13,255.13999938964844,255.27000427246094,254.63999938964844,254.9499969482422,222.68344116210938,54800400,0.0,0.0,0.0
2017-10-16,255.2100067138672,255.50999450683594,254.82000732421875,255.2899932861328,222.9803466796875,38221700,0.0,0.0,0.0
2017-10-17,255.22999572753906,255.52000427246094,254.97999572753906,255.47000122070312,223.13760375976562,31561000,0.0,0.0,0.0
2017-10-18,255.89999389648438,255.9499969482422,255.5,255.72000122070312,223.35595703125,40888300,0.0,0.0,0.0
2017-10-19,254.8300018310547,255.8300018310547,254.35000610351562,255.7899932861328,223.4171142578125,61903800,0.0,0.0,0.0
2017-10-20,256.70001220703125,257.1400146484375,255.77000427246094,257.1099853515625,224.5700225830078,89176400,0.0,0.0,0.0
2017-10-23,257.4800109863281,257.510009765625,256.0199890136719,256.1099853515625,223.69659423828125,63915300,0.0,0.0,0.0
2017-10-24,256.6000061035156,256.8299865722656,256.1499938964844,256.55999755859375,224.0896759033203,66935900,0.0,0.0,0.0
2017-10-25,256.17999267578125,256.30999755859375,254.0,255.2899932861328,222.9803466796875,103715300,0.0,0.0,0.0
2017-10-26,255.99000549316406,256.29998779296875,255.47999572753906,255.6199951171875,223.26858520507812,69798000,0.0,0.0,0.0
2017-10-27,256.4700012207031,257.8900146484375,255.6300048828125,257.7099914550781,225.09413146972656,85562500,0.0,0.0,0.0
2017-10-30,256.4700012207031,257.6000061035156,256.4100036621094,256.75,224.25558471679688,54285700,0.0,0.0,0.0
2017-10-31,257.17999267578125,257.44000244140625,256.80999755859375,257.1499938964844,224.60494995117188,60304800,0.0,0.0,0.0
2017-11-01,258.0400085449219,258.42999267578125,257.07000732421875,257.489990234375,224.9019775390625,54202700,0.0,0.0,0.0
2017-11-02,257.4100036621094,257.75,256.19000244140625,257.5899963378906,224.98927307128906,56449500,0.0,0.0,0.0
2017-11-03,257.7699890136719,258.5,257.29998779296875,258.45001220703125,225.74049377441406,59589700,0.0,0.0,0.0
2017-11-06,258.29998779296875,259.0,258.2200012207031,258.8500061035156,226.08981323242188,49652600,0.0,0.0,0.0
2017-11-07,258.9700012207031,259.3500061035156,258.0899963378906,258.6700134277344,225.93258666992188,57502200,0.0,0.0,0.0
2017-11-08,258.4700012207031,259.2200012207031,258.1499938964844,259.1099853515625,226.31692504882812,50469600,0.0,0.0,0.0
2017-11-09,257.7300109863281,258.3900146484375,256.3599853515625,258.1700134277344,225.49591064453125,95085500,0.0,0.0,0.0
2017-11-10,257.7300109863281,258.2900085449219,257.3699951171875,258.0899963378906,225.42601013183594,59984700,0.0,0.0,0.0
2017-11-13,257.30999755859375,258.5899963378906,257.2699890136719,258.3299865722656,225.6356201171875,50228600,0.0,0.0,0.0
2017-11-14,257.4100036621094,257.8500061035156,256.5199890136719,257.7300109863281,225.11160278320312,61315200,0.0,0.0,0.0
2017-11-15,256.6199951171875,257.2200012207031,255.6300048828125,256.44000244140625,223.98486328125,80811500,0.0,0.0,0.0
2017-11-16,257.5199890136719,259.0400085449219,257.4700012207031,258.6199951171875,225.88894653320312,67777000,0.0,0.0,0.0
2017-11-17,258.2200012207031,258.5899963378906,257.7699890136719,257.8599853515625,225.2251434326172,75756800,0.0,0.0,0.0
2017-11-20,258.1400146484375,258.5199890136719,257.8599853515625,258.29998779296875,225.60940551757812,48075500,0.0,0.0,0.0
2017-11-21,259.17999267578125,260.20001220703125,258.260009765625,259.989990234375,227.0855255126953,69176800,0.0,0.0,0.0
2017-11-22,260.0,260.1499938964844,259.57000732421875,259.760009765625,226.88467407226562,45033400,0.0,0.0,0.0
2017-11-24,260.32000732421875,260.4800109863281,260.1600036621094,260.3599853515625,227.40878295898438,27856500,0.0,0.0,0.0
2017-11-27,260.4100036621094,260.75,260.0,260.2300109863281,227.29522705078125,52274900,0.0,0.0,0.0
2017-11-28,260.760009765625,262.8999938964844,260.6499938964844,262.8699951171875,229.60101318359375,98971700,0.0,0.0,0.0
2017-11-29,263.0199890136719,263.6300048828125,262.20001220703125,262.7099914550781,229.4613037109375,77512100,0.0,0.0,0.0
2017-11-30,263.760009765625,266.04998779296875,263.6700134277344,265.010009765625,231.4702606201172,127894400,0.0,0.0,0.0
2017-12-01,264.760009765625,265.30999755859375,260.760009765625,264.4599914550781,230.9898681640625,164390900,0.0,0.0,0.0
2017-12-04,266.30999755859375,266.79998779296875,264.0799865722656,264.1400146484375,230.7103729248047,94040600,0.0,0.0,0.0
2017-12-05,263.19000244140625,265.1499938964844,263.0400085449219,263.19000244140625,229.88052368164062,77994500,0.0,0.0,0.0
2017-12-06,263.29998779296875,263.7300109863281,262.7099914550781,263.239990234375,229.9242706298828,75898600,0.0,0.0,0.0
2017-12-07,264.07000732421875,264.42999267578125,262.94000244140625,264.07000732421875,230.6492156982422,77218600,0.0,0.0,0.0
2017-12-08,265.1600036621094,265.5199890136719,264.0299987792969,265.510009765625,231.90696716308594,76563900,0.0,0.0,0.0
2017-12-11,266.30999755859375,266.3800048828125,265.4800109863281,266.30999755859375,232.60569763183594,83077500,0.0,0.0,0.0
2017-12-12,267.2099914550781,267.32000732421875,266.3500061035156,266.7799987792969,233.01617431640625,85195800,0.0,0.0,0.0
2017-12-13,267.05999755859375,267.55999755859375,266.6499938964844,266.75,232.9899444580078,102905400,0.0,0.0,0.0
2017-12-14,267.0899963378906,267.2200012207031,265.6000061035156,265.6600036621094,232.03794860839844,100666700,0.0,0.0,0.0
2017-12-15,265.45001220703125,267.0400085449219,265.3900146484375,266.510009765625,233.9702911376953,144610300,1.351,0.0,0.0
2017-12-18,268.1000061035156,268.6000061035156,267.9800109863281,268.20001220703125,235.45391845703125,83653600,0.0,0.0,0.0
2017-12-19,268.4800109863281,268.5299987792969,267.0899963378906,267.1700134277344,234.5496063232422,82382900,0.0,0.0,0.0
2017-12-20,268.2699890136719,268.3299865722656,266.69000244140625,267.0299987792969,234.42672729492188,76751500,0.0,0.0,0.0
2017-12-21,267.739990234375,268.3900146484375,267.29998779296875,267.5799865722656,234.9095458984375,67032300,0.0,0.0,0.0
2017-12-22,267.6000061035156,267.6400146484375,266.8999938964844,267.510009765625,234.84812927246094,78720900,0.0,0.0,0.0
2017-12-26,267.04998779296875,267.44000244140625,266.8900146484375,267.19000244140625,234.5672607421875,45244400,0.0,0.0,0.0
2017-12-27,267.3800048828125,267.7300109863281,267.010009765625,267.32000732421875,234.68138122558594,57751000,0.0,0.0,0.0
2017-12-28,267.8900146484375,267.9200134277344,267.45001220703125,267.8699951171875,235.1642303466797,45116100,0.0,0.0,0.0
2017-12-29,268.5299987792969,268.54998779296875,266.6400146484375,266.8599853515625,234.27743530273438,96007400,0.0,0.0,0.0
2018-01-02,267.8399963378906,268.80999755859375,267.3999938964844,268.7699890136719,235.95428466796875,86655700,0.0,0.0,0.0
2018-01-03,268.9599914550781,270.6400146484375,268.9599914550781,270.4700012207031,237.44677734375,90070400,0.0,0.0,0.0
2018-01-04,271.20001220703125,272.1600036621094,270.5400085449219,271.6099853515625,238.44749450683594,80636400,0.0,0.0,0.0
2018-01-05,272.510009765625,273.55999755859375,271.95001220703125,273.4200134277344,240.03659057617188,83524000,0.0,0.0,0.0
2018-01-08,273.30999755859375,274.1000061035156,272.9800109863281,273.9200134277344,240.47547912597656,57319200,0.0,0.0,0.0
2018-01-09,274.3999938964844,275.25,274.0799865722656,274.5400085449219,241.01983642578125,57254000,0.0,0.0,0.0
2018-01-10,273.67999267578125,274.4200134277344,272.9200134277344,274.1199951171875,240.65109252929688,69574300,0.0,0.0,0.0
2018-01-11,274.75,276.1199951171875,274.55999755859375,276.1199951171875,242.4068603515625,62361500,0.0,0.0,0.0
2018-01-12,276.4200134277344,278.1099853515625,276.0799865722656,277.9200134277344,243.98707580566406,90816100,0.0,0.0,0.0
2018-01-16,279.3500061035156,280.0899963378906,276.17999267578125,276.9700012207031,243.15309143066406,106555100,0.0,0.0,0.0
2018-01-17,278.0299987792969,280.04998779296875,276.9700012207031,279.6099853515625,245.47067260742188,113258800,0.0,0.0,0.0
2018-01-18,279.4800109863281,279.9599914550781,278.5799865722656,279.1400146484375,245.0582275390625,100728000,0.0,0.0,0.0
2018-01-19,279.79998779296875,280.4100036621094,279.1400146484375,280.4100036621094,246.17308044433594,140920100,0.0,0.0,0.0
2018-01-22,280.1700134277344,282.69000244140625,280.1099853515625,282.69000244140625,248.17471313476562,91322400,0.0,0.0,0.0
2018-01-23,282.739990234375,283.6199951171875,282.3699951171875,283.2900085449219,248.70155334472656,97084700,0.0,0.0,0.0
2018-01-24,284.0199890136719,284.70001220703125,281.8399963378906,283.17999267578125,248.6048583984375,134816100,0.0,0.0,0.0
2018-01-25,284.1600036621094,284.2699890136719,282.3999938964844,283.29998779296875,248.71023559570312,84587300,0.0,0.0,0.0
2018-01-26,284.25,286.6300048828125,283.9599914550781,286.5799865722656,251.58975219726562,107743100,0.0,0.0,0.0
2018-01-29,285.92999267578125,286.42999267578125,284.5,284.67999267578125,249.92176818847656,90118300,0.0,0.0,0.0
2018-01-30,282.6000061035156,284.739990234375,281.2200012207031,281.760009765625,247.35826110839844,131796400,0.0,0.0,0.0
2018-01-31,282.7300109863281,283.29998779296875,280.67999267578125,281.8999938964844,247.48123168945312,108364800,0.0,0.0,0.0
2018-02-01,281.07000732421875,283.05999755859375,280.67999267578125,281.5799865722656,247.20028686523438,90102500,0.0,0.0,0.0
2018-02-02,280.0799865722656,280.2300109863281,275.4100036621094,275.45001220703125,241.81863403320312,173174800,0.0,0.0,0.0
2018-02-05,273.45001220703125,275.8500061035156,263.30999755859375,263.92999267578125,231.7052001953125,294681800,0.0,0.0,0.0
2018-02-06,259.94000244140625,269.70001220703125,258.70001220703125,269.1300048828125,236.27035522460938,355026800,0.0,0.0,0.0
2018-02-07,268.5,272.3599853515625,267.5799865722656,267.6700134277344,234.98863220214844,167376100,0.0,0.0,0.0
2018-02-08,268.010009765625,268.1700134277344,257.5899963378906,257.6300048828125,226.17442321777344,246449500,0.0,0.0,0.0
2018-02-09,260.79998779296875,263.6099853515625,252.9199981689453,261.5,229.57188415527344,283565300,0.0,0.0,0.0
2018-02-12,263.8299865722656,267.010009765625,261.6600036621094,265.3399963378906,232.94300842285156,143736000,0.0,0.0,0.0
2018-02-13,263.9700012207031,266.6199951171875,263.30999755859375,266.0,233.5225067138672,81223600,0.0,0.0,0.0
2018-02-14,264.30999755859375,270.0,264.29998779296875,269.5899963378906,236.6741485595703,120735700,0.0,0.0,0.0
2018-02-15,271.57000732421875,273.0400085449219,268.7699890136719,273.0299987792969,239.694091796875,111200300,0.0,0.0,0.0
2018-02-16,272.32000732421875,275.32000732421875,272.2699890136719,273.1099853515625,239.76441955566406,160420100,0.0,0.0,0.0
2018-02-20,272.0299987792969,273.6700134277344,270.5,271.3999938964844,238.2631072998047,86369700,0.0,0.0,0.0
2018-02-21,271.8999938964844,274.7200012207031,269.94000244140625,270.04998779296875,237.0780487060547,98883700,0.0,0.0,0.0
2018-02-22,271.1000061035156,273.04998779296875,269.6400146484375,270.3999938964844,237.3852996826172,110511300,0.0,0.0,0.0
2018-02-23,271.7900085449219,274.7099914550781,271.25,274.7099914550781,241.16909790039062,92766400,0.0,0.0,0.0
2018-02-26,275.92999267578125,278.010009765625,275.260009765625,277.8999938964844,243.96949768066406,86491400,0.0,0.0,0.0
2018-02-27,278.1099853515625,278.9200134277344,274.3599853515625,274.42999267578125,240.9232635498047,99099200,0.0,0.0,0.0
2018-02-28,275.67999267578125,276.19000244140625,271.2900085449219,271.6499938964844,238.482666015625,121907800,0.0,0.0,0.0
2018-03-01,271.4100036621094,273.1700134277344,266.0,267.70001220703125,235.014892578125,176855100,0.0,0.0,0.0
2018-03-02,265.79998779296875,269.7200012207031,264.82000732421875,269.0799865722656,236.22640991210938,139083200,0.0,0.0,0.0
2018-03-05,267.7300109863281,272.8900146484375,267.6099853515625,272.19000244140625,238.95680236816406,97307400,0.0,0.0,0.0
2018-03-06,273.29998779296875,273.3900146484375,271.17999267578125,272.8800048828125,239.5625,79213200,0.0,0.0,0.0
2018-03-07,270.4200134277344,273.17999267578125,270.20001220703125,272.7799987792969,239.4747314453125,87063500,0.0,0.0,0.0
2018-03-08,273.54998779296875,274.239990234375,272.4200134277344,274.1000061035156,240.63352966308594,66901200,0.0,0.0,0.0
2018-03-09,275.70001220703125,278.8699951171875,275.3399963378906,278.8699951171875,244.8212127685547,113625300,0.0,0.0,0.0
2018-03-12,279.20001220703125,279.9100036621094,278.0799865722656,278.5199890136719,244.51388549804688,71924800,0.0,0.0,0.0
2018-03-13,279.8399963378906,280.4100036621094,276.0299987792969,276.7200012207031,242.93370056152344,91968900,0.0,0.0,0.0
2018-03-14,277.80999755859375,278.0199890136719,274.6700134277344,275.29998779296875,241.68695068359375,105895100,0.0,0.0,0.0
2018-03-15,275.8800048828125,276.6099853515625,274.42999267578125,275.0,241.4236602783203,83433000,0.0,0.0,0.0
2018-03-16,274.5,275.3900146484375,274.1400146484375,274.20001220703125,241.6854705810547,100343700,1.097,0.0,0.0
2018-03-19,273.3500061035156,274.3999938964844,268.6199951171875,270.489990234375,238.41534423828125,109208400,0.0,0.0,0.0
2018-03-20,270.94000244140625,271.6700134277344,270.17999267578125,270.95001220703125,238.82083129882812,59757300,0.0,0.0,0.0
2018-03-21,270.8999938964844,273.2699890136719,270.19000244140625,270.42999267578125,238.3624725341797,78709600,0.0,0.0,0.0
2018-03-22,267.9100036621094,268.8699951171875,263.3599853515625,263.6700134277344,232.40408325195312,148785900,0.0,0.0,0.0
2018-03-23,264.1700134277344,264.5400085449219,257.8299865722656,258.04998779296875,227.450439453125,183534800,0.0,0.0,0.0
2018-03-26,262.1300048828125,265.42999267578125,259.4100036621094,265.1099853515625,233.67327880859375,141956100,0.0,0.0,0.0
2018-03-27,266.1700134277344,266.7699890136719,258.8399963378906,260.6000061035156,229.69813537597656,129941400,0.0,0.0,0.0
2018-03-28,260.75,262.6400146484375,258.5799865722656,259.8299865722656,229.0194091796875,146452300,0.0,0.0,0.0
2018-03-29,261.1199951171875,265.260009765625,259.8399963378906,263.1499938964844,231.94566345214844,111601600,0.0,0.0,0.0
2018-04-02,262.54998779296875,263.1300048828125,254.6699981689453,257.4700012207031,226.9392547607422,186286300,0.0,0.0,0.0
2018-04-03,258.8699951171875,261.30999755859375,256.8399963378906,260.7699890136719,229.84799194335938,119956900,0.0,0.0,0.0
2018-04-04,256.75,264.3599853515625,256.6000061035156,263.55999755859375,232.30715942382812,123715300,0.0,0.0,0.0
2018-04-05,265.54998779296875,266.6400146484375,264.32000732421875,265.6400146484375,234.14047241210938,82652600,0.0,0.0,0.0
2018-04-06,263.4200134277344,265.1099853515625,258.0,259.7200012207031,228.92242431640625,179521200,0.0,0.0,0.0
2018-04-09,261.3699951171875,264.8399963378906,259.94000244140625,261.0,230.0506591796875,105442900,0.0,0.0,0.0
2018-04-10,264.2699890136719,266.0400085449219,262.9800109863281,265.1499938964844,233.70858764648438,103529000,0.0,0.0,0.0
2018-04-11,263.4700012207031,265.6400146484375,263.3900146484375,263.760009765625,232.48338317871094,91140200,0.0,0.0,0.0
2018-04-12,265.260009765625,267.0,265.05999755859375,265.92999267578125,234.3961181640625,68890500,0.0,0.0,0.0
2018-04-13,267.4100036621094,267.5400085449219,264.010009765625,265.1499938964844,233.70858764648438,85079200,0.0,0.0,0.0
2018-04-16,267.0,268.20001220703125,266.07000732421875,267.3299865722656,235.63003540039062,63405300,0.0,0.0,0.0
2018-04-17,269.3299865722656,270.8699951171875,268.75,270.19000244140625,238.15093994140625,64682000,0.0,0.0,0.0
2018-04-18,270.69000244140625,271.29998779296875,269.8699951171875,270.3900146484375,238.32723999023438,57303900,0.0,0.0,0.0
2018-04-19,269.6499938964844,269.8800048828125,267.7200012207031,268.8900146484375,237.00514221191406,77655900,0.0,0.0,0.0
2018-04-20,268.80999755859375,269.05999755859375,265.6099853515625,266.6099853515625,234.9954833984375,99953100,0.0,0.0,0.0
2018-04-23,267.260009765625,267.8900146484375,265.3500061035156,266.57000732421875,234.96017456054688,65558000,0.0,0.0,0.0
2018-04-24,267.7300109863281,267.9800109863281,261.2799987792969,262.9800109863281,231.79586791992188,112885500,0.0,0.0,0.0
2018-04-25,262.9100036621094,264.1300048828125,260.8500061035156,263.6300048828125,232.36883544921875,103840900,0.0,0.0,0.0
2018-04-26,264.7900085449219,267.25,264.2900085449219,266.30999755859375,234.73104858398438,67731900,0.0,0.0,0.0
2018-04-27,267.0,267.3399963378906,265.5,266.55999755859375,234.9513702392578,57053600,0.0,0.0,0.0
2018-04-30,267.260009765625,267.8900146484375,264.42999267578125,264.510009765625,233.14450073242188,82182300,0.0,0.0,0.0
2018-05-01,263.8699951171875,265.1000061035156,262.1099853515625,264.9800109863281,233.5587158203125,74203400,0.0,0.0,0.0
2018-05-02,264.760009765625,265.67999267578125,262.760009765625,263.20001220703125,231.98988342285156,86368900,0.0,0.0,0.0
2018-05-03,262.260009765625,263.3599853515625,259.04998779296875,262.6199951171875,231.47860717773438,136311500,0.0,0.0,0.0
2018-05-04,261.5199890136719,266.7900085449219,261.1499938964844,266.0199890136719,234.47543334960938,91222100,0.0,0.0,0.0
2018-05-07,266.8900146484375,268.0199890136719,266.1099853515625,266.9200134277344,235.26870727539062,55304900,0.0,0.0,0.0
2018-05-08,266.5,267.3299865722656,265.1499938964844,266.9200134277344,235.26870727539062,67499200,0.0,0.0,0.0
2018-05-09,267.67999267578125,269.8699951171875,267.0899963378906,269.5,237.5427703857422,59666100,0.0,0.0,0.0
2018-05-10,270.3399963378906,272.3900146484375,270.2200012207031,272.0199890136719,239.76388549804688,72063900,0.0,0.0,0.0
2018-05-11,272.1600036621094,273.1499938964844,271.5799865722656,272.8500061035156,240.49549865722656,59871500,0.0,0.0,0.0
2018-05-14,273.3399963378906,274.0799865722656,272.3599853515625,272.9800109863281,240.61007690429688,54790600,0.0,0.0,0.0
2018-05-15,271.5899963378906,271.6099853515625,270.0299987792969,271.1000061035156,238.9530487060547,87036100,0.0,0.0,0.0
2018-05-16,271.1400146484375,272.760009765625,271.1099853515625,272.239990234375,239.9578399658203,53942600,0.0,0.0,0.0
2018-05-17,271.94000244140625,273.2300109863281,271.1300048828125,272.010009765625,239.755126953125,56536400,0.0,0.0,0.0
2018-05-18,271.6199951171875,272.0299987792969,270.92999267578125,271.3299865722656,239.1557159423828,64368000,0.0,0.0,0.0
2018-05-21,273.010009765625,273.9800109863281,272.57000732421875,273.3699951171875,240.95376586914062,58025900,0.0,0.0,0.0
2018-05-22,273.9599914550781,274.25,272.239990234375,272.6099853515625,240.283935546875,52966400,0.0,0.0,0.0
2018-05-23,271.1700134277344,273.3900146484375,270.989990234375,273.3599853515625,240.94503784179688,64694200,0.0,0.0,0.0
2018-05-24,272.9100036621094,273.2200012207031,270.7799987792969,272.79998779296875,240.45143127441406,76043800,0.0,0.0,0.0
2018-05-25,272.1499938964844,272.8599853515625,271.5799865722656,272.1499938964844,239.8784942626953,56374800,0.0,0.0,0.0
2018-05-29,270.30999755859375,271.1700134277344,267.760009765625,269.0199890136719,237.11961364746094,115908600,0.0,0.0,0.0
2018-05-30,270.5,273.1099853515625,270.4200134277344,272.6099853515625,240.283935546875,69678400,0.0,0.0,0.0
2018-05-31,272.1499938964844,272.489990234375,270.260009765625,270.94000244140625,238.8120880126953,93519900,0.0,0.0,0.0
2018-06-01,272.4100036621094,273.94000244140625,272.3299865722656,273.6000061035156,241.1565399169922,71258400,0.0,0.0,0.0
2018-06-04,274.5299987792969,275.19000244140625,274.260009765625,274.8999938964844,242.302490234375,45385200,0.0,0.0,0.0
2018-06-05,275.04998779296875,275.5299987792969,274.17999267578125,275.1000061035156,242.4787139892578,51135000,0.0,0.0,0.0
2018-06-06,275.7900085449219,277.5199890136719,275.0899963378906,277.3999938964844,244.5059814453125,62732200,0.0,0.0,0.0
2018-06-07,277.95001220703125,278.2799987792969,276.3399963378906,277.3699951171875,244.47947692871094,72969400,0.0,0.0,0.0
2018-06-08,276.8500061035156,278.25,276.6600036621094,278.19000244140625,245.20230102539062,72139700,0.0,0.0,0.0
2018-06-11,278.44000244140625,279.3699951171875,278.30999755859375,278.55999755859375,245.5284423828125,58892500,0.0,0.0,0.0
2018-06-12,279.0299987792969,279.3299865722656,278.19000244140625,278.9200134277344,245.8457794189453,72329000,0.0,0.0,0.0
2018-06-13,279.19000244140625,279.4800109863281,277.79998779296875,278.0299987792969,245.0612030029297,79070600,0.0,0.0,0.0
2018-06-14,279.010009765625,279.3299865722656,278.05999755859375,278.7300109863281,245.67823791503906,77097600,0.0,0.0,0.0
2018-06-15,276.6000061035156,277.510009765625,275.3500061035156,277.1300048828125,245.36489868164062,120041600,1.246,0.0,0.0
2018-06-18,275.489990234375,276.70001220703125,274.95001220703125,276.55999755859375,244.86019897460938,52917600,0.0,0.0,0.0
2018-06-19,274.0,275.75,273.5299987792969,275.5,243.92166137695312,97531500,0.0,0.0,0.0
2018-06-20,276.2699890136719,276.7200012207031,275.5899963378906,275.9700012207031,244.3378143310547,53785500,0.0,0.0,0.0
2018-06-21,275.9599914550781,275.9800109863281,273.67999267578125,274.239990234375,242.80609130859375,71061400,0.0,0.0,0.0
2018-06-22,275.6600036621094,275.7900085449219,274.489990234375,274.739990234375,243.24876403808594,54898500,0.0,0.0,0.0
2018-06-25,273.44000244140625,273.6199951171875,269.1000061035156,271.0,239.93751525878906,137854200,0.0,0.0,0.0
2018-06-26,271.6400146484375,272.55999755859375,270.7900085449219,271.6000061035156,240.4687042236328,68547400,0.0,0.0,0.0
2018-06-27,272.260009765625,273.8699951171875,269.17999267578125,269.3500061035156,238.4766082763672,105110700,0.0,0.0,0.0
2018-06-28,269.2900085449219,271.75,268.489990234375,270.8900146484375,239.84011840820312,76650500,0.0,0.0,0.0
2018-06-29,272.1199951171875,273.6600036621094,271.1499938964844,271.2799987792969,240.1853790283203,97592500,0.0,0.0,0.0
2018-07-02,269.510009765625,272.0400085449219,269.239990234375,271.8599853515625,240.69886779785156,63554800,0.0,0.0,0.0
2018-07-03,272.8699951171875,272.9800109863281,270.4200134277344,270.8999938964844,239.84884643554688,42187100,0.0,0.0,0.0
2018-07-05,272.1700134277344,273.17999267578125,270.9599914550781,273.1099853515625,241.80564880371094,56925900,0.0,0.0,0.0
2018-07-06,273.1400146484375,275.8399963378906,272.7099914550781,275.4200134277344,243.85086059570312,66493700,0.0,0.0,0.0
2018-07-09,276.54998779296875,277.9599914550781,276.5,277.8999938964844,246.04652404785156,50550400,0.0,0.0,0.0
2018-07-10,278.4100036621094,279.010009765625,278.0799865722656,278.8999938964844,246.9319610595703,51966800,0.0,0.0,0.0
2018-07-11,277.1499938964844,278.0400085449219,276.5199890136719,276.8599853515625,245.12571716308594,77054700,0.0,0.0,0.0
2018-07-12,278.2799987792969,279.42999267578125,277.6000061035156,279.3699951171875,247.34808349609375,60124700,0.0,0.0,0.0
2018-07-13,279.1700134277344,279.92999267578125,278.6600036621094,279.5899963378906,247.54295349121094,48216000,0.0,0.0,0.0
2018-07-16,279.6400146484375,279.79998779296875,278.8399963378906,279.3399963378906,247.32147216796875,48201000,0.0,0.0,0.0
2018-07-17,278.4700012207031,280.9100036621094,278.4100036621094,280.4700012207031,248.32196044921875,52315500,0.0,0.0,0.0
2018-07-18,280.55999755859375,281.17999267578125,280.05999755859375,281.05999755859375,248.84439086914062,44593500,0.0,0.0,0.0
2018-07-19,280.30999755859375,280.739990234375,279.4599914550781,280.0,247.90586853027344,61412100,0.0,0.0,0.0
2018-07-20,279.7699890136719,280.4800109863281,279.5,279.67999267578125,247.62257385253906,82337700,0.0,0.0,0.0
2018-07-23,279.45001220703125,280.42999267578125,279.05999755859375,280.20001220703125,248.0829315185547,47047600,0.0,0.0,0.0
2018-07-24,281.7900085449219,282.55999755859375,280.6300048828125,281.6099853515625,249.33135986328125,68026900,0.0,0.0,0.0
2018-07-25,281.3299865722656,284.3699951171875,281.2799987792969,284.010009765625,251.45623779296875,78882900,0.0,0.0,0.0
2018-07-26,283.20001220703125,284.1099853515625,283.0899963378906,283.3399963378906,250.86302185058594,57919500,0.0,0.0,0.0
2018-07-27,283.7099914550781,283.82000732421875,280.3800048828125,281.4200134277344,249.16311645507812,76768700,0.0,0.0,0.0
2018-07-30,281.510009765625,281.69000244140625,279.3599853515625,279.95001220703125,247.86155700683594,63742500,0.0,0.0,0.0
2018-07-31,280.80999755859375,282.0199890136719,280.3800048828125,281.3299865722656,249.0833740234375,68570500,0.0,0.0,0.0
2018-08-01,281.55999755859375,282.1300048828125,280.1300048828125,280.8599853515625,248.6673126220703,53853300,0.0,0.0,0.0
2018-08-02,279.3900146484375,282.5799865722656,279.1600036621094,282.3900146484375,250.02186584472656,63426400,0.0,0.0,0.0
2018-08-03,282.5299987792969,283.6600036621094,282.3299865722656,283.6000061035156,251.09326171875,53935400,0.0,0.0,0.0
2018-08-06,283.6400146484375,284.989990234375,283.20001220703125,284.6400146484375,252.0139923095703,39400900,0.0,0.0,0.0
2018-08-07,285.3900146484375,286.010009765625,285.239990234375,285.5799865722656,252.8463134765625,43196600,0.0,0.0,0.0
2018-08-08,285.3900146484375,285.9100036621094,284.94000244140625,285.4599914550781,252.74009704589844,42114600,0.0,0.0,0.0
2018-08-09,285.5299987792969,285.9700012207031,284.9200134277344,285.07000732421875,252.3947296142578,35717000,0.0,0.0,0.0
2018-08-10,283.45001220703125,284.05999755859375,282.3599853515625,283.1600036621094,250.70376586914062,77076000,0.0,0.0,0.0
2018-08-13,283.4700012207031,284.1600036621094,281.7699890136719,282.1000061035156,249.76522827148438,65732900,0.0,0.0,0.0
2018-08-14,282.9200134277344,284.1700134277344,282.4800109863281,283.8999938964844,251.35882568359375,43842000,0.0,0.0,0.0
2018-08-15,282.3800048828125,282.5400085449219,280.1600036621094,281.7799987792969,249.4818115234375,102925400,0.0,0.0,0.0
2018-08-16,283.3999938964844,285.0400085449219,283.3599853515625,284.05999755859375,251.5004425048828,69967900,0.0,0.0,0.0
2018-08-17,283.8299865722656,285.55999755859375,283.3699951171875,285.05999755859375,252.38577270507812,65618500,0.0,0.0,0.0
2018-08-20,285.57000732421875,285.9700012207031,285.05999755859375,285.6700134277344,252.92608642578125,39807500,0.0,0.0,0.0
2018-08-21,286.25,287.30999755859375,285.7099914550781,286.3399963378906,253.51919555664062,67272000,0.0,0.0,0.0
2018-08-22,285.8800048828125,286.760009765625,285.5799865722656,286.1700134277344,253.36862182617188,44993300,0.0,0.0,0.0
2018-08-23,285.9700012207031,286.94000244140625,285.42999267578125,285.7900085449219,253.0322723388672,49204900,0.0,0.0,0.0
2018-08-24,286.44000244140625,287.6700134277344,286.3800048828125,287.510009765625,254.55514526367188,57487400,0.0,0.0,0.0
2018-08-27,288.8599853515625,289.8999938964844,288.67999267578125,289.7799987792969,256.5647888183594,57072400,0.0,0.0,0.0
2018-08-28,290.29998779296875,290.4200134277344,289.3999938964844,289.9200134277344,256.6888122558594,46943500,0.0,0.0,0.0
2018-08-29,290.1600036621094,291.739990234375,289.8900146484375,291.4800109863281,258.0700378417969,61485500,0.0,0.0,0.0
2018-08-30,290.94000244140625,291.3599853515625,289.6300048828125,290.29998779296875,257.0252990722656,61229500,0.0,0.0,0.0
2018-08-31,289.8399963378906,290.80999755859375,289.2900085449219,290.30999755859375,257.0340881347656,66140800,0.0,0.0,0.0
2018-09-04,289.8399963378906,290.2099914550781,288.67999267578125,289.80999755859375,256.5914306640625,57594400,0.0,0.0,0.0
2018-09-05,289.4100036621094,289.6400146484375,287.8900146484375,289.0299987792969,255.90090942382812,72452400,0.0,0.0,0.0
2018-09-06,289.1499938964844,289.489990234375,287.0,288.1600036621094,255.13058471679688,65909900,0.0,0.0,0.0
2018-09-07,286.9800109863281,288.70001220703125,286.7099914550781,287.6000061035156,254.63467407226562,73524800,0.0,0.0,0.0
2018-09-10,288.739990234375,289.0400085449219,287.8800048828125,288.1000061035156,255.0774383544922,50210900,0.0,0.0,0.0
2018-09-11,287.3699951171875,289.54998779296875,286.9800109863281,289.04998779296875,255.91854858398438,50530500,0.0,0.0,0.0
2018-09-12,289.05999755859375,289.79998779296875,288.2300109863281,289.1199951171875,255.9805145263672,59810800,0.0,0.0,0.0
2018-09-13,290.32000732421875,291.0400085449219,290.0,290.8299865722656,257.4945373535156,51034200,0.0,0.0,0.0
2018-09-14,291.05999755859375,291.2699890136719,290.0,290.8800048828125,257.538818359375,55079900,0.0,0.0,0.0
2018-09-17,290.82000732421875,290.8599853515625,289.0299987792969,289.3399963378906,256.1752624511719,68244000,0.0,0.0,0.0
2018-09-18,289.5799865722656,291.5799865722656,289.54998779296875,290.9100036621094,257.5653381347656,61930400,0.0,0.0,0.0
2018-09-19,290.9700012207031,291.69000244140625,290.8299865722656,291.2200012207031,257.83984375,49080600,0.0,0.0,0.0
2018-09-20,292.6400146484375,293.94000244140625,291.239990234375,293.5799865722656,259.92938232421875,100360600,0.0,0.0,0.0
2018-09-21,293.0899963378906,293.2200012207031,291.80999755859375,291.989990234375,259.69189453125,105479700,1.323,0.0,0.0
2018-09-24,291.3399963378906,291.5,290.3699951171875,291.0199890136719,258.8291320800781,53409600,0.0,0.0,0.0
2018-09-25,291.5299987792969,291.6499938964844,290.4800109863281,290.75,258.5889892578125,44370000,0.0,0.0,0.0
2018-09-26,290.9100036621094,292.239990234375,289.4100036621094,289.8800048828125,257.81524658203125,79739700,0.0,0.0,0.0
2018-09-27,290.4100036621094,291.9100036621094,290.1000061035156,290.69000244140625,258.53558349609375,59249500,0.0,0.0,0.0
2018-09-28,289.989990234375,291.2799987792969,289.95001220703125,290.7200012207031,258.5622863769531,70091400,0.0,0.0,0.0
2018-10-01,292.1099853515625,292.92999267578125,290.9800109863281,291.7300109863281,259.4605712890625,62078900,0.0,0.0,0.0
2018-10-02,291.55999755859375,292.3599853515625,291.1400146484375,291.55999755859375,259.30938720703125,47258200,0.0,0.0,0.0
2018-10-03,292.739990234375,293.2099914550781,291.32000732421875,291.7200012207031,259.4517517089844,64694600,0.0,0.0,0.0
2018-10-04,291.17999267578125,291.239990234375,287.6600036621094,289.44000244140625,257.42388916015625,111545900,0.0,0.0,0.0
2018-10-05,289.69000244140625,290.2699890136719,286.2200012207031,287.82000732421875,255.9830780029297,105951700,0.0,0.0,0.0
2018-10-08,287.04998779296875,288.2200012207031,285.5,287.82000732421875,255.9830780029297,87742200,0.0,0.0,0.0
2018-10-09,287.3900146484375,288.8599853515625,286.7699890136719,287.3999938964844,255.6095428466797,74339000,0.0,0.0,0.0
2018-10-10,286.8299865722656,286.9100036621094,277.8800048828125,278.29998779296875,247.5162353515625,214731000,0.0,0.0,0.0
2018-10-11,277.0799865722656,278.8999938964844,270.3599853515625,272.1700134277344,242.0641632080078,274840500,0.0,0.0,0.0
2018-10-12,276.7699890136719,277.0899963378906,272.3699951171875,275.95001220703125,245.42608642578125,183186500,0.0,0.0,0.0
2018-10-15,275.54998779296875,277.0400085449219,274.29998779296875,274.3999938964844,244.04759216308594,102263700,0.0,0.0,0.0
2018-10-16,276.6000061035156,280.82000732421875,276.07000732421875,280.3999938964844,249.38385009765625,118255800,0.0,0.0,0.0
2018-10-17,280.44000244140625,281.1499938964844,277.55999755859375,280.45001220703125,249.42831420898438,110626000,0.0,0.0,0.0
2018-10-18,279.3999938964844,280.07000732421875,274.9700012207031,276.3999938964844,245.82626342773438,134557500,0.0,0.0,0.0
2018-10-19,277.1300048828125,279.29998779296875,275.4700012207031,276.25,245.69287109375,139901600,0.0,0.0,0.0
2018-10-22,277.0,277.3599853515625,274.4100036621094,275.010009765625,244.59002685546875,82415800,0.0,0.0,0.0
2018-10-23,270.95001220703125,274.8699951171875,268.6099853515625,273.6099853515625,243.34490966796875,146352700,0.0,0.0,0.0
2018-10-24,273.3299865722656,273.760009765625,264.70001220703125,265.32000732421875,235.97186279296875,177806700,0.0,0.0,0.0
2018-10-25,267.3800048828125,271.80999755859375,266.2300109863281,270.0799865722656,240.20545959472656,138061500,0.0,0.0,0.0
2018-10-26,265.9200134277344,271.0,262.2900085449219,265.3299865722656,235.98074340820312,201574600,0.0,0.0,0.0
2018-10-29,268.79998779296875,270.25,259.8500061035156,263.8599853515625,234.6733856201172,160749100,0.0,0.0,0.0
2018-10-30,263.6700134277344,268.1199951171875,263.1199951171875,267.7699890136719,238.15090942382812,157116000,0.0,0.0,0.0
2018-10-31,270.6499938964844,273.2300109863281,270.1199951171875,270.6300048828125,240.6946258544922,128296300,0.0,0.0,0.0
2018-11-01,271.6000061035156,273.7300109863281,270.3800048828125,273.510009765625,243.25601196289062,99495000,0.0,0.0,0.0
2018-11-02,274.75,275.2300109863281,269.5899963378906,271.8900146484375,241.81512451171875,122634100,0.0,0.0,0.0
2018-11-05,272.44000244140625,274.010009765625,271.3500061035156,273.3900146484375,243.14927673339844,65622500,0.0,0.0,0.0
2018-11-06,273.32000732421875,275.29998779296875,273.25,275.1199951171875,244.6879119873047,60085900,0.0,0.0,0.0
2018-11-07,277.55999755859375,281.1000061035156,277.0799865722656,281.010009765625,249.9264373779297,102752100,0.0,0.0,0.0
2018-11-08,280.1099853515625,281.2200012207031,279.2200012207031,280.5,249.47279357910156,65584900,0.0,0.0,0.0
2018-11-09,279.0299987792969,279.239990234375,276.17999267578125,277.760009765625,247.03585815429688,98812600,0.0,0.0,0.0
2018-11-12,277.19000244140625,277.4599914550781,271.989990234375,272.57000732421875,242.41995239257812,99673600,0.0,0.0,0.0
2018-11-13,273.0899963378906,275.3299865722656,271.25,272.05999755859375,241.96633911132812,98176600,0.0,0.0,0.0
2018-11-14,274.1600036621094,274.6099853515625,268.45001220703125,270.20001220703125,240.31211853027344,125335900,0.0,0.0,0.0
2018-11-15,268.7799987792969,273.5400085449219,267.010009765625,273.0199890136719,242.8201904296875,135101400,0.0,0.0,0.0
2018-11-16,271.7900085449219,274.75,271.2099914550781,273.7300109863281,243.4516143798828,126668000,0.0,0.0,0.0
2018-11-19,273.04998779296875,273.3800048828125,268.07000732421875,269.1000061035156,239.33384704589844,103061700,0.0,0.0,0.0
2018-11-20,265.3599853515625,267.0,263.1499938964844,264.1199951171875,234.90464782714844,136021300,0.0,0.0,0.0
2018-11-21,265.8599853515625,267.1499938964844,265.010009765625,265.0199890136719,235.7051239013672,75563700,0.0,0.0,0.0
2018-11-23,263.17999267578125,264.82000732421875,263.07000732421875,263.25,234.13088989257812,42807900,0.0,0.0,0.0
2018-11-26,265.7799987792969,267.75,265.3399963378906,267.5,237.91067504882812,79981400,0.0,0.0,0.0
2018-11-27,266.3399963378906,268.3999938964844,265.6600036621094,268.3999938964844,238.71121215820312,75502400,0.0,0.0,0.0
2018-11-28,269.6000061035156,274.5799865722656,268.3299865722656,274.5799865722656,244.20758056640625,127629600,0.0,0.0,0.0
2018-11-29,273.7099914550781,275.54998779296875,272.42999267578125,273.9800109863281,243.6740264892578,82346400,0.0,0.0,0.0
2018-11-30,273.80999755859375,276.2799987792969,273.45001220703125,275.6499938964844,245.15921020507812,98204200,0.0,0.0,0.0
2018-12-03,280.2799987792969,280.3999938964844,277.510009765625,279.29998779296875,248.40550231933594,103176300,0.0,0.0,0.0
2018-12-04,278.3699951171875,278.8500061035156,269.8999938964844,270.25,240.3565216064453,177986000,0.0,0.0,0.0
2018-12-06,265.9200134277344,269.9700012207031,262.44000244140625,269.8399963378906,239.99188232421875,204185400,0.0,0.0,0.0
2018-12-07,269.4599914550781,271.2200012207031,262.6300048828125,263.57000732421875,234.41551208496094,161018900,0.0,0.0,0.0
2018-12-10,263.3699951171875,265.1600036621094,258.6199951171875,264.07000732421875,234.8602294921875,151445900,0.0,0.0,0.0
2018-12-11,267.6600036621094,267.8699951171875,262.4800109863281,264.1300048828125,234.9135284423828,121504400,0.0,0.0,0.0
2018-12-12,267.4700012207031,269.0,265.3699951171875,265.4599914550781,236.09640502929688,97976700,0.0,0.0,0.0
2018-12-13,266.5199890136719,267.489990234375,264.1199951171875,265.3699951171875,236.01638793945312,96662700,0.0,0.0,0.0
2018-12-14,262.9599914550781,264.0299987792969,259.8500061035156,260.4700012207031,231.65846252441406,116961100,0.0,0.0,0.0
2018-12-17,259.3999938964844,260.6499938964844,253.52999877929688,255.36000061035156,227.1136016845703,165492300,0.0,0.0,0.0
2018-12-18,257.20001220703125,257.95001220703125,253.27999877929688,255.0800018310547,226.86460876464844,134515100,0.0,0.0,0.0
2018-12-19,255.1699981689453,259.3999938964844,249.35000610351562,251.25999450683594,223.4671630859375,214992800,0.0,0.0,0.0
2018-12-20,249.86000061035156,251.6199951171875,244.64999389648438,247.1699981689453,219.82955932617188,252053400,0.0,0.0,0.0
2018-12-21,246.74000549316406,249.7100067138672,239.97999572753906,240.6999969482422,215.3253173828125,255345600,1.435,0.0,0.0
2018-12-24,239.0399932861328,240.83999633789062,234.27000427246094,234.33999633789062,209.63580322265625,147311600,0.0,0.0,0.0
2018-12-26,235.97000122070312,246.17999267578125,233.75999450683594,246.17999267578125,220.2276153564453,218485400,0.0,0.0,0.0
2018-12-27,242.57000732421875,248.2899932861328,238.9600067138672,248.07000732421875,221.91842651367188,186267300,0.0,0.0,0.0
2018-12-28,249.5800018310547,251.39999389648438,246.4499969482422,247.75,221.63214111328125,153100200,0.0,0.0,0.0
2018-12-31,249.55999755859375,250.19000244140625,247.47000122070312,249.9199981689453,223.57333374023438,144299400,0.0,0.0,0.0
2019-01-02,245.97999572753906,251.2100067138672,245.9499969482422,250.17999267578125,223.8059844970703,126925200,0.0,0.0,0.0
2019-01-03,248.22999572753906,248.57000732421875,243.6699981689453,244.2100067138672,218.46533203125,144140700,0.0,0.0,0.0
2019-01-04,247.58999633789062,253.11000061035156,247.1699981689453,252.38999938964844,225.78297424316406,142628800,0.0,0.0,0.0
2019-01-07,252.69000244140625,255.9499969482422,251.69000244140625,254.3800048828125,227.5631866455078,103139100,0.0,0.0,0.0
2019-01-08,256.82000732421875,257.30999755859375,254.0,256.7699890136719,229.7012176513672,102512600,0.0,0.0,0.0
2019-01-09,257.55999755859375,258.9100036621094,256.19000244140625,257.9700012207031,230.77468872070312,95006600,0.0,0.0,0.0
2019-01-10,256.260009765625,259.1600036621094,255.5,258.8800048828125,231.58883666992188,96823900,0.0,0.0,0.0
2019-01-11,257.67999267578125,259.010009765625,257.0299987792969,258.9800109863281,231.6782684326172,73858100,0.0,0.0,0.0
2019-01-14,256.8599853515625,258.29998779296875,256.4100036621094,257.3999938964844,230.26486206054688,70908200,0.0,0.0,0.0
2019-01-15,257.82000732421875,260.70001220703125,257.80999755859375,260.3500061035156,232.90380859375,85208300,0.0,0.0,0.0
2019-01-16,260.8299865722656,261.9700012207031,260.6000061035156,260.9800109863281,233.46742248535156,77636700,0.0,0.0,0.0
2019-01-17,260.010009765625,263.9200134277344,259.9599914550781,262.9599914550781,235.23866271972656,96118400,0.0,0.0,0.0
2019-01-18,264.9800109863281,266.9800109863281,263.0,266.4599914550781,238.3697509765625,127900300,0.0,0.0,0.0
2019-01-22,264.82000732421875,265.05999755859375,261.05999755859375,262.8599853515625,235.14920043945312,115531200,0.0,0.0,0.0
2019-01-23,264.010009765625,264.7900085449219,260.6600036621094,263.4100036621094,235.64126586914062,86030300,0.0,0.0,0.0
2019-01-24,263.2099914550781,264.20001220703125,262.0799865722656,263.54998779296875,235.7665252685547,59204100,0.0,0.0,0.0
2019-01-25,265.6099853515625,266.70001220703125,263.6600036621094,265.7799987792969,237.76144409179688,96883400,0.0,0.0,0.0
2019-01-28,263.3900146484375,263.8299865722656,261.7900085449219,263.760009765625,235.95436096191406,85613700,0.0,0.0,0.0
2019-01-29,263.9200134277344,264.54998779296875,262.4800109863281,263.4100036621094,235.64126586914062,66136300,0.0,0.0,0.0
2019-01-30,265.1000061035156,268.5199890136719,264.25,267.5799865722656,239.37161254882812,92473700,0.0,0.0,0.0
2019-01-31,267.510009765625,270.4700012207031,267.2699890136719,269.92999267578125,241.47389221191406,104012100,0.0,0.0,0.0
2019-02-01,270.1499938964844,271.20001220703125,269.17999267578125,270.05999755859375,241.59017944335938,85782500,0.0,0.0,0.0
2019-02-04,270.1099853515625,272.0299987792969,269.3599853515625,271.9599914550781,243.28988647460938,60744800,0.0,0.0,0.0
2019-02-05,272.44000244140625,273.44000244140625,271.8800048828125,273.1000061035156,244.30979919433594,79552800,0.0,0.0,0.0
2019-02-06,272.7900085449219,273.3399963378906,271.9200134277344,272.739990234375,243.98773193359375,58347800,0.0,0.0,0.0
2019-02-07,270.94000244140625,271.54998779296875,268.2900085449219,270.1400146484375,241.66180419921875,95482000,0.0,0.0,0.0
2019-02-08,268.75,270.5799865722656,267.8299865722656,270.4700012207031,241.95704650878906,75788900,0.0,0.0,0.0
2019-02-11,271.20001220703125,271.489990234375,270.0299987792969,270.6199951171875,242.09121704101562,68021400,0.0,0.0,0.0
2019-02-12,272.4200134277344,274.5199890136719,272.3399963378906,274.1000061035156,245.20431518554688,72270200,0.0,0.0,0.0
2019-02-13,275.0299987792969,275.92999267578125,274.55999755859375,274.989990234375,246.00051879882812,65277200,0.0,0.0,0.0
2019-02-14,273.7799987792969,275.6400146484375,272.8699951171875,274.3800048828125,245.454833984375,83234400,0.0,0.0,0.0
2019-02-15,276.3599853515625,277.4100036621094,276.1300048828125,277.3699951171875,248.1295166015625,97088700,0.0,0.0,0.0
2019-02-19,276.4800109863281,278.5799865722656,276.4700012207031,277.8500061035156,248.55894470214844,59120800,0.0,0.0,0.0
2019-02-20,277.80999755859375,278.9200134277344,277.25,278.4100036621094,249.05984497070312,76610800,0.0,0.0,0.0
2019-02-21,277.70001220703125,278.1000061035156,276.3500061035156,277.4200134277344,248.17433166503906,64214700,0.0,0.0,0.0
2019-02-22,278.1099853515625,279.3599853515625,277.3999938964844,279.1400146484375,249.71302795410156,78114600,0.0,0.0,0.0
2019-02-25,280.7300109863281,281.30999755859375,279.42999267578125,279.5199890136719,250.0529327392578,69030700,0.0,0.0,0.0
2019-02-26,279.1300048828125,280.29998779296875,278.8999938964844,279.32000732421875,249.87405395507812,56844100,0.0,0.0,0.0
2019-02-27,278.5199890136719,279.5899963378906,277.4800109863281,279.20001220703125,249.76673889160156,56921600,0.0,0.0,0.0
2019-02-28,278.9599914550781,279.45001220703125,278.32000732421875,278.67999267578125,249.30145263671875,69268300,0.0,0.0,0.0
2019-03-01,280.44000244140625,280.8800048828125,278.82000732421875,280.4200134277344,250.8580322265625,78880500,0.0,0.0,0.0
2019-03-04,281.6000061035156,281.8699951171875,276.8399963378906,279.3999938964844,249.94564819335938,106494600,0.0,0.0,0.0
2019-03-05,279.5400085449219,279.760009765625,278.4100036621094,279.0199890136719,249.6055908203125,59114600,0.0,0.0,0.0
2019-03-06,279.1499938964844,279.1600036621094,276.9700012207031,277.3299865722656,248.09381103515625,75039800,0.0,0.0,0.0
2019-03-07,276.8299865722656,276.989990234375,274.07000732421875,275.010009765625,246.01834106445312,94885100,0.0,0.0,0.0
2019-03-08,272.94000244140625,274.6499938964844,272.4200134277344,274.4599914550781,245.52638244628906,85795800,0.0,0.0,0.0
2019-03-11,275.260009765625,278.6199951171875,275.2300109863281,278.44000244140625,249.08680725097656,65098900,0.0,0.0,0.0
2019-03-12,279.05999755859375,280.07000732421875,278.8500061035156,279.489990234375,250.0260772705078,79667500,0.0,0.0,0.0
2019-03-13,280.4800109863281,282.3800048828125,280.29998779296875,281.3399963378906,251.68106079101562,80639200,0.0,0.0,0.0
2019-03-14,281.3699951171875,281.8399963378906,280.6700134277344,281.1600036621094,251.52005004882812,67518400,0.0,0.0,0.0
2019-03-15,280.5400085449219,282.2099914550781,280.3299865722656,281.30999755859375,252.76272583007812,81309000,1.233,0.0,0.0
2019-03-18,281.54998779296875,282.6600036621094,281.29998779296875,282.3299865722656,253.6791534423828,62199800,0.0,0.0,0.0
2019-03-19,283.510009765625,284.3599853515625,281.4100036621094,282.3999938964844,253.7419891357422,90268100,0.0,0.0,0.0
2019-03-20,282.1600036621094,283.5,280.32000732421875,281.54998779296875,252.97837829589844,84609200,0.0,0.0,0.0
2019-03-21,280.6400146484375,285.17999267578125,280.5899963378906,284.7300109863281,255.83563232421875,79550400,0.0,0.0,0.0
2019-03-22,283.2200012207031,283.79998779296875,279.17999267578125,279.25,250.91171264648438,122659300,0.0,0.0,0.0
2019-03-25,278.8699951171875,280.19000244140625,277.6400146484375,279.0400085449219,250.72303771972656,85575200,0.0,0.0,0.0
2019-03-26,280.989990234375,282.17999267578125,279.55999755859375,281.1199951171875,252.59197998046875,68125900,0.0,0.0,0.0
2019-03-27,281.1099853515625,281.760009765625,277.92999267578125,279.6499938964844,251.2711639404297,72224700,0.0,0.0,0.0
2019-03-28,280.3500061035156,281.2099914550781,279.07000732421875,280.7099914550781,252.2235870361328,56238500,0.0,0.0,0.0
2019-03-29,282.3900146484375,282.8399963378906,281.1400146484375,282.4800109863281,253.81396484375,82186800,0.0,0.0,0.0
2019-04-01,284.70001220703125,286.1600036621094,284.3999938964844,285.8299865722656,256.8240051269531,77617900,0.0,0.0,0.0
2019-04-02,286.0400085449219,286.2300109863281,285.0899963378906,285.9700012207031,256.9497985839844,40070400,0.0,0.0,0.0
2019-04-03,287.32000732421875,287.760009765625,285.75,286.4200134277344,257.3540954589844,68243200,0.0,0.0,0.0
2019-04-04,286.7799987792969,287.4599914550781,286.010009765625,287.17999267578125,258.0369873046875,48997500,0.0,0.0,0.0
2019-04-05,287.9200134277344,288.6300048828125,287.6000061035156,288.57000732421875,259.285888671875,58621700,0.0,0.0,0.0
2019-04-08,288.1000061035156,288.9100036621094,287.3699951171875,288.7900085449219,259.4836120605469,53566300,0.0,0.0,0.0
2019-04-09,287.7200012207031,288.0799865722656,286.70001220703125,287.30999755859375,258.1537780761719,66142300,0.0,0.0,0.0
2019-04-10,287.7699890136719,288.3900146484375,287.30999755859375,288.2900085449219,259.0343933105469,52601500,0.0,0.0,0.0
2019-04-11,288.8299865722656,288.8399963378906,287.5799865722656,288.2099914550781,258.96240234375,55093100,0.0,0.0,0.0
2019-04-12,290.0,290.4700012207031,288.260009765625,290.1600036621094,260.714599609375,69727800,0.0,0.0,0.0
2019-04-15,290.239990234375,290.3500061035156,289.0799865722656,289.9700012207031,260.54388427734375,49596700,0.0,0.0,0.0
2019-04-16,290.95001220703125,291.010009765625,289.5,290.1600036621094,260.714599609375,52153200,0.0,0.0,0.0
2019-04-17,291.3999938964844,291.42999267578125,288.989990234375,289.45001220703125,260.0766906738281,58268300,0.0,0.0,0.0
2019-04-18,290.1000061035156,290.32000732421875,288.6600036621094,290.0199890136719,260.5888366699219,68708500,0.0,0.0,0.0
2019-04-22,289.1700134277344,290.44000244140625,289.07000732421875,290.2699890136719,260.81341552734375,40160100,0.0,0.0,0.0
2019-04-23,290.67999267578125,293.1400146484375,290.4200134277344,292.8800048828125,263.1585388183594,52246600,0.0,0.0,0.0
2019-04-24,292.7900085449219,293.1600036621094,292.07000732421875,292.2300109863281,262.57452392578125,50392900,0.0,0.0,0.0
2019-04-25,292.1199951171875,292.7799987792969,290.7300109863281,292.04998779296875,262.4127502441406,57770900,0.0,0.0,0.0
2019-04-26,292.1000061035156,293.489990234375,291.239990234375,293.4100036621094,263.634765625,50916400,0.0,0.0,0.0
2019-04-29,293.510009765625,294.45001220703125,293.4100036621094,293.8699951171875,264.0481872558594,57197700,0.0,0.0,0.0
2019-04-30,293.489990234375,294.3399963378906,291.9200134277344,294.0199890136719,264.1828308105469,81111700,0.0,0.0,0.0
2019-05-01,294.7200012207031,294.95001220703125,291.79998779296875,291.80999755859375,262.1972351074219,71671900,0.0,0.0,0.0
2019-05-02,291.67999267578125,292.70001220703125,289.5199890136719,291.17999267578125,261.631103515625,65030200,0.0,0.0,0.0
2019-05-03,292.82000732421875,294.3399963378906,291.29998779296875,294.0299987792969,264.1918640136719,56543700,0.0,0.0,0.0
2019-05-06,289.25,293.30999755859375,288.8999938964844,292.82000732421875,263.1046447753906,107198100,0.0,0.0,0.0
2019-05-07,290.1499938964844,290.80999755859375,285.80999755859375,287.92999267578125,258.71087646484375,144729900,0.0,0.0,0.0
2019-05-08,287.5299987792969,289.42999267578125,286.8699951171875,287.5299987792969,258.3515319824219,91568300,0.0,0.0,0.0
2019-05-09,285.2300109863281,287.3299865722656,283.29998779296875,286.6600036621094,257.5697326660156,103471100,0.0,0.0,0.0
2019-05-10,285.6199951171875,288.94000244140625,282.29998779296875,288.1000061035156,258.86358642578125,112429300,0.0,0.0,0.0
2019-05-13,282.4200134277344,283.489990234375,279.92999267578125,280.8599853515625,252.35841369628906,127290500,0.0,0.0,0.0
2019-05-14,281.989990234375,285.1000061035156,281.8500061035156,283.3999938964844,254.640625,77003200,0.0,0.0,0.0
2019-05-15,281.5899963378906,285.7699890136719,281.3599853515625,285.05999755859375,256.132080078125,73956400,0.0,0.0,0.0
2019-05-16,285.8399963378906,289.2099914550781,285.760009765625,287.70001220703125,258.50439453125,76749600,0.0,0.0,0.0
2019-05-17,285.1400146484375,288.6000061035156,285.1199951171875,285.8399963378906,256.8329772949219,100353000,0.0,0.0,0.0
2019-05-20,284.05999755859375,285.9599914550781,283.1199951171875,283.95001220703125,255.13478088378906,62877600,0.0,0.0,0.0
2019-05-21,285.8299865722656,286.92999267578125,285.54998779296875,286.510009765625,257.43499755859375,46847100,0.0,0.0,0.0
2019-05-22,285.45001220703125,286.69000244140625,285.1000061035156,285.6300048828125,256.64434814453125,49482500,0.0,0.0,0.0
2019-05-23,283.1600036621094,283.2099914550781,280.57000732421875,282.1400146484375,253.5084991455078,98733800,0.0,0.0,0.0
2019-05-24,283.739990234375,284.20001220703125,282.0899963378906,282.7799987792969,254.08349609375,55268100,0.0,0.0,0.0
2019-05-28,283.0899963378906,284.1499938964844,280.1300048828125,280.1499938964844,251.7205047607422,70029400,0.0,0.0,0.0
2019-05-29,278.9100036621094,279.3599853515625,276.7099914550781,278.2699890136719,250.03121948242188,104972900,0.0,0.0,0.0
2019-05-30,279.1099853515625,280.0400085449219,277.80999755859375,279.0299987792969,250.71409606933594,62523800,0.0,0.0,0.0
2019-05-31,276.20001220703125,277.1199951171875,275.239990234375,275.2699890136719,247.3356170654297,86862800,0.0,0.0,0.0
2019-06-03,275.30999755859375,276.54998779296875,273.0899963378906,274.57000732421875,246.70672607421875,96428000,0.0,0.0,0.0
2019-06-04,277.1199951171875,280.67999267578125,276.6199951171875,280.5299987792969,252.06182861328125,77231900,0.0,0.0,0.0
2019-06-05,282.3299865722656,282.989990234375,280.32000732421875,282.9599914550781,254.24526977539062,71169700,0.0,0.0,0.0
2019-06-06,283.2900085449219,285.54998779296875,282.57000732421875,284.79998779296875,255.89842224121094,69430400,0.0,0.0,0.0
2019-06-07,285.92999267578125,288.8500061035156,285.739990234375,287.6499938964844,258.4593505859375,74272200,0.0,0.0,0.0
2019-06-10,289.3699951171875,290.82000732421875,288.8699951171875,288.9700012207031,259.6453552246094,60799100,0.0,0.0,0.0
2019-06-11,290.989990234375,291.3999938964844,288.17999267578125,288.8999938964844,259.58245849609375,58641300,0.0,0.0,0.0
2019-06-12,288.6400146484375,289.260009765625,287.82000732421875,288.3900146484375,259.124267578125,47096300,0.0,0.0,0.0
2019-06-13,289.3999938964844,289.9800109863281,288.6199951171875,289.5799865722656,260.19342041015625,48945200,0.0,0.0,0.0
2019-06-14,289.260009765625,289.92999267578125,288.4100036621094,289.260009765625,259.9059143066406,52324700,0.0,0.0,0.0
2019-06-17,289.5199890136719,290.2200012207031,289.17999267578125,289.3699951171875,260.0047607421875,39205700,0.0,0.0,0.0
2019-06-18,291.3900146484375,293.57000732421875,290.989990234375,292.3999938964844,262.727294921875,85434800,0.0,0.0,0.0
2019-06-19,292.54998779296875,293.6499938964844,291.4700012207031,293.05999755859375,263.3203430175781,78674400,0.0,0.0,0.0
2019-06-20,296.0400085449219,296.30999755859375,293.1300048828125,295.8599853515625,265.83612060546875,116570000,0.0,0.0,0.0
2019-06-21,294.1300048828125,295.5199890136719,293.760009765625,294.0,265.44976806640625,83309500,1.432,0.0,0.0
2019-06-24,294.2300109863281,294.5799865722656,293.4700012207031,293.6400146484375,265.1247253417969,47582700,0.0,0.0,0.0
2019-06-25,293.70001220703125,293.7300109863281,290.6400146484375,290.760009765625,262.52435302734375,82028700,0.0,0.0,0.0
2019-06-26,291.75,292.30999755859375,290.3500061035156,290.4700012207031,262.2625427246094,51584900,0.0,0.0,0.0
2019-06-27,291.30999755859375,292.05999755859375,290.8900146484375,291.5,263.1924743652344,40355200,0.0,0.0,0.0
2019-06-28,292.5799865722656,293.54998779296875,292.010009765625,293.0,264.5468444824219,59350900,0.0,0.0,0.0
2019-07-01,296.67999267578125,296.9200134277344,294.3299865722656,295.6600036621094,266.9485168457031,78705600,0.0,0.0,0.0
2019-07-02,295.6099853515625,296.489990234375,294.67999267578125,296.42999267578125,267.6437683105469,61504500,0.0,0.0,0.0
2019-07-03,297.17999267578125,298.82000732421875,297.0199890136719,298.79998779296875,269.78363037109375,40898900,0.0,0.0,0.0
2019-07-05,297.44000244140625,298.6400146484375,296.010009765625,298.4599914550781,269.4766845703125,51677300,0.0,0.0,0.0
2019-07-08,297.010009765625,298.260009765625,296.2200012207031,296.82000732421875,267.9958801269531,45841800,0.0,0.0,0.0
2019-07-09,295.5400085449219,297.5199890136719,295.4800109863281,297.19000244140625,268.3299865722656,41101300,0.0,0.0,0.0
2019-07-10,298.3699951171875,299.6600036621094,297.7799987792969,298.6099853515625,269.612060546875,58448500,0.0,0.0,0.0
2019-07-11,299.32000732421875,299.5799865722656,298.20001220703125,299.30999755859375,270.2441101074219,50826100,0.0,0.0,0.0
2019-07-12,299.8500061035156,300.7300109863281,299.510009765625,300.6499938964844,271.4538879394531,40326000,0.0,0.0,0.0
2019-07-15,301.1300048828125,301.1300048828125,300.19000244140625,300.75,271.544189453125,33900000,0.0,0.0,0.0
2019-07-16,300.6499938964844,300.8800048828125,299.44000244140625,299.7799987792969,270.66845703125,36650100,0.0,0.0,0.0
2019-07-17,299.75,299.92999267578125,297.739990234375,297.739990234375,268.8265380859375,36036300,0.0,0.0,0.0
2019-07-18,297.19000244140625,299.25,296.70001220703125,298.8299865722656,269.8106689453125,51392600,0.0,0.0,0.0
2019-07-19,300.0400085449219,300.07000732421875,296.9800109863281,297.1700134277344,268.3118896484375,58678600,0.0,0.0,0.0
2019-07-22,297.6099853515625,298.5,297.0400085449219,297.8999938964844,268.9709777832031,43638100,0.0,0.0,0.0
2019-07-23,299.1400146484375,300.0299987792969,298.2200012207031,300.0299987792969,270.8941650390625,44564500,0.0,0.0,0.0
2019-07-24,299.19000244140625,301.44000244140625,299.0899963378906,301.44000244140625,272.16717529296875,47213200,0.0,0.0,0.0
2019-07-25,300.94000244140625,301.0,299.1099853515625,300.0,270.8669738769531,55394100,0.0,0.0,0.0
2019-07-26,300.760009765625,302.2300109863281,300.6199951171875,302.010009765625,272.6817932128906,45084100,0.0,0.0,0.0
2019-07-29,301.8800048828125,302.010009765625,300.8500061035156,301.4599914550781,272.1853332519531,38126500,0.0,0.0,0.0
2019-07-30,299.9100036621094,301.1700134277344,299.489990234375,300.7200012207031,271.5172119140625,45849000,0.0,0.0,0.0
2019-07-31,300.989990234375,301.20001220703125,295.20001220703125,297.42999267578125,268.5466613769531,104245200,0.0,0.0,0.0
2019-08-01,297.6000061035156,300.8699951171875,293.9599914550781,294.8399963378906,266.20819091796875,142646600,0.0,0.0,0.0
2019-08-02,293.8500061035156,294.1199951171875,290.8999938964844,292.6199951171875,264.2037658691406,116749700,0.0,0.0,0.0
2019-08-05,288.0899963378906,288.2099914550781,281.7200012207031,283.82000732421875,256.2583312988281,178745400,0.0,0.0,0.0
2019-08-06,285.9100036621094,288.0400085449219,284.2799987792969,287.79998779296875,259.8517150878906,120711700,0.0,0.0,0.0
2019-08-07,284.3999938964844,288.82000732421875,282.0400085449219,287.9700012207031,260.0053405761719,140572300,0.0,0.0,0.0
2019-08-08,289.6199951171875,293.6199951171875,289.010009765625,293.6199951171875,265.1067199707031,87713900,0.0,0.0,0.0
2019-08-09,292.5799865722656,293.239990234375,289.6499938964844,291.6199951171875,263.3008728027344,93730000,0.0,0.0,0.0
2019-08-12,289.9599914550781,291.6099853515625,287.0199890136719,288.07000732421875,260.0956115722656,65527600,0.0,0.0,0.0
2019-08-13,287.739990234375,294.1499938964844,287.3599853515625,292.54998779296875,264.14056396484375,94299800,0.0,0.0,0.0
2019-08-14,288.07000732421875,288.739990234375,283.760009765625,283.8999938964844,256.33056640625,135622100,0.0,0.0,0.0
2019-08-15,284.8800048828125,285.6400146484375,282.3900146484375,284.6499938964844,257.00775146484375,99556600,0.0,0.0,0.0
2019-08-16,286.4800109863281,289.3299865722656,284.7099914550781,288.8500061035156,260.7998352050781,83018300,0.0,0.0,0.0
2019-08-19,292.19000244140625,293.0799865722656,291.44000244140625,292.3299865722656,263.9419250488281,53571800,0.0,0.0,0.0
2019-08-20,291.7699890136719,292.3599853515625,289.95001220703125,290.0899963378906,261.91943359375,51596400,0.0,0.0,0.0
2019-08-21,292.4800109863281,292.8599853515625,291.7200012207031,292.45001220703125,264.05029296875,49524700,0.0,0.0,0.0
2019-08-22,293.2300109863281,293.92999267578125,290.3999938964844,292.3599853515625,263.9689636230469,51666400,0.0,0.0,0.0
2019-08-23,290.9200134277344,292.760009765625,283.4700012207031,284.8500061035156,257.1882629394531,149161500,0.0,0.0,0.0
2019-08-26,287.2699890136719,288.0,285.5799865722656,288.0,260.03240966796875,72423800,0.0,0.0,0.0
2019-08-27,289.5400085449219,289.95001220703125,286.0299987792969,286.8699951171875,259.0121765136719,66668900,0.0,0.0,0.0
2019-08-28,286.1400146484375,289.07000732421875,285.25,288.8900146484375,260.8359375,59696700,0.0,0.0,0.0
2019-08-29,291.7200012207031,293.1600036621094,290.6099853515625,292.5799865722656,264.1676330566406,57899400,0.0,0.0,0.0
2019-08-30,294.2200012207031,294.239990234375,291.4200134277344,292.45001220703125,264.05029296875,62901200,0.0,0.0,0.0
2019-09-03,290.57000732421875,291.5799865722656,289.2699890136719,290.739990234375,262.5063171386719,69101400,0.0,0.0,0.0
2019-09-04,293.1400146484375,294.05999755859375,292.30999755859375,294.0400085449219,265.4859313964844,46887300,0.0,0.0,0.0
2019-09-05,296.7900085449219,298.8299865722656,294.0,297.82000732421875,268.89874267578125,83258100,0.0,0.0,0.0
2019-09-06,298.1700134277344,298.760009765625,297.4200134277344,298.04998779296875,269.1064453125,49584300,0.0,0.0,0.0
2019-09-09,299.1400146484375,299.239990234375,297.1600036621094,298.20001220703125,269.2419128417969,51260300,0.0,0.0,0.0
2019-09-10,297.3599853515625,298.20001220703125,295.9700012207031,298.1300048828125,269.1786804199219,57947100,0.0,0.0,0.0
2019-09-11,298.4700012207031,300.3399963378906,297.75,300.25,271.0927734375,68821100,0.0,0.0,0.0
2019-09-12,301.25,302.4599914550781,300.4100036621094,301.2900085449219,272.0317687988281,72908700,0.0,0.0,0.0
2019-09-13,301.7799987792969,302.1700134277344,300.67999267578125,301.0899963378906,271.8512878417969,62104800,0.0,0.0,0.0
2019-09-16,299.8399963378906,301.1400146484375,299.45001220703125,300.1600036621094,271.01153564453125,58191200,0.0,0.0,0.0
2019-09-17,299.94000244140625,301.0199890136719,299.75,300.9200134277344,271.69775390625,41475500,0.0,0.0,0.0
2019-09-18,300.489990234375,301.2200012207031,298.239990234375,301.1000061035156,271.8602600097656,73375800,0.0,0.0,0.0
2019-09-19,301.5299987792969,302.6300048828125,300.7099914550781,301.0799865722656,271.8421936035156,76560500,0.0,0.0,0.0
2019-09-20,300.3599853515625,300.6700134277344,297.4100036621094,298.2799987792969,270.55780029296875,89565000,1.384,0.0,0.0
2019-09-23,297.54998779296875,299.0,297.2699890136719,298.2099914550781,270.4942626953125,43476800,0.0,0.0,0.0
2019-09-24,299.4100036621094,299.8399963378906,294.80999755859375,295.8699951171875,268.3717956542969,94869400,0.0,0.0,0.0
2019-09-25,295.9599914550781,298.1099853515625,294.3299865722656,297.6199951171875,269.9590759277344,71854000,0.0,0.0,0.0
2019-09-26,297.6300048828125,297.8599853515625,295.45001220703125,297.0,269.39678955078125,56179700,0.0,0.0,0.0
2019-09-27,297.8299865722656,297.95001220703125,293.69000244140625,295.3999938964844,267.94537353515625,84746600,0.0,0.0,0.0
2019-09-30,295.9700012207031,297.54998779296875,295.9200134277344,296.7699890136719,269.1880798339844,51662400,0.0,0.0,0.0
2019-10-01,297.739990234375,298.4599914550781,293.0,293.239990234375,265.9862060546875,88242400,0.0,0.0,0.0
2019-10-02,291.5,291.510009765625,286.6400146484375,288.05999755859375,261.2876892089844,122539500,0.0,0.0,0.0
2019-10-03,287.80999755859375,290.45001220703125,284.82000732421875,290.4200134277344,263.42828369140625,85278800,0.0,0.0,0.0
2019-10-04,291.1400146484375,294.6300048828125,291.0799865722656,294.3500061035156,266.9930725097656,65091200,0.0,0.0,0.0
2019-10-07,293.4700012207031,295.260009765625,292.7699890136719,293.0799865722656,265.8410949707031,59610500,0.0,0.0,0.0
2019-10-08,291.0400085449219,291.8500061035156,288.489990234375,288.5299987792969,261.7139892578125,95708100,0.0,0.0,0.0
2019-10-09,290.75,292.29998779296875,290.05999755859375,291.2699890136719,264.1993408203125,62359400,0.0,0.0,0.0
2019-10-10,291.17999267578125,294.2099914550781,291.0,293.239990234375,265.9862060546875,55296300,0.0,0.0,0.0
2019-10-11,296.2699890136719,298.739990234375,296.1400146484375,296.2799987792969,268.7436828613281,98720400,0.0,0.0,0.0
2019-10-14,295.92999267578125,296.6700134277344,295.57000732421875,295.95001220703125,268.44439697265625,40394800,0.0,0.0,0.0
2019-10-15,297.1000061035156,299.70001220703125,296.9700012207031,298.8800048828125,271.1019592285156,46754500,0.0,0.0,0.0
2019-10-16,298.3699951171875,299.1600036621094,297.9200134277344,298.3999938964844,270.66656494140625,48928200,0.0,0.0,0.0
2019-10-17,299.67999267578125,300.239990234375,298.5199890136719,299.2799987792969,271.4648132324219,45736600,0.0,0.0,0.0
2019-10-18,298.69000244140625,299.3999938964844,297.0299987792969,297.9700012207031,270.276611328125,64304000,0.0,0.0,0.0
2019-10-21,299.4200134277344,300.2099914550781,298.94000244140625,299.989990234375,272.1087951660156,39048600,0.0,0.0,0.0
2019-10-22,300.5799865722656,300.8999938964844,298.9100036621094,299.010009765625,271.219970703125,48594700,0.0,0.0,0.0
2019-10-23,298.7300109863281,299.94000244140625,298.5,299.8800048828125,272.0091247558594,34352200,0.0,0.0,0.0
2019-10-24,300.9100036621094,301.07000732421875,299.4599914550781,300.3699951171875,272.45355224609375,35453100,0.0,0.0,0.0
2019-10-25,299.739990234375,302.20001220703125,299.67999267578125,301.6000061035156,273.5691833496094,45205400,0.0,0.0,0.0
2019-10-28,302.94000244140625,303.8500061035156,302.9100036621094,303.29998779296875,275.1112365722656,42147000,0.0,0.0,0.0
2019-10-29,303.0,304.2300109863281,302.8599853515625,303.2099914550781,275.02960205078125,44284900,0.0,0.0,0.0
2019-10-30,303.42999267578125,304.54998779296875,301.989990234375,304.1400146484375,275.87322998046875,49643900,0.0,0.0,0.0
2019-10-31,304.1300048828125,304.1300048828125,301.7300109863281,303.3299865722656,275.13848876953125,69053800,0.0,0.0,0.0
2019-11-01,304.9200134277344,306.19000244140625,304.739990234375,306.1400146484375,277.6872863769531,71141500,0.0,0.0,0.0
2019-11-04,307.8500061035156,308.0,306.9599914550781,307.3699951171875,278.802978515625,60606900,0.0,0.0,0.0
2019-11-05,307.5899963378906,307.9200134277344,306.7099914550781,307.0299987792969,278.4945373535156,42933200,0.0,0.0,0.0
2019-11-06,307.0299987792969,307.3999938964844,306.05999755859375,307.1000061035156,278.55804443359375,46487100,0.0,0.0,0.0
2019-11-07,308.57000732421875,309.6499938964844,307.6600036621094,308.17999267578125,279.5377502441406,54272300,0.0,0.0,0.0
2019-11-08,307.79998779296875,309.0,307.0299987792969,308.94000244140625,280.2270812988281,49032100,0.0,0.0,0.0
2019-11-11,307.4200134277344,308.5400085449219,307.2699890136719,308.3500061035156,279.69189453125,35797300,0.0,0.0,0.0
2019-11-12,308.75,309.989990234375,308.1499938964844,309.0,280.2814636230469,46484600,0.0,0.0,0.0
2019-11-13,307.9100036621094,309.5400085449219,307.6600036621094,309.1000061035156,280.37213134765625,53917700,0.0,0.0,0.0
2019-11-14,308.7900085449219,309.6400146484375,308.0899963378906,309.54998779296875,280.7803955078125,51219900,0.0,0.0,0.0
2019-11-15,311.0199890136719,311.8399963378906,310.260009765625,311.7900085449219,282.8122253417969,62023600,0.0,0.0,0.0
2019-11-18,311.5299987792969,312.2799987792969,311.0299987792969,312.0199890136719,283.020751953125,49228000,0.0,0.0,0.0
2019-11-19,312.67999267578125,312.69000244140625,311.2200012207031,311.92999267578125,282.93914794921875,67804700,0.0,0.0,0.0
2019-11-20,311.2799987792969,311.8500061035156,309.05999755859375,310.7699890136719,281.886962890625,79406200,0.0,0.0,0.0
2019-11-21,310.8900146484375,311.010009765625,309.3900146484375,310.2699890136719,281.43341064453125,54664700,0.0,0.0,0.0
2019-11-22,311.0899963378906,311.239990234375,309.8500061035156,310.9599914550781,282.0592346191406,44850200,0.0,0.0,0.0
2019-11-25,311.9800109863281,313.3699951171875,311.9800109863281,313.3699951171875,284.2453308105469,48647200,0.0,0.0,0.0
2019-11-26,313.4100036621094,314.2799987792969,313.05999755859375,314.0799865722656,284.88934326171875,37569000,0.0,0.0,0.0
2019-11-27,314.6099853515625,315.4800109863281,314.3699951171875,315.4800109863281,286.1592102050781,44444600,0.0,0.0,0.0
2019-11-29,314.8599853515625,315.1300048828125,314.05999755859375,314.30999755859375,285.0979919433594,36592700,0.0,0.0,0.0
2019-12-02,314.5899963378906,314.6600036621094,311.1700134277344,311.6400146484375,282.6761474609375,75767800,0.0,0.0,0.0
2019-12-03,308.6499938964844,309.6400146484375,307.1300048828125,309.54998779296875,280.7803955078125,73941700,0.0,0.0,0.0
2019-12-04,310.70001220703125,312.1199951171875,310.32000732421875,311.4599914550781,282.51287841796875,49080000,0.0,0.0,0.0
2019-12-05,312.2300109863281,312.25,310.5799865722656,312.0199890136719,283.020751953125,40709000,0.0,0.0,0.0
2019-12-06,314.1199951171875,315.30999755859375,314.1099853515625,314.8699951171875,285.60595703125,48927000,0.0,0.0,0.0
2019-12-09,314.44000244140625,315.17999267578125,313.79998779296875,313.8800048828125,284.70794677734375,34838500,0.0,0.0,0.0
2019-12-10,313.82000732421875,314.54998779296875,312.80999755859375,313.5299987792969,284.3904113769531,52649800,0.0,0.0,0.0
2019-12-11,314.0299987792969,314.70001220703125,313.44000244140625,314.4200134277344,285.19775390625,53429100,0.0,0.0,0.0
2019-12-12,314.42999267578125,317.989990234375,314.1700134277344,317.1300048828125,287.6558532714844,96389600,0.0,0.0,0.0
2019-12-13,316.8699951171875,318.6700134277344,316.0199890136719,317.32000732421875,287.8282165527344,81503900,0.0,0.0,0.0
2019-12-16,319.2200012207031,320.1499938964844,317.25,319.5,289.80560302734375,82749700,0.0,0.0,0.0
2019-12-17,319.9200134277344,320.25,319.4800109863281,319.57000732421875,289.86907958984375,61097700,0.0,0.0,0.0
2019-12-18,320.0,320.25,319.5299987792969,319.5899963378906,289.88720703125,48133000,0.0,0.0,0.0
2019-12-19,319.79998779296875,320.9800109863281,319.5199890136719,320.8999938964844,291.075439453125,85310500,0.0,0.0,0.0
2019-12-20,320.4599914550781,321.9700012207031,319.3900146484375,320.7300109863281,292.35162353515625,147142100,1.57,0.0,0.0
2019-12-23,321.5899963378906,321.6499938964844,321.05999755859375,321.2200012207031,292.7981872558594,52990000,0.0,0.0,0.0
2019-12-24,321.4700012207031,321.5199890136719,320.8999938964844,321.2300109863281,292.8073425292969,20270000,0.0,0.0,0.0
2019-12-26,321.6499938964844,322.95001220703125,321.6400146484375,322.94000244140625,294.3660583496094,30911200,0.0,0.0,0.0
2019-12-27,323.739990234375,323.79998779296875,322.2799987792969,322.8599853515625,294.2931823730469,42528800,0.0,0.0,0.0
2019-12-30,322.95001220703125,323.1000061035156,320.54998779296875,321.0799865722656,292.6705627441406,49729100,0.0,0.0,0.0
2019-12-31,320.5299987792969,322.1300048828125,320.1499938964844,321.8599853515625,293.3816223144531,57077300,0.0,0.0,0.0
2020-01-02,323.5400085449219,324.8900146484375,322.5299987792969,324.8699951171875,296.1252746582031,59151200,0.0,0.0,0.0
2020-01-03,321.1600036621094,323.6400146484375,321.1000061035156,322.4100036621094,293.8829345703125,77709700,0.0,0.0,0.0
2020-01-06,320.489990234375,323.7300109863281,320.3599853515625,323.6400146484375,295.00408935546875,55653900,0.0,0.0,0.0
2020-01-07,323.0199890136719,323.5400085449219,322.239990234375,322.7300109863281,294.17462158203125,40496400,0.0,0.0,0.0
2020-01-08,322.94000244140625,325.7799987792969,322.6700134277344,324.45001220703125,295.74249267578125,68296000,0.0,0.0,0.0
2020-01-09,326.1600036621094,326.7300109863281,325.5199890136719,326.6499938964844,297.747802734375,48473300,0.0,0.0,0.0
2020-01-10,327.2900085449219,327.4599914550781,325.20001220703125,325.7099914550781,296.89093017578125,53029300,0.0,0.0,0.0
2020-01-13,326.3900146484375,327.9599914550781,325.9200134277344,327.95001220703125,298.9328308105469,47086800,0.0,0.0,0.0
2020-01-14,327.4700012207031,328.6199951171875,326.8399963378906,327.45001220703125,298.4769592285156,62832800,0.0,0.0,0.0
2020-01-15,327.3500061035156,329.0199890136719,327.260009765625,328.19000244140625,299.15155029296875,72056600,0.0,0.0,0.0
2020-01-16,329.70001220703125,330.9200134277344,329.45001220703125,330.9200134277344,301.6399841308594,54050300,0.0,0.0,0.0
2020-01-17,331.70001220703125,332.17999267578125,330.8500061035156,331.95001220703125,302.5788269042969,95846000,0.0,0.0,0.0
2020-01-21,330.8999938964844,332.17999267578125,330.82000732421875,331.29998779296875,301.9862976074219,77742400,0.0,0.0,0.0
2020-01-22,332.239990234375,332.95001220703125,331.1700134277344,331.3399963378906,302.0228576660156,48914900,0.0,0.0,0.0
2020-01-23,330.6300048828125,332.1700134277344,329.4100036621094,331.7200012207031,302.369140625,51963000,0.0,0.0,0.0
2020-01-24,332.44000244140625,332.5299987792969,327.3599853515625,328.7699890136719,299.6802062988281,87578400,0.0,0.0,0.0
2020-01-27,323.0299987792969,325.1199951171875,322.6600036621094,323.5,294.8764953613281,84062500,0.0,0.0,0.0
2020-01-28,325.05999755859375,327.8500061035156,323.6000061035156,326.8900146484375,297.9665222167969,63834000,0.0,0.0,0.0
2020-01-29,328.3800048828125,328.6300048828125,326.3999938964844,326.6199951171875,297.7205810546875,53888900,0.0,0.0,0.0
2020-01-30,324.3599853515625,327.9100036621094,323.5400085449219,327.67999267578125,298.6866149902344,75491800,0.0,0.0,0.0
2020-01-31,327.0,327.1700134277344,320.7300109863281,321.7300109863281,293.26312255859375,113845600,0.0,0.0,0.0
2020-02-03,323.3500061035156,326.1600036621094,323.2200012207031,324.1199951171875,295.441650390625,69083000,0.0,0.0,0.0
2020-02-04,328.07000732421875,330.010009765625,327.7200012207031,329.05999755859375,299.9445495605469,62573200,0.0,0.0,0.0
2020-02-05,332.2699890136719,333.0899963378906,330.6700134277344,332.8599853515625,303.4083251953125,65951100,0.0,0.0,0.0
2020-02-06,333.9100036621094,334.19000244140625,332.79998779296875,333.9800109863281,304.4292297363281,50359700,0.0,0.0,0.0
2020-02-07,332.82000732421875,333.989990234375,331.6000061035156,332.20001220703125,302.8067321777344,64139400,0.0,0.0,0.0
2020-02-10,331.2300109863281,334.75,331.19000244140625,334.67999267578125,305.0673522949219,42070000,0.0,0.0,0.0
2020-02-11,336.1600036621094,337.0199890136719,334.67999267578125,335.260009765625,305.5959777832031,54864500,0.0,0.0,0.0
2020-02-12,336.8299865722656,337.6499938964844,336.42999267578125,337.4200134277344,307.5648498535156,43992700,0.0,0.0,0.0
2020-02-13,335.8599853515625,338.1199951171875,335.55999755859375,337.05999755859375,307.23675537109375,54501900,0.0,0.0,0.0
2020-02-14,337.510009765625,337.7300109863281,336.20001220703125,337.6000061035156,307.7289123535156,64582200,0.0,0.0,0.0
2020-02-18,336.510009765625,337.6700134277344,335.2099914550781,336.7300109863281,306.9359436035156,57226200,0.0,0.0,0.0
2020-02-19,337.7900085449219,339.0799865722656,337.4800109863281,338.3399963378906,308.40338134765625,48814700,0.0,0.0,0.0
2020-02-20,337.739990234375,338.6400146484375,333.67999267578125,336.95001220703125,307.1364440917969,74163400,0.0,0.0,0.0
2020-02-21,335.4700012207031,335.80999755859375,332.5799865722656,333.4800109863281,303.9735107421875,113788200,0.0,0.0,0.0
2020-02-24,323.1400146484375,333.55999755859375,321.239990234375,322.4200134277344,293.89208984375,161088400,0.0,0.0,0.0
2020-02-25,323.94000244140625,324.6099853515625,311.69000244140625,312.6499938964844,284.9864807128906,218913200,0.0,0.0,0.0
2020-02-26,314.17999267578125,318.1099853515625,310.70001220703125,311.5,283.93829345703125,194773800,0.0,0.0,0.0
2020-02-27,305.4599914550781,311.55999755859375,297.510009765625,297.510009765625,271.18609619140625,284353500,0.0,0.0,0.0
2020-02-28,288.70001220703125,297.8900146484375,285.5400085449219,296.260009765625,270.0467529296875,384975800,0.0,0.0,0.0
2020-03-02,298.2099914550781,309.1600036621094,294.4599914550781,309.0899963378906,281.7414855957031,238703600,0.0,0.0,0.0
2020-03-03,309.5,313.8399963378906,297.57000732421875,300.239990234375,273.6746826171875,300139100,0.0,0.0,0.0
2020-03-04,306.1199951171875,313.1000061035156,303.3299865722656,312.8599853515625,285.1779479980469,176613400,0.0,0.0,0.0
2020-03-05,304.9800109863281,308.4700012207031,300.010009765625,302.4599914550781,275.6981201171875,186366800,0.0,0.0,0.0
2020-03-06,293.1499938964844,298.7799987792969,290.2300109863281,297.4599914550781,271.1404724121094,228667200,0.0,0.0,0.0
2020-03-09,275.29998779296875,284.19000244140625,273.45001220703125,274.2300109863281,249.96597290039062,309417300,0.0,0.0,0.0
2020-03-10,284.6400146484375,288.5199890136719,273.5,288.4200134277344,262.90045166015625,276444100,0.0,0.0,0.0
2020-03-11,280.70001220703125,281.94000244140625,270.8800048828125,274.3599853515625,250.0845184326172,255316300,0.0,0.0,0.0
2020-03-12,256.0,266.6600036621094,247.67999267578125,248.11000061035156,226.15704345703125,392220700,0.0,0.0,0.0
2020-03-13,263.0899963378906,271.4800109863281,248.52000427246094,269.32000732421875,245.49041748046875,329566100,0.0,0.0,0.0
2020-03-16,241.17999267578125,256.8999938964844,237.36000061035156,239.85000610351562,218.6278839111328,297240000,0.0,0.0,0.0
2020-03-17,245.0399932861328,256.1700134277344,237.07000732421875,252.8000030517578,230.4320831298828,262070500,0.0,0.0,0.0
2020-03-18,236.25,248.3699951171875,228.02000427246094,240.0,218.76463317871094,327597100,0.0,0.0,0.0
2020-03-19,239.25,247.3800048828125,232.22000122070312,240.50999450683594,219.22952270507812,289322000,0.0,0.0,0.0
2020-03-20,242.52999877929688,244.47000122070312,228.5,228.8000030517578,209.78204345703125,347158800,1.406,0.0,0.0
2020-03-23,228.19000244140625,229.67999267578125,218.25999450683594,222.9499969482422,204.41824340820312,326025200,0.0,0.0,0.0
2020-03-24,234.4199981689453,244.10000610351562,233.8000030517578,243.14999389648438,222.939208984375,235494500,0.0,0.0,0.0
2020-03-25,244.8699951171875,256.3500061035156,239.75,246.7899932861328,226.27659606933594,299430300,0.0,0.0,0.0
2020-03-26,249.52000427246094,262.79998779296875,249.0500030517578,261.20001220703125,239.48890686035156,257632800,0.0,0.0,0.0
2020-03-27,253.27000427246094,260.80999755859375,251.0500030517578,253.4199981689453,232.35556030273438,224341200,0.0,0.0,0.0
2020-03-30,255.6999969482422,262.42999267578125,253.52999877929688,261.6499938964844,239.90147399902344,171369500,0.0,0.0,0.0
2020-03-31,260.55999755859375,263.3299865722656,256.2200012207031,257.75,236.32566833496094,194881100,0.0,0.0,0.0
2020-04-01,247.97999572753906,257.6600036621094,243.89999389648438,246.14999389648438,225.6898956298828,189554600,0.0,0.0,0.0
2020-04-02,245.19000244140625,252.67999267578125,244.58999633789062,251.8300018310547,230.89773559570312,177660400,0.0,0.0,0.0
2020-04-03,250.75999450683594,253.32000732421875,245.22000122070312,248.19000244140625,227.5602569580078,135561200,0.0,0.0,0.0
2020-04-06,257.8399963378906,267.0,248.1699981689453,264.8599853515625,242.84461975097656,188061200,0.0,0.0,0.0
2020-04-07,274.2099914550781,275.0299987792969,264.8900146484375,265.1300048828125,243.09217834472656,201427200,0.0,0.0,0.0
2020-04-08,267.9599914550781,276.0,265.25,274.0299987792969,251.25241088867188,153774500,0.0,0.0,0.0
2020-04-09,277.5799865722656,281.20001220703125,275.4700012207031,278.20001220703125,255.0758819580078,189999200,0.0,0.0,0.0
2020-04-13,277.1400146484375,277.510009765625,271.4100036621094,275.6600036621094,252.7469940185547,114839100,0.0,0.0,0.0
2020-04-14,280.9800109863281,284.8999938964844,275.510009765625,283.7900085449219,260.20123291015625,134143400,0.0,0.0,0.0
2020-04-15,277.57000732421875,283.94000244140625,275.4599914550781,277.760009765625,254.6724090576172,121775000,0.0,0.0,0.0
2020-04-16,279.1499938964844,280.0299987792969,275.760009765625,279.1000061035156,255.90103149414062,131798300,0.0,0.0,0.0
2020-04-17,285.3800048828125,287.29998779296875,282.3999938964844,286.6400146484375,262.8143310546875,146684800,0.0,0.0,0.0
2020-04-20,282.6099853515625,286.7900085449219,281.3500061035156,281.5899963378906,258.18402099609375,100109300,0.0,0.0,0.0
2020-04-21,276.7300109863281,278.0400085449219,272.0199890136719,273.0400085449219,250.34475708007812,126385700,0.0,0.0,0.0
2020-04-22,278.3500061035156,281.0,276.9100036621094,279.1000061035156,255.90103149414062,92951600,0.0,0.0,0.0
2020-04-23,280.489990234375,283.94000244140625,278.75,279.0799865722656,255.88275146484375,104709700,0.0,0.0,0.0
2020-04-24,280.7300109863281,283.70001220703125,278.5,282.9700012207031,259.449462890625,85063200,0.0,0.0,0.0
2020-04-27,285.1199951171875,288.2699890136719,284.6199951171875,287.04998779296875,263.1901550292969,77896600,0.0,0.0,0.0
2020-04-28,291.0199890136719,291.3999938964844,285.3999938964844,285.7300109863281,261.97998046875,105270000,0.0,0.0,0.0
2020-04-29,291.5299987792969,294.8800048828125,290.4100036621094,293.2099914550781,268.8382263183594,118745600,0.0,0.0,0.0
2020-04-30,291.7099914550781,293.32000732421875,288.5899963378906,290.4800109863281,266.33514404296875,122901700,0.0,0.0,0.0
2020-05-01,285.30999755859375,290.6600036621094,281.5199890136719,282.7900085449219,259.28436279296875,125180000,0.0,0.0,0.0
2020-05-04,280.739990234375,283.8999938964844,279.1300048828125,283.57000732421875,259.99951171875,80873200,0.0,0.0,0.0
2020-05-05,286.6400146484375,289.25,283.7099914550781,286.19000244140625,262.4016418457031,79569900,0.0,0.0,0.0
2020-05-06,288.0400085449219,288.4599914550781,283.7799987792969,284.25,260.6229248046875,73632600,0.0,0.0,0.0
2020-05-07,287.75,289.7799987792969,287.1300048828125,287.67999267578125,263.767822265625,75250400,0.0,0.0,0.0
2020-05-08,291.0899963378906,292.95001220703125,289.8599853515625,292.44000244140625,268.1321716308594,76452400,0.0,0.0,0.0
2020-05-11,290.3399963378906,294.0,289.8800048828125,292.5,268.18719482421875,79514200,0.0,0.0,0.0
2020-05-12,293.7900085449219,294.239990234375,286.5199890136719,286.6700134277344,262.841796875,95870800,0.0,0.0,0.0
2020-05-13,286.05999755859375,287.19000244140625,278.9599914550781,281.6000061035156,258.19317626953125,144721100,0.0,0.0,0.0
2020-05-14,278.95001220703125,285.1099853515625,272.989990234375,284.9700012207031,261.2831115722656,121977900,0.0,0.0,0.0
2020-05-15,282.3699951171875,286.3299865722656,281.3399963378906,286.2799987792969,262.4842529296875,111146300,0.0,0.0,0.0
2020-05-18,293.04998779296875,296.75,292.70001220703125,295.0,270.4793701171875,119703800,0.0,0.0,0.0
2020-05-19,294.3500061035156,296.2099914550781,291.95001220703125,291.9700012207031,267.70123291015625,95189300,0.0,0.0,0.0
2020-05-20,295.82000732421875,297.8699951171875,295.57000732421875,296.92999267578125,272.24896240234375,85861700,0.0,0.0,0.0
2020-05-21,296.7900085449219,297.6700134277344,293.69000244140625,294.8800048828125,270.369384765625,78293900,0.0,0.0,0.0
2020-05-22,294.57000732421875,295.6300048828125,293.2200012207031,295.44000244140625,270.8828430175781,63958200,0.0,0.0,0.0
2020-05-26,301.92999267578125,302.19000244140625,295.4599914550781,299.0799865722656,274.22027587890625,88951400,0.0,0.0,0.0
2020-05-27,302.1199951171875,303.57000732421875,296.8699951171875,303.5299987792969,278.30035400390625,104817400,0.0,0.0,0.0
2020-05-28,304.6499938964844,306.8399963378906,302.239990234375,302.9700012207031,277.786865234375,90405200,0.0,0.0,0.0
2020-05-29,302.4599914550781,304.9599914550781,299.4700012207031,304.32000732421875,279.02471923828125,119090800,0.0,0.0,0.0
2020-06-01,303.6199951171875,306.2099914550781,303.05999755859375,305.54998779296875,280.15252685546875,55758300,0.0,0.0,0.0
2020-06-02,306.54998779296875,308.1300048828125,305.1000061035156,308.0799865722656,282.4721984863281,74267200,0.0,0.0,0.0
2020-06-03,310.239990234375,313.2200012207031,309.94000244140625,312.17999267578125,286.2314147949219,92567600,0.0,0.0,0.0
2020-06-04,311.1099853515625,313.0,309.0799865722656,311.3599853515625,285.4795227050781,75794400,0.0,0.0,0.0
2020-06-05,317.2300109863281,321.2699890136719,317.1600036621094,319.3399963378906,292.79620361328125,150524700,0.0,0.0,0.0
2020-06-08,320.2200012207031,323.4100036621094,319.6300048828125,323.20001220703125,296.33538818359375,73641200,0.0,0.0,0.0
2020-06-09,320.29998779296875,323.2799987792969,319.3599853515625,320.7900085449219,294.12579345703125,77479200,0.0,0.0,0.0
2020-06-10,321.4200134277344,322.3900146484375,318.2200012207031,319.0,292.4844970703125,95000800,0.0,0.0,0.0
2020-06-11,311.4599914550781,312.1499938964844,300.010009765625,300.6099853515625,275.62310791015625,209243600,0.0,0.0,0.0
2020-06-12,308.239990234375,309.0799865722656,298.6000061035156,304.2099914550781,278.92388916015625,194678900,0.0,0.0,0.0
2020-06-15,298.0199890136719,308.2799987792969,296.739990234375,307.04998779296875,281.5278015136719,135782700,0.0,0.0,0.0
2020-06-16,315.4800109863281,315.6400146484375,307.6700134277344,312.9599914550781,286.9465637207031,137627500,0.0,0.0,0.0
2020-06-17,314.07000732421875,314.3900146484375,310.8599853515625,311.6600036621094,285.7546691894531,83398900,0.0,0.0,0.0
2020-06-18,310.010009765625,312.29998779296875,309.510009765625,311.7799987792969,285.8647155761719,80828700,0.0,0.0,0.0
2020-06-19,314.1700134277344,314.3800048828125,306.5299987792969,308.6400146484375,284.23089599609375,135549600,1.366,0.0,0.0
2020-06-22,307.989990234375,311.04998779296875,306.75,310.6199951171875,286.0542907714844,74649400,0.0,0.0,0.0
2020-06-23,313.489990234375,314.5,311.6099853515625,312.04998779296875,287.3713073730469,68471200,0.0,0.0,0.0
2020-06-24,309.8399963378906,310.510009765625,302.1000061035156,304.0899963378906,280.040771484375,132813500,0.0,0.0,0.0
2020-06-25,303.4700012207031,307.6400146484375,301.2799987792969,307.3500061035156,283.04302978515625,89468000,0.0,0.0,0.0
2020-06-26,306.1600036621094,306.3900146484375,299.4200134277344,300.04998779296875,276.32025146484375,127961000,0.0,0.0,0.0
2020-06-29,301.4100036621094,304.6099853515625,298.92999267578125,304.4599914550781,280.3815002441406,79773300,0.0,0.0,0.0
2020-06-30,303.989990234375,310.20001220703125,303.82000732421875,308.3599853515625,283.97314453125,113394800,0.0,0.0,0.0
2020-07-01,309.57000732421875,311.8900146484375,309.07000732421875,310.5199890136719,285.96221923828125,72396500,0.0,0.0,0.0
2020-07-02,314.239990234375,315.70001220703125,311.510009765625,312.2300109863281,287.53704833984375,69344200,0.0,0.0,0.0
2020-07-06,316.3699951171875,317.67999267578125,315.55999755859375,317.04998779296875,291.9757995605469,61713800,0.0,0.0,0.0
2020-07-07,315.3800048828125,317.5199890136719,313.3699951171875,313.7799987792969,288.9645080566406,82910000,0.0,0.0,0.0
2020-07-08,314.6099853515625,316.29998779296875,312.70001220703125,316.17999267578125,291.1745910644531,54638600,0.0,0.0,0.0
2020-07-09,316.8399963378906,317.1000061035156,310.67999267578125,314.3800048828125,289.5169677734375,83354200,0.0,0.0,0.0
2020-07-10,314.30999755859375,317.8800048828125,312.760009765625,317.5899963378906,292.4730529785156,57550400,0.0,0.0,0.0
2020-07-13,320.1300048828125,322.7099914550781,314.1300048828125,314.8399963378906,289.94061279296875,102997500,0.0,0.0,0.0
2020-07-14,313.29998779296875,319.760009765625,312.0,318.9200134277344,293.69793701171875,93657000,0.0,0.0,0.0
2020-07-15,322.4100036621094,323.0400085449219,319.2699890136719,321.8500061035156,296.3962707519531,87196500,0.0,0.0,0.0
2020-07-16,319.7900085449219,321.2799987792969,319.0899963378906,320.7900085449219,295.4200744628906,54622500,0.0,0.0,0.0
2020-07-17,321.8800048828125,322.57000732421875,319.739990234375,321.7200012207031,296.27655029296875,62774900,0.0,0.0,0.0
2020-07-20,321.42999267578125,325.1300048828125,320.6199951171875,324.32000732421875,298.6708679199219,56308800,0.0,0.0,0.0
2020-07-21,326.45001220703125,326.92999267578125,323.94000244140625,325.010009765625,299.3062744140625,57292200,0.0,0.0,0.0
2020-07-22,324.6199951171875,327.20001220703125,324.5,326.8599853515625,301.010009765625,57792900,0.0,0.0,0.0
2020-07-23,326.4700012207031,327.2300109863281,321.4800109863281,322.9599914550781,297.4184875488281,75738000,0.0,0.0,0.0
2020-07-24,320.95001220703125,321.989990234375,319.25,320.8800048828125,295.5028991699219,73766600,0.0,0.0,0.0
2020-07-27,321.6300048828125,323.4100036621094,320.7699890136719,323.2200012207031,297.6578369140625,48293000,0.0,0.0,0.0
2020-07-28,322.42999267578125,323.6400146484375,320.8500061035156,321.1700134277344,295.77001953125,57495000,0.0,0.0,0.0
2020-07-29,322.1199951171875,325.7300109863281,322.0799865722656,325.1199951171875,299.4076232910156,48454200,0.0,0.0,0.0
2020-07-30,321.8999938964844,324.4100036621094,319.6400146484375,323.9599914550781,298.3393249511719,61861700,0.0,0.0,0.0
2020-07-31,325.8999938964844,326.6300048828125,321.3299865722656,326.5199890136719,300.6968994140625,84986800,0.0,0.0,0.0
2020-08-03,328.32000732421875,329.6199951171875,327.7300109863281,328.7900085449219,302.787353515625,53077900,0.0,0.0,0.0
2020-08-04,327.8599853515625,330.05999755859375,327.8599853515625,330.05999755859375,303.9568786621094,41917900,0.0,0.0,0.0
2020-08-05,331.4700012207031,332.3900146484375,331.17999267578125,332.1099853515625,305.8447570800781,42697700,0.0,0.0,0.0
2020-08-06,331.4800109863281,334.4599914550781,331.1300048828125,334.3299865722656,307.88922119140625,43679400,0.0,0.0,0.0
2020-08-07,333.2799987792969,334.8800048828125,332.29998779296875,334.57000732421875,308.1101989746094,57308300,0.0,0.0,0.0
2020-08-10,335.05999755859375,335.7699890136719,332.9599914550781,335.57000732421875,309.03118896484375,44282100,0.0,0.0,0.0
2020-08-11,336.8500061035156,337.5400085449219,332.010009765625,332.79998779296875,306.4803161621094,69601100,0.0,0.0,0.0
2020-08-12,335.44000244140625,338.2799987792969,335.4100036621094,337.44000244140625,310.7533264160156,53774400,0.0,0.0,0.0
2020-08-13,336.6099853515625,338.25,335.8299865722656,336.8299865722656,310.1915588378906,41816100,0.0,0.0,0.0
2020-08-14,336.4100036621094,337.4200134277344,335.6199951171875,336.8399963378906,310.2007141113281,47260400,0.0,0.0,0.0
2020-08-17,337.94000244140625,338.3399963378906,336.8500061035156,337.9100036621094,311.1861572265625,35481000,0.0,0.0,0.0
2020-08-18,338.3399963378906,339.1000061035156,336.6099853515625,338.6400146484375,311.85845947265625,38733900,0.0,0.0,0.0
2020-08-19,339.04998779296875,339.6099853515625,336.6199951171875,337.2300109863281,310.55987548828125,68054200,0.0,0.0,0.0
2020-08-20,335.3599853515625,338.79998779296875,335.2200012207031,338.2799987792969,311.52685546875,42207800,0.0,0.0,0.0
2020-08-21,337.9200134277344,339.7200012207031,337.54998779296875,339.4800109863281,312.6319885253906,55106600,0.0,0.0,0.0
2020-08-24,342.1199951171875,343.0,339.45001220703125,342.9200134277344,315.79986572265625,48588700,0.0,0.0,0.0
2020-08-25,343.5299987792969,344.2099914550781,342.2699890136719,344.1199951171875,316.9050598144531,38463400,0.0,0.0,0.0
2020-08-26,344.760009765625,347.8599853515625,344.1700134277344,347.57000732421875,320.0821228027344,50790200,0.0,0.0,0.0
2020-08-27,348.510009765625,349.8999938964844,346.5299987792969,348.3299865722656,320.7820129394531,58034100,0.0,0.0,0.0
2020-08-28,349.44000244140625,350.7200012207031,348.1499938964844,350.5799865722656,322.8540344238281,48588900,0.0,0.0,0.0
2020-08-31,350.3500061035156,351.29998779296875,349.05999755859375,349.30999755859375,321.6844787597656,66099200,0.0,0.0,0.0
2020-09-01,350.2099914550781,352.7099914550781,349.239990234375,352.6000061035156,324.7143249511719,54908700,0.0,0.0,0.0
2020-09-02,354.6700134277344,358.75,353.42999267578125,357.70001220703125,329.4109802246094,69540000,0.0,0.0,0.0
2020-09-03,355.8699951171875,356.3800048828125,342.5899963378906,345.3900146484375,318.07452392578125,148011100,0.0,0.0,0.0
2020-09-04,346.1300048828125,347.8299865722656,334.8699951171875,342.57000732421875,315.4775390625,139156300,0.0,0.0,0.0
2020-09-08,336.7099914550781,342.6400146484375,332.8800048828125,333.2099914550781,306.85784912109375,114465300,0.0,0.0,0.0
2020-09-09,337.54998779296875,342.4599914550781,336.6099853515625,339.7900085449219,312.9173889160156,91462300,0.0,0.0,0.0
2020-09-10,341.82000732421875,342.5299987792969,332.8500061035156,333.8900146484375,307.4840393066406,90569500,0.0,0.0,0.0
2020-09-11,335.82000732421875,336.9700012207031,331.0,334.05999755859375,307.6405944824219,84680200,0.0,0.0,0.0
2020-09-14,337.489990234375,340.3800048828125,334.2200012207031,338.4599914550781,311.69256591796875,65605700,0.0,0.0,0.0
2020-09-15,341.1199951171875,342.0199890136719,338.4700012207031,340.1700134277344,313.26739501953125,52920900,0.0,0.0,0.0
2020-09-16,341.510009765625,343.05999755859375,338.5199890136719,338.82000732421875,312.02410888671875,82096000,0.0,0.0,0.0
2020-09-17,333.55999755859375,337.70001220703125,332.989990234375,335.8399963378906,309.2798156738281,91523300,0.0,0.0,0.0
2020-09-18,335.3699951171875,335.489990234375,327.9700012207031,330.6499938964844,305.71917724609375,105877900,1.339,0.0,0.0
2020-09-21,325.70001220703125,327.1300048828125,321.7300109863281,326.9700012207031,302.3166198730469,99450800,0.0,0.0,0.0
2020-09-22,328.57000732421875,330.8999938964844,325.8599853515625,330.29998779296875,305.3955383300781,63612100,0.0,0.0,0.0
2020-09-23,330.8999938964844,331.20001220703125,322.1000061035156,322.6400146484375,298.3131408691406,93112200,0.0,0.0,0.0
2020-09-24,321.2200012207031,326.79998779296875,319.79998779296875,323.5,299.1082763671875,76681300,0.0,0.0,0.0
2020-09-25,322.5799865722656,329.5799865722656,321.6400146484375,328.7300109863281,303.9439392089844,71069400,0.0,0.0,0.0
2020-09-28,333.2200012207031,334.9599914550781,332.1499938964844,334.19000244140625,308.99224853515625,64584600,0.0,0.0,0.0
2020-09-29,333.9700012207031,334.7699890136719,331.6199951171875,332.3699951171875,307.3094177246094,51304000,0.0,0.0,0.0
2020-09-30,333.0899963378906,338.2900085449219,332.8800048828125,334.8900146484375,309.6395568847656,104081100,0.0,0.0,0.0
2020-10-01,337.69000244140625,338.739990234375,335.010009765625,337.0400085449219,311.6273498535156,88698700,0.0,0.0,0.0
2020-10-02,331.70001220703125,337.010009765625,331.19000244140625,333.8399963378906,308.6686096191406,89431100,0.0,0.0,0.0
2020-10-05,336.05999755859375,339.9599914550781,336.010009765625,339.760009765625,314.14227294921875,45713100,0.0,0.0,0.0
2020-10-06,339.9100036621094,342.1700134277344,334.3800048828125,334.92999267578125,309.6763916015625,90128900,0.0,0.0,0.0
2020-10-07,338.1199951171875,341.6300048828125,338.0899963378906,340.760009765625,315.06695556640625,56999600,0.0,0.0,0.0
2020-10-08,342.8500061035156,343.8500061035156,341.8599853515625,343.7799987792969,317.8592529296875,45242500,0.0,0.0,0.0
2020-10-09,345.55999755859375,347.3500061035156,344.8900146484375,346.8500061035156,320.6977844238281,59528600,0.0,0.0,0.0
2020-10-12,349.5899963378906,354.0199890136719,349.05999755859375,352.42999267578125,325.8569641113281,80388500,0.0,0.0,0.0
2020-10-13,352.2799987792969,352.4700012207031,349.0899963378906,350.1300048828125,323.7303466796875,73255500,0.0,0.0,0.0
2020-10-14,350.75,351.92999267578125,347.1400146484375,347.92999267578125,321.6963195800781,57727900,0.0,0.0,0.0
2020-10-15,343.7099914550781,348.0199890136719,343.1300048828125,347.5,321.29864501953125,60357700,0.0,0.0,0.0
2020-10-16,348.9599914550781,350.75,347.1000061035156,347.2900085449219,321.1045837402344,89501900,0.0,0.0,0.0
2020-10-19,348.6499938964844,349.3299865722656,341.0400085449219,342.010009765625,316.22271728515625,68425600,0.0,0.0,0.0
2020-10-20,343.4599914550781,346.8800048828125,342.6400146484375,343.3800048828125,317.4894104003906,60051900,0.0,0.0,0.0
2020-10-21,343.3299865722656,345.6700134277344,342.3999938964844,342.7300109863281,316.8883361816406,63575000,0.0,0.0,0.0
2020-10-22,342.9599914550781,345.239990234375,340.6499938964844,344.6099853515625,318.6266174316406,55399300,0.0,0.0,0.0
2020-10-23,345.92999267578125,345.989990234375,343.1300048828125,345.7799987792969,319.7083740234375,49143900,0.0,0.0,0.0
2020-10-26,342.1300048828125,342.9800109863281,335.6199951171875,339.3900146484375,313.80023193359375,91473000,0.0,0.0,0.0
2020-10-27,339.760009765625,340.1199951171875,337.989990234375,338.2200012207031,312.7184143066406,65994100,0.0,0.0,0.0
2020-10-28,332.1000061035156,338.25,326.1300048828125,326.6600036621094,302.0299987792969,127094300,0.0,0.0,0.0
2020-10-29,326.9100036621094,333.3999938964844,325.0899963378906,329.9800109863281,305.0997619628906,90597700,0.0,0.0,0.0
2020-10-30,328.2799987792969,329.69000244140625,322.6000061035156,326.5400085449219,301.9190673828125,120287300,0.0,0.0,0.0
2020-11-02,330.20001220703125,332.3599853515625,327.239990234375,330.20001220703125,305.30316162109375,86068300,0.0,0.0,0.0
2020-11-03,333.69000244140625,338.25,330.2900085449219,336.0299987792969,310.6935729980469,93294200,0.0,0.0,0.0
2020-11-04,340.8599853515625,347.94000244140625,339.5899963378906,343.5400085449219,317.6372985839844,126959700,0.0,0.0,0.0
2020-11-05,349.239990234375,352.19000244140625,348.8599853515625,350.239990234375,323.83209228515625,82039700,0.0,0.0,0.0
2020-11-06,349.92999267578125,351.510009765625,347.6499938964844,350.1600036621094,323.7581787109375,74973000,0.0,0.0,0.0
2020-11-09,363.9700012207031,364.3800048828125,354.05999755859375,354.55999755859375,327.826416015625,172304200,0.0,0.0,0.0
2020-11-10,353.489990234375,355.17999267578125,350.510009765625,354.0400085449219,327.3455810546875,85552000,0.0,0.0,0.0
2020-11-11,356.3999938964844,357.55999755859375,355.05999755859375,356.6700134277344,329.7773132324219,58649000,0.0,0.0,0.0
2020-11-12,355.5799865722656,356.7200012207031,351.260009765625,353.2099914550781,326.57818603515625,67546200,0.0,0.0,0.0
2020-11-13,355.2699890136719,358.8999938964844,354.7099914550781,358.1000061035156,331.0994567871094,62892200,0.0,0.0,0.0
2020-11-16,360.9800109863281,362.7799987792969,359.5899963378906,362.57000732421875,335.232421875,74541100,0.0,0.0,0.0
2020-11-17,359.9700012207031,361.9200134277344,358.3399963378906,360.6199951171875,333.429443359375,66111000,0.0,0.0,0.0
2020-11-18,360.9100036621094,361.5,356.239990234375,356.2799987792969,329.4166564941406,70591300,0.0,0.0,0.0
2020-11-19,355.6000061035156,358.17999267578125,354.1499938964844,357.7799987792969,330.8035888671875,59940900,0.0,0.0,0.0
2020-11-20,357.5,357.7200012207031,355.25,355.3299865722656,328.5382995605469,70417300,0.0,0.0,0.0
2020-11-23,357.2799987792969,358.82000732421875,354.8699951171875,357.4599914550781,330.5077209472656,63230600,0.0,0.0,0.0
2020-11-24,360.2099914550781,363.80999755859375,359.2900085449219,363.2200012207031,335.83343505859375,62415900,0.0,0.0,0.0
2020-11-25,363.1300048828125,363.1600036621094,361.4800109863281,362.6600036621094,335.3156433105469,45330900,0.0,0.0,0.0
2020-11-27,363.8399963378906,364.17999267578125,362.5799865722656,363.6700134277344,336.2494812011719,28514100,0.0,0.0,0.0
2020-11-30,362.8299865722656,363.1199951171875,359.1700134277344,362.05999755859375,334.7608642578125,83872700,0.0,0.0,0.0
2020-12-01,365.57000732421875,367.67999267578125,364.92999267578125,366.0199890136719,338.42230224609375,74231400,0.0,0.0,0.0
2020-12-02,364.82000732421875,366.9599914550781,364.20001220703125,366.7900085449219,339.13421630859375,45927000,0.0,0.0,0.0
2020-12-03,366.67999267578125,368.19000244140625,365.5,366.69000244140625,339.041748046875,62882000,0.0,0.0,0.0
2020-12-04,367.32000732421875,369.8500061035156,367.2200012207031,369.8500061035156,341.9635314941406,50749900,0.0,0.0,0.0
2020-12-07,369.0199890136719,369.6199951171875,367.7200012207031,369.0899963378906,341.2607421875,48944300,0.0,0.0,0.0
2020-12-08,367.7200012207031,370.7799987792969,367.6700134277344,370.1700134277344,342.25933837890625,42458900,0.0,0.0,0.0
2020-12-09,370.8800048828125,371.04998779296875,365.95001220703125,366.8500061035156,339.18975830078125,74098300,0.0,0.0,0.0
2020-12-10,365.3699951171875,367.8599853515625,364.42999267578125,366.7300109863281,339.07879638671875,57735400,0.0,0.0,0.0
2020-12-11,364.8999938964844,366.739990234375,363.260009765625,366.29998779296875,338.68115234375,57698600,0.0,0.0,0.0
2020-12-14,368.6400146484375,369.79998779296875,364.4700012207031,364.6600036621094,337.16473388671875,69216200,0.0,0.0,0.0
2020-12-15,367.3999938964844,369.5899963378906,365.9200134277344,369.5899963378906,341.72314453125,63865300,0.0,0.0,0.0
2020-12-16,369.82000732421875,371.1600036621094,368.8699951171875,370.1700134277344,342.25933837890625,58420500,0.0,0.0,0.0
2020-12-17,371.94000244140625,372.4599914550781,371.04998779296875,372.239990234375,344.17333984375,64119500,0.0,0.0,0.0
2020-12-18,370.9700012207031,371.1499938964844,367.0199890136719,369.17999267578125,342.7990417480469,136542300,1.58,0.0,0.0
2020-12-21,364.9700012207031,378.4599914550781,362.0299987792969,367.8599853515625,341.57342529296875,96386700,0.0,0.0,0.0
2020-12-22,368.2099914550781,368.3299865722656,366.0299987792969,367.239990234375,340.99761962890625,47949000,0.0,0.0,0.0
2020-12-23,368.2799987792969,369.6199951171875,367.2200012207031,367.57000732421875,341.30413818359375,46201400,0.0,0.0,0.0
2020-12-24,368.0799865722656,369.0299987792969,367.45001220703125,369.0,342.6319580078125,26457900,0.0,0.0,0.0
2020-12-28,371.739990234375,372.5899963378906,371.07000732421875,372.1700134277344,345.5754089355469,39000400,0.0,0.0,0.0
2020-12-29,373.80999755859375,374.0,370.8299865722656,371.4599914550781,344.9160461425781,53680500,0.0,0.0,0.0
2020-12-30,372.3399963378906,373.1000061035156,371.57000732421875,371.989990234375,345.4082946777344,49455300,0.0,0.0,0.0
2020-12-31,371.7799987792969,374.6600036621094,371.2300109863281,373.8800048828125,347.1632385253906,78520700,0.0,0.0,0.0
2021-01-04,375.30999755859375,375.45001220703125,364.82000732421875,368.7900085449219,342.4369812011719,110210800,0.0,0.0,0.0
2021-01-05,368.1000061035156,372.5,368.04998779296875,371.3299865722656,344.79541015625,66426200,0.0,0.0,0.0
2021-01-06,369.7099914550781,376.9800109863281,369.1199951171875,373.54998779296875,346.8568420410156,107997700,0.0,0.0,0.0
2021-01-07,376.1000061035156,379.8999938964844,375.9100036621094,379.1000061035156,352.0102844238281,68766800,0.0,0.0,0.0
2021-01-08,380.5899963378906,381.489990234375,377.1000061035156,381.260009765625,354.0158996582031,71677200,0.0,0.0,0.0
2021-01-11,377.8500061035156,380.5799865722656,377.7200012207031,378.69000244140625,351.6295471191406,51034700,0.0,0.0,0.0
2021-01-12,378.8900146484375,379.8599853515625,376.3599853515625,378.7699890136719,351.7038269042969,52547700,0.0,0.0,0.0
2021-01-13,378.69000244140625,380.8599853515625,377.8500061035156,379.7900085449219,352.6509094238281,45303600,0.0,0.0,0.0
2021-01-14,380.5899963378906,381.1300048828125,378.1000061035156,378.4599914550781,351.4158935546875,49989100,0.0,0.0,0.0
2021-01-15,376.7200012207031,377.5799865722656,373.70001220703125,375.70001220703125,348.8531188964844,107160000,0.0,0.0,0.0
2021-01-19,378.3399963378906,379.2300109863281,376.75,378.6499938964844,351.5923156738281,51233300,0.0,0.0,0.0
2021-01-20,381.1099853515625,384.7900085449219,380.69000244140625,383.8900146484375,356.4578857421875,61836100,0.0,0.0,0.0
2021-01-21,384.489990234375,384.95001220703125,383.25,384.239990234375,356.78289794921875,47840100,0.0,0.0,0.0
2021-01-22,382.25,384.1300048828125,381.8399963378906,382.8800048828125,355.5200500488281,52860500,0.0,0.0,0.0
2021-01-25,383.6700134277344,384.7699890136719,378.4599914550781,384.3900146484375,356.9222106933594,70402000,0.0,0.0,0.0
2021-01-26,385.4100036621094,385.8500061035156,383.5400085449219,383.7900085449219,356.3650207519531,42665300,0.0,0.0,0.0
2021-01-27,380.2200012207031,380.32000732421875,372.010009765625,374.4100036621094,347.6552734375,123351100,0.0,0.0,0.0
2021-01-28,376.3599853515625,381.92999267578125,375.8900146484375,377.6300048828125,350.6451721191406,94198100,0.0,0.0,0.0
2021-01-29,375.6300048828125,376.6700134277344,368.2699890136719,370.07000732421875,343.62548828125,126765100,0.0,0.0,0.0
2021-02-01,373.7200012207031,377.3399963378906,370.3800048828125,376.2300109863281,349.34527587890625,75817600,0.0,0.0,0.0
2021-02-02,379.6499938964844,383.2200012207031,376.32000732421875,381.54998779296875,354.28509521484375,64450700,0.0,0.0,0.0
2021-02-03,382.44000244140625,383.70001220703125,380.4800109863281,381.8500061035156,354.5636901855469,52427100,0.0,0.0,0.0
2021-02-04,382.9599914550781,386.239990234375,381.9700012207031,386.19000244140625,358.593505859375,47142600,0.0,0.0,0.0
2021-02-05,388.20001220703125,388.4700012207031,386.1400146484375,387.7099914550781,360.0049743652344,48669800,0.0,0.0,0.0
2021-02-08,389.2699890136719,390.55999755859375,388.3500061035156,390.510009765625,362.6048278808594,38365200,0.0,0.0,0.0
2021-02-09,389.6099853515625,390.8900146484375,389.1700134277344,390.25,362.3634948730469,35551100,0.0,0.0,0.0
2021-02-10,392.1199951171875,392.2799987792969,387.5,390.0799865722656,362.20556640625,59154400,0.0,0.0,0.0
2021-02-11,391.239990234375,391.69000244140625,388.1000061035156,390.7099914550781,362.7904968261719,42913300,0.0,0.0,0.0
2021-02-12,389.8500061035156,392.8999938964844,389.7699890136719,392.6400146484375,364.5826416015625,50593300,0.0,0.0,0.0
2021-02-16,393.9599914550781,394.1700134277344,391.5299987792969,392.29998779296875,364.26702880859375,50972400,0.0,0.0,0.0
2021-02-17,390.4200134277344,392.6600036621094,389.3299865722656,392.3900146484375,364.3505859375,52290600,0.0,0.0,0.0
2021-02-18,389.5899963378906,391.5199890136719,387.739990234375,390.7200012207031,362.7997741699219,59712800,0.0,0.0,0.0
2021-02-19,392.07000732421875,392.3800048828125,389.54998779296875,390.0299987792969,362.1591491699219,83241000,0.0,0.0,0.0
2021-02-22,387.05999755859375,389.6199951171875,386.739990234375,387.0299987792969,359.3735656738281,67414200,0.0,0.0,0.0
2021-02-23,384.6600036621094,388.95001220703125,380.20001220703125,387.5,359.8099365234375,107284100,0.0,0.0,0.0
2021-02-24,386.3299865722656,392.2300109863281,385.2699890136719,391.7699890136719,363.7747802734375,72433900,0.0,0.0,0.0
2021-02-25,390.4100036621094,391.8800048828125,380.7799987792969,382.3299865722656,355.00933837890625,146670500,0.0,0.0,0.0
2021-02-26,384.3500061035156,385.5799865722656,378.2300109863281,380.3599853515625,353.18017578125,152701600,0.0,0.0,0.0
2021-03-01,385.5899963378906,390.9200134277344,380.57000732421875,389.5799865722656,361.7413330078125,105348800,0.0,0.0,0.0
2021-03-02,389.82000732421875,390.07000732421875,386.0,386.5400085449219,358.9185485839844,79595300,0.0,0.0,0.0
2021-03-03,385.7900085449219,386.8299865722656,381.30999755859375,381.4200134277344,354.1644592285156,119940200,0.0,0.0,0.0
2021-03-04,381.2200012207031,384.0,371.8800048828125,376.70001220703125,349.78167724609375,183433000,0.0,0.0,0.0
2021-03-05,380.4599914550781,384.760009765625,372.6400146484375,383.6300048828125,356.2164001464844,152039600,0.0,0.0,0.0
2021-03-08,384.6600036621094,387.67999267578125,381.4200134277344,381.7200012207031,354.4429626464844,123149200,0.0,0.0,0.0
2021-03-09,385.8500061035156,389.9100036621094,385.30999755859375,387.1700134277344,359.5035095214844,113633600,0.0,0.0,0.0
2021-03-10,389.69000244140625,391.3999938964844,388.1700134277344,389.5799865722656,361.7413330078125,109899400,0.0,0.0,0.0
2021-03-11,392.2300109863281,395.6499938964844,391.739990234375,393.5299987792969,365.4090576171875,86245000,0.0,0.0,0.0
2021-03-12,392.07000732421875,394.2099914550781,391.20001220703125,394.05999755859375,365.9010925292969,64653600,0.0,0.0,0.0
2021-03-15,394.3299865722656,396.69000244140625,392.0299987792969,396.4100036621094,368.083251953125,73427200,0.0,0.0,0.0
2021-03-16,397.07000732421875,397.8299865722656,395.0799865722656,395.9100036621094,367.6189880371094,73722500,0.0,0.0,0.0
2021-03-17,394.5299987792969,398.1199951171875,393.29998779296875,397.260009765625,368.8725280761719,97959300,0.0,0.0,0.0
2021-03-18,394.4800109863281,396.7200012207031,390.75,391.4800109863281,363.50555419921875,115349100,0.0,0.0,0.0
2021-03-19,389.8800048828125,391.57000732421875,387.1499938964844,389.4800109863281,362.8330078125,113624500,1.278,0.0,0.0
2021-03-22,390.0299987792969,394.07000732421875,389.9700012207031,392.5899963378906,365.7301940917969,73778600,0.0,0.0,0.0
2021-03-23,391.9100036621094,393.4599914550781,388.6600036621094,389.5,362.85162353515625,90686600,0.0,0.0,0.0
2021-03-24,391.0,392.75,387.4700012207031,387.5199890136719,361.00701904296875,97588600,0.0,0.0,0.0
2021-03-25,385.9800109863281,390.54998779296875,383.8999938964844,389.70001220703125,363.0379333496094,116128600,0.0,0.0,0.0
2021-03-26,390.92999267578125,396.4100036621094,390.2900085449219,395.9800109863281,368.88824462890625,114409100,0.0,0.0,0.0
2021-03-29,394.3999938964844,396.75,392.80999755859375,395.7799987792969,368.701904296875,108107600,0.0,0.0,0.0
2021-03-30,394.4200134277344,395.45001220703125,393.0199890136719,394.7300109863281,367.7237243652344,76262200,0.0,0.0,0.0
2021-03-31,395.3399963378906,398.0,395.30999755859375,396.3299865722656,369.21429443359375,112734200,0.0,0.0,0.0
2021-04-01,398.3999938964844,400.6700134277344,398.17999267578125,400.6099853515625,373.20147705078125,99682900,0.0,0.0,0.0
2021-04-05,403.4599914550781,406.94000244140625,403.3800048828125,406.3599853515625,378.5579833984375,91684800,0.0,0.0,0.0
2021-04-06,405.760009765625,407.239990234375,405.3999938964844,406.1199951171875,378.33441162109375,62021000,0.0,0.0,0.0
2021-04-07,405.94000244140625,406.9599914550781,405.45001220703125,406.5899963378906,378.7723388671875,55836300,0.0,0.0,0.0
2021-04-08,407.92999267578125,408.5799865722656,406.92999267578125,408.5199890136719,380.57025146484375,57863100,0.0,0.0,0.0
2021-04-09,408.3900146484375,411.6700134277344,408.260009765625,411.489990234375,383.3370666503906,61104600,0.0,0.0,0.0
2021-04-12,410.8500061035156,411.92999267578125,410.20001220703125,411.6400146484375,383.476806640625,56704900,0.0,0.0,0.0
2021-04-13,411.5299987792969,413.5299987792969,411.1199951171875,412.8599853515625,384.61334228515625,56551000,0.0,0.0,0.0
2021-04-14,412.8299865722656,413.9599914550781,410.8699951171875,411.45001220703125,383.29986572265625,61659900,0.0,0.0,0.0
2021-04-15,413.739990234375,416.1600036621094,413.69000244140625,415.8699951171875,387.4174499511719,60229800,0.0,0.0,0.0
2021-04-16,417.25,417.9100036621094,415.7300109863281,417.260009765625,388.71240234375,82037300,0.0,0.0,0.0
2021-04-19,416.260009765625,416.739990234375,413.7900085449219,415.2099914550781,386.802490234375,78498500,0.0,0.0,0.0
2021-04-20,413.9100036621094,415.0899963378906,410.5899963378906,412.1700134277344,383.97064208984375,81851800,0.0,0.0,0.0
2021-04-21,411.510009765625,416.2900085449219,411.3599853515625,416.07000732421875,387.60382080078125,66793000,0.0,0.0,0.0
2021-04-22,415.8900146484375,416.7799987792969,411.1300048828125,412.2699890136719,384.0636901855469,97582800,0.0,0.0,0.0
2021-04-23,412.8699951171875,418.25,412.7900085449219,416.739990234375,388.2278747558594,73209200,0.0,0.0,0.0
2021-04-26,417.44000244140625,418.2200012207031,416.80999755859375,417.6099853515625,389.03839111328125,52182400,0.0,0.0,0.0
2021-04-27,417.92999267578125,418.1400146484375,416.29998779296875,417.5199890136719,388.95458984375,51303100,0.0,0.0,0.0
2021-04-28,417.80999755859375,419.010009765625,416.8999938964844,417.3999938964844,388.84271240234375,51238900,0.0,0.0,0.0
2021-04-29,420.32000732421875,420.7200012207031,416.44000244140625,420.05999755859375,391.3206481933594,78544300,0.0,0.0,0.0
2021-04-30,417.6300048828125,418.5400085449219,416.3399963378906,417.29998779296875,388.74957275390625,85527000,0.0,0.0,0.0
2021-05-03,419.42999267578125,419.8399963378906,417.6700134277344,418.20001220703125,389.5879821777344,68128300,0.0,0.0,0.0
2021-05-04,416.07000732421875,416.6000061035156,411.6700134277344,415.6199951171875,387.18450927734375,101591200,0.0,0.0,0.0
2021-05-05,417.3800048828125,417.6300048828125,415.1499938964844,415.75,387.3056640625,60162200,0.0,0.0,0.0
2021-05-06,415.8299865722656,419.2099914550781,413.67999267578125,419.07000732421875,390.3984069824219,74321400,0.0,0.0,0.0
2021-05-07,419.8900146484375,422.82000732421875,419.1600036621094,422.1199951171875,393.2397766113281,67733800,0.0,0.0,0.0
2021-05-10,422.5,422.739990234375,417.80999755859375,417.94000244140625,389.3457946777344,81852400,0.0,0.0,0.0
2021-05-11,413.1000061035156,415.2699890136719,410.05999755859375,414.2099914550781,385.8709716796875,116888000,0.0,0.0,0.0
2021-05-12,411.2300109863281,412.5899963378906,404.0,405.4100036621094,377.6730651855469,134811000,0.0,0.0,0.0
2021-05-13,407.07000732421875,412.3500061035156,407.0199890136719,410.2799987792969,382.2098693847656,106394000,0.0,0.0,0.0
2021-05-14,413.2099914550781,417.489990234375,413.17999267578125,416.5799865722656,388.0788269042969,82201600,0.0,0.0,0.0
2021-05-17,415.3900146484375,416.3900146484375,413.3599853515625,415.5199890136719,387.09136962890625,65129200,0.0,0.0,0.0
2021-05-18,415.79998779296875,416.05999755859375,411.7699890136719,411.94000244140625,383.75628662109375,59810200,0.0,0.0,0.0
2021-05-19,406.9200134277344,411.04998779296875,405.3299865722656,410.8599853515625,382.7502136230469,106467100,0.0,0.0,0.0
2021-05-20,411.79998779296875,416.6300048828125,411.6700134277344,415.2799987792969,386.86773681640625,78022200,0.0,0.0,0.0
2021-05-21,416.8699951171875,418.20001220703125,414.45001220703125,414.94000244140625,386.55108642578125,76578700,0.0,0.0,0.0
2021-05-24,417.3399963378906,420.32000732421875,417.0799865722656,419.1700134277344,390.49163818359375,51376700,0.0,0.0,0.0
2021-05-25,420.3299865722656,420.7099914550781,417.6199951171875,418.239990234375,389.6252136230469,57451400,0.0,0.0,0.0
2021-05-26,418.8699951171875,419.6099853515625,417.760009765625,419.07000732421875,390.3984069824219,43088600,0.0,0.0,0.0
2021-05-27,420.1700134277344,420.7200012207031,418.989990234375,419.2900085449219,390.60333251953125,56707700,0.0,0.0,0.0
2021-05-28,420.9700012207031,421.25,419.7900085449219,420.0400085449219,391.3021240234375,58520200,0.0,0.0,0.0
2021-06-01,422.57000732421875,422.7200012207031,419.20001220703125,419.6700134277344,390.9574279785156,54216600,0.0,0.0,0.0
2021-06-02,420.3699951171875,421.2300109863281,419.2900085449219,420.3299865722656,391.57232666015625,49097100,0.0,0.0,0.0
2021-06-03,417.8500061035156,419.989990234375,416.2799987792969,418.7699890136719,390.1190185546875,58138800,0.0,0.0,0.0
2021-06-04,420.75,422.9200134277344,418.8399963378906,422.6000061035156,393.68695068359375,55938800,0.0,0.0,0.0
2021-06-07,422.5899963378906,422.7799987792969,421.19000244140625,422.19000244140625,393.3050537109375,51555000,0.0,0.0,0.0
2021-06-08,423.1099853515625,423.2099914550781,420.32000732421875,422.2799987792969,393.38885498046875,47134300,0.0,0.0,0.0
2021-06-09,423.17999267578125,423.260009765625,421.4100036621094,421.6499938964844,392.8019714355469,48436300,0.0,0.0,0.0
2021-06-10,422.9599914550781,424.6300048828125,421.54998779296875,423.6099853515625,394.62786865234375,51020100,0.0,0.0,0.0
2021-06-11,424.20001220703125,424.42999267578125,422.82000732421875,424.30999755859375,395.2799377441406,45570800,0.0,0.0,0.0
2021-06-14,424.42999267578125,425.3699951171875,423.1000061035156,425.260009765625,396.1649169921875,42358500,0.0,0.0,0.0
2021-06-15,425.4200134277344,425.4599914550781,423.5400085449219,424.4800109863281,395.4383239746094,51508500,0.0,0.0,0.0
2021-06-16,424.6300048828125,424.8699951171875,419.9200134277344,422.1099853515625,393.23040771484375,80386100,0.0,0.0,0.0
2021-06-17,421.6700134277344,423.0199890136719,419.32000732421875,421.9700012207031,393.1000671386719,90949700,0.0,0.0,0.0
2021-06-18,417.0899963378906,417.8299865722656,414.70001220703125,414.9200134277344,387.79693603515625,118676300,1.376,0.0,0.0
2021-06-21,416.79998779296875,421.05999755859375,415.92999267578125,420.8599853515625,393.3486633300781,72822000,0.0,0.0,0.0
2021-06-22,420.8500061035156,424.0,420.0799865722656,423.1099853515625,395.45166015625,57700300,0.0,0.0,0.0
2021-06-23,423.19000244140625,424.04998779296875,422.510009765625,422.6000061035156,394.9749450683594,49445400,0.0,0.0,0.0
2021-06-24,424.8900146484375,425.54998779296875,424.6199951171875,425.1000061035156,397.3115234375,45110300,0.0,0.0,0.0
2021-06-25,425.8999938964844,427.0899963378906,425.54998779296875,426.6099853515625,398.7228088378906,58129500,0.0,0.0,0.0
2021-06-28,427.1700134277344,427.6499938964844,425.8900146484375,427.4700012207031,399.5266418457031,53159600,0.0,0.0,0.0
2021-06-29,427.8800048828125,428.55999755859375,427.1300048828125,427.70001220703125,399.7415771484375,35970500,0.0,0.0,0.0
2021-06-30,427.2099914550781,428.7799987792969,427.17999267578125,428.05999755859375,400.0780334472656,64827900,0.0,0.0,0.0
2021-07-01,428.8699951171875,430.6000061035156,428.79998779296875,430.42999267578125,402.2931823730469,53441000,0.0,0.0,0.0
2021-07-02,431.6700134277344,434.1000061035156,430.5199890136719,433.7200012207031,405.3680725097656,57697700,0.0,0.0,0.0
2021-07-06,433.7799987792969,434.010009765625,430.010009765625,432.92999267578125,404.62969970703125,68710400,0.0,0.0,0.0
2021-07-07,433.6600036621094,434.760009765625,431.510009765625,434.4599914550781,406.05963134765625,63549500,0.0,0.0,0.0
2021-07-08,428.7799987792969,431.7300109863281,427.5199890136719,430.9200134277344,402.7510070800781,97595200,0.0,0.0,0.0
2021-07-09,432.5299987792969,435.8399963378906,430.7099914550781,435.5199890136719,407.0504455566406,76238600,0.0,0.0,0.0
2021-07-12,435.42999267578125,437.3500061035156,434.9700012207031,437.0799865722656,408.5084533691406,52889600,0.0,0.0,0.0
2021-07-13,436.239990234375,437.8399963378906,435.30999755859375,435.5899963378906,407.1158447265625,52911300,0.0,0.0,0.0
2021-07-14,437.3999938964844,437.9200134277344,434.9100036621094,436.239990234375,407.72332763671875,64130400,0.0,0.0,0.0
2021-07-15,434.80999755859375,435.5299987792969,432.7200012207031,434.75,406.3306579589844,55126400,0.0,0.0,0.0
2021-07-16,436.010009765625,436.05999755859375,430.9200134277344,431.3399963378906,403.1437072753906,75874700,0.0,0.0,0.0
2021-07-19,426.19000244140625,431.4100036621094,421.9700012207031,424.9700012207031,397.1900329589844,147987000,0.0,0.0,0.0
2021-07-20,425.67999267578125,432.4200134277344,424.8299865722656,431.05999755859375,402.8819580078125,99608200,0.0,0.0,0.0
2021-07-21,432.3399963378906,434.70001220703125,431.010009765625,434.54998779296875,406.1437683105469,64724400,0.0,0.0,0.0
2021-07-22,434.739990234375,435.7200012207031,433.69000244140625,435.4599914550781,406.99432373046875,47878500,0.0,0.0,0.0
2021-07-23,437.5199890136719,440.29998779296875,436.7900085449219,439.94000244140625,411.18145751953125,63766600,0.0,0.0,0.0
2021-07-26,439.30999755859375,441.0299987792969,439.260009765625,441.0199890136719,412.1908264160156,43719200,0.0,0.0,0.0
2021-07-27,439.9100036621094,439.94000244140625,435.989990234375,439.010009765625,410.312255859375,67397100,0.0,0.0,0.0
2021-07-28,439.67999267578125,440.29998779296875,437.30999755859375,438.8299865722656,410.14398193359375,52472400,0.0,0.0,0.0
2021-07-29,439.82000732421875,441.79998779296875,439.80999755859375,440.6499938964844,411.84503173828125,47435300,0.0,0.0,0.0
2021-07-30,437.9100036621094,440.05999755859375,437.7699890136719,438.510009765625,409.8449401855469,68951200,0.0,0.0,0.0
2021-08-02,440.3399963378906,440.92999267578125,437.2099914550781,437.5899963378906,408.98504638671875,58783300,0.0,0.0,0.0
2021-08-03,438.44000244140625,441.2799987792969,436.1000061035156,441.1499938964844,412.31231689453125,58053900,0.0,0.0,0.0
2021-08-04,439.7799987792969,441.1199951171875,438.7300109863281,438.9800109863281,410.2841796875,46732200,0.0,0.0,0.0
2021-08-05,440.2200012207031,441.8500061035156,439.8800048828125,441.760009765625,412.8824462890625,38969700,0.0,0.0,0.0
2021-08-06,442.1000061035156,442.94000244140625,441.79998779296875,442.489990234375,413.564697265625,46930000,0.0,0.0,0.0
2021-08-09,442.4599914550781,442.79998779296875,441.30999755859375,442.1300048828125,413.22833251953125,41222600,0.0,0.0,0.0
2021-08-10,442.6099853515625,443.44000244140625,441.8800048828125,442.67999267578125,413.74224853515625,43339300,0.0,0.0,0.0
2021-08-11,443.82000732421875,443.8800048828125,442.6199951171875,443.7799987792969,414.7703857421875,44034300,0.0,0.0,0.0
2021-08-12,443.6199951171875,445.260009765625,442.6600036621094,445.1099853515625,416.0134582519531,38909400,0.0,0.0,0.0
2021-08-13,445.5899963378906,445.94000244140625,445.07000732421875,445.9200134277344,416.77056884765625,39470300,0.0,0.0,0.0
2021-08-16,444.5299987792969,447.1099853515625,442.8699951171875,446.9700012207031,417.7519226074219,73740000,0.0,0.0,0.0
2021-08-17,444.239990234375,444.9599914550781,440.8500061035156,444.0400085449219,415.013427734375,92673900,0.0,0.0,0.0
2021-08-18,442.9599914550781,444.6300048828125,438.9200134277344,439.17999267578125,410.4710998535156,89351900,0.0,0.0,0.0
2021-08-19,436.2699890136719,441.1400146484375,436.1199951171875,439.8599853515625,411.1067199707031,92812200,0.0,0.0,0.0
2021-08-20,440.2300109863281,443.7099914550781,439.7099914550781,443.3599853515625,414.3778381347656,72008700,0.0,0.0,0.0
2021-08-23,445.1600036621094,448.2300109863281,443.44000244140625,447.260009765625,418.0229797363281,54973000,0.0,0.0,0.0
2021-08-24,447.9700012207031,448.5400085449219,447.4200134277344,447.9700012207031,418.68646240234375,38744700,0.0,0.0,0.0
2021-08-25,448.1700134277344,449.4599914550781,447.7699890136719,448.9100036621094,419.5650939941406,40529700,0.0,0.0,0.0
2021-08-26,448.6099853515625,448.8599853515625,446.1600036621094,446.260009765625,417.0883483886719,57829600,0.0,0.0,0.0
2021-08-27,447.1199951171875,450.6499938964844,447.05999755859375,450.25,420.8175048828125,77235100,0.0,0.0,0.0
2021-08-30,450.9700012207031,453.07000732421875,450.7099914550781,452.2300109863281,422.6680603027344,48357400,0.0,0.0,0.0
2021-08-31,452.1300048828125,452.489990234375,450.9200134277344,451.55999755859375,422.04180908203125,59300200,0.0,0.0,0.0
2021-09-01,452.55999755859375,453.1099853515625,451.54998779296875,451.79998779296875,422.26617431640625,48721400,0.0,0.0,0.0
2021-09-02,453.32000732421875,454.04998779296875,451.9100036621094,453.19000244140625,423.56536865234375,42501000,0.0,0.0,0.0
2021-09-03,451.9800109863281,453.6300048828125,451.54998779296875,453.0799865722656,423.4624938964844,47170500,0.0,0.0,0.0
2021-09-07,452.7099914550781,452.80999755859375,450.739990234375,451.4599914550781,421.9483947753906,51671500,0.0,0.0,0.0
2021-09-08,450.8900146484375,451.6700134277344,448.8599853515625,450.9100036621094,421.4343566894531,56181900,0.0,0.0,0.0
2021-09-09,450.70001220703125,452.57000732421875,448.7200012207031,448.9800109863281,419.6304931640625,57970400,0.0,0.0,0.0
2021-09-10,451.0400085449219,451.489990234375,445.30999755859375,445.44000244140625,416.32183837890625,89948200,0.0,0.0,0.0
2021-09-13,448.6400146484375,448.9200134277344,444.1099853515625,446.5799865722656,417.38739013671875,83738600,0.0,0.0,0.0
2021-09-14,448.1199951171875,448.3399963378906,443.2200012207031,444.1700134277344,415.1348876953125,78197100,0.0,0.0,0.0
2021-09-15,444.6199951171875,448.4100036621094,443.44000244140625,447.8800048828125,418.6024475097656,78792200,0.0,0.0,0.0
2021-09-16,447.32000732421875,448.3599853515625,444.0199890136719,447.1700134277344,417.9388732910156,77786700,0.0,0.0,0.0
2021-09-17,444.9200134277344,445.3699951171875,441.0199890136719,441.3999938964844,413.86773681640625,118425000,1.428,0.0,0.0
2021-09-20,434.8800048828125,436.55999755859375,428.8599853515625,434.0400085449219,406.9667663574219,166445500,0.0,0.0,0.0
2021-09-21,436.5299987792969,437.9100036621094,433.07000732421875,433.6300048828125,406.5823974609375,92526100,0.0,0.0,0.0
2021-09-22,436.04998779296875,440.0299987792969,433.75,437.8599853515625,410.5484924316406,102350100,0.0,0.0,0.0
2021-09-23,439.8500061035156,444.8900146484375,439.6000061035156,443.17999267578125,415.5366516113281,76396000,0.0,0.0,0.0
2021-09-24,441.44000244140625,444.6700134277344,441.2099914550781,443.9100036621094,416.2210998535156,62094800,0.0,0.0,0.0
2021-09-27,442.80999755859375,444.04998779296875,441.8999938964844,442.6400146484375,415.0303649902344,61371100,0.0,0.0,0.0
2021-09-28,439.69000244140625,440.0400085449219,432.94000244140625,433.7200012207031,406.666748046875,130436300,0.0,0.0,0.0
2021-09-29,435.19000244140625,437.0400085449219,433.8500061035156,434.45001220703125,407.3511962890625,82329200,0.0,0.0,0.0
2021-09-30,436.0199890136719,436.7699890136719,428.7799987792969,429.1400146484375,402.3723449707031,140506000,0.0,0.0,0.0
2021-10-01,430.9800109863281,436.0299987792969,427.2300109863281,434.239990234375,407.15423583984375,129240100,0.0,0.0,0.0
2021-10-04,433.0,433.9599914550781,426.3599853515625,428.6400146484375,401.90362548828125,128570000,0.0,0.0,0.0
2021-10-05,430.239990234375,435.489990234375,429.3900146484375,433.1000061035156,406.08538818359375,90682500,0.0,0.0,0.0
2021-10-06,429.2699890136719,435.1199951171875,427.5400085449219,434.8999938964844,407.77313232421875,113032200,0.0,0.0,0.0
2021-10-07,438.3900146484375,441.67999267578125,438.20001220703125,438.6600036621094,411.2986145019531,72437500,0.0,0.0,0.0
2021-10-08,439.4800109863281,439.8900146484375,437.19000244140625,437.8599853515625,410.5484924316406,74557400,0.0,0.0,0.0
2021-10-11,437.1600036621094,440.260009765625,434.6199951171875,434.69000244140625,407.5762634277344,65233300,0.0,0.0,0.0
2021-10-12,435.6700134277344,436.1000061035156,432.7799987792969,433.6199951171875,406.5729675292969,71181200,0.0,0.0,0.0
2021-10-13,434.7099914550781,436.04998779296875,431.5400085449219,435.17999267578125,408.0356140136719,72974000,0.0,0.0,0.0
2021-10-14,439.0799865722656,442.6600036621094,438.5799865722656,442.5,414.89898681640625,70236800,0.0,0.0,0.0
2021-10-15,444.75,446.260009765625,444.0899963378906,445.8699951171875,418.05889892578125,66260200,0.0,0.0,0.0
2021-10-18,443.9700012207031,447.54998779296875,443.2699890136719,447.19000244140625,419.2964782714844,62213200,0.0,0.0,0.0
2021-10-19,448.9200134277344,450.7099914550781,448.2699890136719,450.6400146484375,422.53131103515625,46996800,0.0,0.0,0.0
2021-10-20,451.1300048828125,452.7300109863281,451.010009765625,452.4100036621094,424.1910095214844,49571600,0.0,0.0,0.0
2021-10-21,451.7699890136719,453.8299865722656,451.30999755859375,453.5899963378906,425.2972717285156,41305400,0.0,0.0,0.0
2021-10-22,453.1300048828125,454.6700134277344,451.04998779296875,453.1199951171875,424.8565673828125,58845100,0.0,0.0,0.0
2021-10-25,454.2799987792969,455.8999938964844,452.3900146484375,455.54998779296875,427.13507080078125,45214500,0.0,0.0,0.0
2021-10-26,457.20001220703125,458.489990234375,455.55999755859375,455.9599914550781,427.5195007324219,56075100,0.0,0.0,0.0
2021-10-27,456.45001220703125,457.1600036621094,453.8599853515625,453.94000244140625,425.62554931640625,72438000,0.0,0.0,0.0
2021-10-28,455.4599914550781,458.3999938964844,455.45001220703125,458.32000732421875,429.7322998046875,51437900,0.0,0.0,0.0
2021-10-29,455.8699951171875,459.55999755859375,455.55999755859375,459.25,430.6042785644531,70162400,0.0,0.0,0.0
2021-11-01,460.29998779296875,460.70001220703125,458.20001220703125,460.0400085449219,431.3450012207031,48433600,0.0,0.0,0.0
2021-11-02,460.2200012207031,462.2300109863281,460.0799865722656,461.8999938964844,433.08905029296875,48908400,0.0,0.0,0.0
2021-11-03,461.29998779296875,465.1499938964844,460.8299865722656,464.7200012207031,435.7330627441406,52509800,0.0,0.0,0.0
2021-11-04,465.3599853515625,467.0,464.989990234375,466.9100036621094,437.78643798828125,52847100,0.0,0.0,0.0
2021-11-05,469.2799987792969,470.6499938964844,466.9200134277344,468.5299987792969,439.3053894042969,66390600,0.0,0.0,0.0
2021-11-08,469.70001220703125,470.2300109863281,468.20001220703125,468.92999267578125,439.6805114746094,50405200,0.0,0.0,0.0
2021-11-09,469.32000732421875,469.57000732421875,465.8800048828125,467.3800048828125,438.2271423339844,51149100,0.0,0.0,0.0
2021-11-10,465.5799865722656,467.3800048828125,462.0400085449219,463.6199951171875,434.70172119140625,69429700,0.0,0.0,0.0
2021-11-11,465.2099914550781,465.2900085449219,463.75,463.7699890136719,434.84234619140625,34848500,0.0,0.0,0.0
2021-11-12,465.1199951171875,467.8599853515625,464.1099853515625,467.2699890136719,438.1241149902344,53466700,0.0,0.0,0.0
2021-11-15,468.6400146484375,468.80999755859375,466.2300109863281,467.42999267578125,438.2740173339844,46980500,0.0,0.0,0.0
2021-11-16,467.1499938964844,470.489990234375,467.07000732421875,469.2799987792969,440.00860595703125,48857500,0.0,0.0,0.0
2021-11-17,469.0,469.19000244140625,467.4800109863281,468.1400146484375,438.9397888183594,47858300,0.0,0.0,0.0
2021-11-18,469.239990234375,470.010009765625,466.3399963378906,469.7300109863281,440.4305725097656,50625600,0.0,0.0,0.0
2021-11-19,469.6099853515625,470.94000244140625,468.5,468.8900146484375,439.6429443359375,57315600,0.0,0.0,0.0
2021-11-22,470.8900146484375,473.5400085449219,467.3500061035156,467.57000732421875,438.4052734375,72762000,0.0,0.0,0.0
2021-11-23,467.2200012207031,469.1000061035156,464.45001220703125,468.19000244140625,438.9866943359375,73206500,0.0,0.0,0.0
2021-11-24,466.05999755859375,469.57000732421875,465.19000244140625,469.44000244140625,440.15869140625,61858800,0.0,0.0,0.0
2021-11-26,462.3399963378906,463.8999938964844,457.7699890136719,458.9700012207031,430.34173583984375,112669600,0.0,0.0,0.0
2021-11-29,464.07000732421875,466.55999755859375,461.7300109863281,464.6000061035156,435.6205749511719,86268800,0.0,0.0,0.0
2021-11-30,462.0,464.0299987792969,455.29998779296875,455.55999755859375,427.14453125,148559600,0.0,0.0,0.0
2021-12-01,461.6400146484375,464.6700134277344,450.2900085449219,450.5,422.40008544921875,131939200,0.0,0.0,0.0
2021-12-02,450.7300109863281,459.07000732421875,450.30999755859375,457.3999938964844,428.86962890625,127637800,0.0,0.0,0.0
2021-12-03,459.1700134277344,460.29998779296875,448.9200134277344,453.4200134277344,425.1379699707031,137331600,0.0,0.0,0.0
2021-12-06,456.1300048828125,460.7900085449219,453.55999755859375,458.7900085449219,430.1729736328125,98977500,0.0,0.0,0.0
2021-12-07,464.4100036621094,468.8800048828125,458.6499938964844,468.2799987792969,439.071044921875,95484700,0.0,0.0,0.0
2021-12-08,468.70001220703125,470.0,466.8299865722656,469.5199890136719,440.2336730957031,72238800,0.0,0.0,0.0
2021-12-09,468.1499938964844,469.6300048828125,466.1400146484375,466.3500061035156,437.2613525390625,61272600,0.0,0.0,0.0
2021-12-10,469.2300109863281,470.8999938964844,466.510009765625,470.739990234375,441.3775634765625,77159800,0.0,0.0,0.0
2021-12-13,470.19000244140625,470.55999755859375,466.2699890136719,466.57000732421875,437.46771240234375,87724700,0.0,0.0,0.0
2021-12-14,463.0899963378906,465.739990234375,460.25,463.3599853515625,434.4578552246094,97264100,0.0,0.0,0.0
2021-12-15,463.4200134277344,470.8599853515625,460.739990234375,470.6000061035156,441.246337890625,116899300,0.0,0.0,0.0
2021-12-16,472.57000732421875,472.8699951171875,464.79998779296875,466.45001220703125,437.3551330566406,116568600,0.0,0.0,0.0
2021-12-17,461.54998779296875,464.739990234375,458.05999755859375,459.8699951171875,432.70050048828125,135511600,1.633,0.0,0.0
2021-12-20,454.4800109863281,455.3999938964844,451.1400146484375,454.9800109863281,428.0993957519531,107134800,0.0,0.0,0.0
2021-12-21,458.6099853515625,463.2099914550781,456.30999755859375,463.05999755859375,435.7019958496094,69806300,0.0,0.0,0.0
2021-12-22,462.7900085449219,467.80999755859375,462.5799865722656,467.69000244140625,440.0584411621094,58890200,0.0,0.0,0.0
2021-12-23,468.75,472.19000244140625,468.6400146484375,470.6000061035156,442.7964782714844,56439700,0.0,0.0,0.0
2021-12-27,472.05999755859375,477.30999755859375,472.010009765625,477.260009765625,449.06304931640625,56808600,0.0,0.0,0.0
2021-12-28,477.7200012207031,478.80999755859375,476.05999755859375,476.8699951171875,448.69610595703125,47274600,0.0,0.0,0.0
2021-12-29,476.9800109863281,478.55999755859375,475.9200134277344,477.4800109863281,449.27001953125,54503000,0.0,0.0,0.0
2021-12-30,477.92999267578125,479.0,475.6700134277344,476.1600036621094,448.02801513671875,55329000,0.0,0.0,0.0
2021-12-31,475.6400146484375,476.8599853515625,474.6700134277344,474.9599914550781,446.8989562988281,65237400,0.0,0.0,0.0
2022-01-03,476.29998779296875,477.8500061035156,473.8500061035156,477.7099914550781,449.48638916015625,72668200,0.0,0.0,0.0
2022-01-04,479.2200012207031,479.9800109863281,475.5799865722656,477.54998779296875,449.3359375,71178700,0.0,0.0,0.0
2022-01-05,477.1600036621094,477.9800109863281,468.2799987792969,468.3800048828125,440.70770263671875,104538900,0.0,0.0,0.0
2022-01-06,467.8900146484375,470.82000732421875,465.42999267578125,467.94000244140625,440.2937316894531,86858900,0.0,0.0,0.0
2022-01-07,467.95001220703125,469.20001220703125,464.6499938964844,466.0899963378906,438.5530090332031,85111600,0.0,0.0,0.0
2022-01-10,462.70001220703125,465.739990234375,456.6000061035156,465.510009765625,438.0072326660156,119362000,0.0,0.0,0.0
2022-01-11,465.2300109863281,469.8500061035156,462.04998779296875,469.75,441.99676513671875,74303100,0.0,0.0,0.0
2022-01-12,471.5899963378906,473.20001220703125,468.94000244140625,471.0199890136719,443.1917419433594,67605400,0.0,0.0,0.0
2022-01-13,472.19000244140625,472.8800048828125,463.44000244140625,464.5299987792969,437.0851745605469,91173100,0.0,0.0,0.0
2022-01-14,461.19000244140625,465.0899963378906,459.8999938964844,464.7200012207031,437.263916015625,95890900,0.0,0.0,0.0
2022-01-18,459.739990234375,459.9599914550781,455.30999755859375,456.489990234375,429.5201721191406,109709100,0.0,0.0,0.0
2022-01-19,458.1300048828125,459.6099853515625,451.4599914550781,451.75,425.0601501464844,109357600,0.0,0.0,0.0
2022-01-20,453.75,458.739990234375,444.5,446.75,420.3556213378906,122379700,0.0,0.0,0.0
2022-01-21,445.55999755859375,448.05999755859375,437.95001220703125,437.9800109863281,412.10382080078125,202271200,0.0,0.0,0.0
2022-01-24,432.0299987792969,440.3800048828125,420.760009765625,439.8399963378906,413.8538513183594,251783900,0.0,0.0,0.0
2022-01-25,433.05999755859375,439.7200012207031,427.1499938964844,434.4700012207031,408.80120849609375,167997300,0.0,0.0,0.0
2022-01-26,440.7200012207031,444.0400085449219,428.8599853515625,433.3800048828125,407.7755432128906,186391100,0.0,0.0,0.0
2022-01-27,438.260009765625,441.5899963378906,429.45001220703125,431.239990234375,405.76190185546875,149878300,0.0,0.0,0.0
2022-01-28,432.67999267578125,442.0,427.82000732421875,441.95001220703125,415.83917236328125,164457400,0.0,0.0,0.0
2022-01-31,441.239990234375,450.2799987792969,439.80999755859375,449.9100036621094,423.32891845703125,152251400,0.0,0.0,0.0
2022-02-01,450.67999267578125,453.6300048828125,446.94000244140625,452.95001220703125,426.1893005371094,123155400,0.0,0.0,0.0
2022-02-02,455.5,458.1199951171875,453.04998779296875,457.3500061035156,430.32940673828125,117361000,0.0,0.0,0.0
2022-02-03,450.95001220703125,452.9700012207031,445.7099914550781,446.6000061035156,420.2144470214844,118024400,0.0,0.0,0.0
2022-02-04,446.3500061035156,452.7799987792969,443.8299865722656,448.70001220703125,422.1904296875,118454400,0.0,0.0,0.0
2022-02-07,449.510009765625,450.989990234375,445.8500061035156,447.260009765625,420.83551025390625,84472900,0.0,0.0,0.0
2022-02-08,446.7300109863281,451.9200134277344,445.2200012207031,450.94000244140625,424.29803466796875,81012000,0.0,0.0,0.0
2022-02-09,455.2200012207031,457.8800048828125,455.010009765625,457.5400085449219,430.50811767578125,92589900,0.0,0.0,0.0
2022-02-10,451.3399963378906,457.7099914550781,447.20001220703125,449.32000732421875,422.7737731933594,140103700,0.0,0.0,0.0
2022-02-11,449.4100036621094,451.6099853515625,438.94000244140625,440.4599914550781,414.43719482421875,153214600,0.0,0.0,0.0
2022-02-14,439.9200134277344,441.6000061035156,435.3399963378906,439.0199890136719,413.0823059082031,123006300,0.0,0.0,0.0
2022-02-15,443.7300109863281,446.2799987792969,443.17999267578125,446.1000061035156,419.7440185546875,88482700,0.0,0.0,0.0
2022-02-16,443.92999267578125,448.05999755859375,441.94000244140625,446.6000061035156,420.2144470214844,84863600,0.0,0.0,0.0
2022-02-17,443.2200012207031,446.57000732421875,436.4200134277344,437.05999755859375,411.2380676269531,102259100,0.0,0.0,0.0
2022-02-18,437.3299865722656,438.6600036621094,431.82000732421875,434.2300109863281,408.57525634765625,132642900,0.0,0.0,0.0
2022-02-22,431.8900146484375,435.5,425.8599853515625,429.57000732421875,404.1906433105469,124391800,0.0,0.0,0.0
2022-02-23,432.6600036621094,433.260009765625,421.3500061035156,421.95001220703125,397.02081298828125,132578000,0.0,0.0,0.0
2022-02-24,411.0199890136719,428.760009765625,410.6400146484375,428.29998779296875,402.9955749511719,213942900,0.0,0.0,0.0
2022-02-25,429.6099853515625,437.8399963378906,427.8599853515625,437.75,411.8873596191406,121804500,0.0,0.0,0.0
2022-02-28,432.0299987792969,438.20001220703125,430.70001220703125,436.6300048828125,410.83349609375,145615000,0.0,0.0,0.0
2022-03-01,435.0400085449219,437.1700134277344,427.1099853515625,429.9800109863281,404.576416015625,137785900,0.0,0.0,0.0
2022-03-02,432.3699951171875,439.7200012207031,431.57000732421875,437.8900146484375,412.01904296875,117726500,0.0,0.0,0.0
2022-03-03,440.4700012207031,441.1099853515625,433.79998779296875,435.7099914550781,409.9678955078125,105501700,0.0,0.0,0.0
2022-03-04,431.75,433.3699951171875,427.8800048828125,432.1700134277344,406.63702392578125,113978200,0.0,0.0,0.0
2022-03-07,431.54998779296875,432.29998779296875,419.3599853515625,419.42999267578125,394.6496276855469,137896600,0.0,0.0,0.0
2022-03-08,419.6199951171875,427.2099914550781,415.1199951171875,416.25,391.65753173828125,164772700,0.0,0.0,0.0
2022-03-09,425.1400146484375,429.510009765625,422.82000732421875,427.4100036621094,402.1582336425781,116990800,0.0,0.0,0.0
2022-03-10,422.5199890136719,426.42999267578125,420.44000244140625,425.4800109863281,400.34222412109375,93972700,0.0,0.0,0.0
2022-03-11,428.1199951171875,428.7699890136719,419.5299987792969,420.07000732421875,395.25189208984375,95636300,0.0,0.0,0.0
2022-03-14,420.8900146484375,424.54998779296875,415.7900085449219,417.0,392.3632507324219,95729200,0.0,0.0,0.0
2022-03-15,419.7699890136719,426.8399963378906,418.4200134277344,426.1700134277344,400.9915466308594,106219100,0.0,0.0,0.0
2022-03-16,429.8900146484375,435.67999267578125,424.79998779296875,435.6199951171875,409.8831787109375,144954800,0.0,0.0,0.0
2022-03-17,433.5899963378906,441.07000732421875,433.19000244140625,441.07000732421875,415.0111999511719,102676900,0.0,0.0,0.0
2022-03-18,438.0,444.8599853515625,437.2200012207031,444.5199890136719,419.5567626953125,106345500,1.366,0.0,0.0
2022-03-21,444.3399963378906,446.4599914550781,440.67999267578125,444.3900146484375,419.43408203125,88349800,0.0,0.0,0.0
2022-03-22,445.8599853515625,450.5799865722656,445.8599853515625,449.5899963378906,424.34197998046875,74650400,0.0,0.0,0.0
2022-03-23,446.9100036621094,448.489990234375,443.7099914550781,443.79998779296875,418.877197265625,79426100,0.0,0.0,0.0
2022-03-24,445.94000244140625,450.5,444.760009765625,450.489990234375,425.1914978027344,64736900,0.0,0.0,0.0
2022-03-25,451.1600036621094,452.9800109863281,448.42999267578125,452.69000244140625,427.2679138183594,77101300,0.0,0.0,0.0
2022-03-28,452.05999755859375,455.9100036621094,450.05999755859375,455.9100036621094,430.30706787109375,68529800,0.0,0.0,0.0
2022-03-29,460.0199890136719,462.07000732421875,457.17999267578125,461.54998779296875,435.63031005859375,86581500,0.0,0.0,0.0
2022-03-30,460.3399963378906,461.20001220703125,456.4700012207031,458.70001220703125,432.9404296875,79666900,0.0,0.0,0.0
2022-03-31,457.8900146484375,458.760009765625,451.1600036621094,451.6400146484375,426.27691650390625,121699900,0.0,0.0,0.0
2022-04-01,453.30999755859375,453.4599914550781,449.1400146484375,452.9200134277344,427.4849853515625,89048800,0.0,0.0,0.0
2022-04-04,453.1300048828125,456.9100036621094,452.260009765625,456.79998779296875,431.1470947265625,59601000,0.0,0.0,0.0
2022-04-05,455.2200012207031,457.8299865722656,449.82000732421875,451.0299987792969,425.701171875,74214500,0.0,0.0,0.0
2022-04-06,446.8900146484375,448.92999267578125,443.4700012207031,446.5199890136719,421.44439697265625,106898000,0.0,0.0,0.0
2022-04-07,445.5899963378906,450.69000244140625,443.5299987792969,448.7699890136719,423.5680236816406,78097200,0.0,0.0,0.0
2022-04-08,447.9700012207031,450.6300048828125,445.94000244140625,447.57000732421875,422.4354553222656,79272700,0.0,0.0,0.0
2022-04-11,444.1099853515625,445.0,439.3900146484375,439.9200134277344,415.21502685546875,89770500,0.0,0.0,0.0
2022-04-12,443.0799865722656,445.75,436.6499938964844,438.2900085449219,413.6766662597656,84363600,0.0,0.0,0.0
2022-04-13,438.0299987792969,444.1099853515625,437.8399963378906,443.30999755859375,418.41473388671875,74070400,0.0,0.0,0.0
2022-04-14,443.54998779296875,444.7300109863281,437.67999267578125,437.7900085449219,413.20465087890625,97869500,0.0,0.0,0.0
2022-04-18,436.80999755859375,439.75,435.6099853515625,437.9700012207031,413.3745422363281,66002500,0.0,0.0,0.0
2022-04-19,437.8599853515625,445.79998779296875,437.67999267578125,445.0400085449219,420.0474853515625,77821000,0.0,0.0,0.0
2022-04-20,446.9200134277344,447.57000732421875,443.4800109863281,444.7099914550781,419.7360534667969,65224400,0.0,0.0,0.0
2022-04-21,448.5400085449219,450.010009765625,437.1000061035156,438.05999755859375,413.45953369140625,85417300,0.0,0.0,0.0
2022-04-22,436.9100036621094,438.0799865722656,425.44000244140625,426.0400085449219,402.1145935058594,132471800,0.0,0.0,0.0
2022-04-25,423.6700134277344,428.69000244140625,418.8399963378906,428.510009765625,404.4458923339844,119647700,0.0,0.0,0.0
2022-04-26,425.8299865722656,426.0400085449219,416.07000732421875,416.1000061035156,392.7327575683594,103996300,0.0,0.0,0.0
2022-04-27,417.239990234375,422.9200134277344,415.010009765625,417.2699890136719,393.83697509765625,122030000,0.0,0.0,0.0
2022-04-28,422.2900085449219,429.6400146484375,417.6000061035156,427.80999755859375,403.7851257324219,105449100,0.0,0.0,0.0
2022-04-29,423.5899963378906,425.8699951171875,411.2099914550781,412.0,388.8630065917969,145491100,0.0,0.0,0.0
2022-05-02,412.07000732421875,415.9200134277344,405.0199890136719,414.4800109863281,391.2037048339844,158312500,0.0,0.0,0.0
2022-05-03,415.010009765625,418.92999267578125,413.3599853515625,416.3800048828125,392.9969177246094,100028200,0.0,0.0,0.0
2022-05-04,417.0799865722656,429.6600036621094,413.7099914550781,429.05999755859375,404.96490478515625,144247900,0.0,0.0,0.0
2022-05-05,424.54998779296875,425.0,409.44000244140625,413.80999755859375,390.57135009765625,172929100,0.0,0.0,0.0
2022-05-06,411.1000061035156,414.79998779296875,405.7300109863281,411.3399963378906,388.2401123046875,151770800,0.0,0.0,0.0
2022-05-09,405.1000061035156,406.4100036621094,396.5,398.1700134277344,375.8096618652344,155586100,0.0,0.0,0.0
2022-05-10,404.489990234375,406.0799865722656,394.82000732421875,399.0899963378906,376.6780090332031,132497200,0.0,0.0,0.0
2022-05-11,398.07000732421875,404.0400085449219,391.9599914550781,392.75,370.6940002441406,142361000,0.0,0.0,0.0
2022-05-12,389.3699951171875,395.79998779296875,385.1499938964844,392.3399963378906,370.3070373535156,125090800,0.0,0.0,0.0
2022-05-13,396.7099914550781,403.17999267578125,395.6099853515625,401.7200012207031,379.16021728515625,104174400,0.0,0.0,0.0
2022-05-16,399.9800109863281,403.9700012207031,397.6000061035156,400.0899963378906,377.621826171875,78622400,0.0,0.0,0.0
2022-05-17,406.5299987792969,408.57000732421875,402.5799865722656,408.32000732421875,385.3896484375,83029700,0.0,0.0,0.0
2022-05-18,403.5,403.79998779296875,390.54998779296875,391.8599853515625,369.8540344238281,117674500,0.0,0.0,0.0
2022-05-19,388.6199951171875,394.1400146484375,387.1099853515625,389.4599914550781,367.5886535644531,98510700,0.0,0.0,0.0
2022-05-20,393.25,397.0299987792969,380.5400085449219,389.6300048828125,367.74920654296875,131432200,0.0,0.0,0.0
2022-05-23,392.8299865722656,397.7300109863281,390.3800048828125,396.9200134277344,374.6297912597656,76414900,0.0,0.0,0.0
2022-05-24,392.55999755859375,395.1499938964844,386.9599914550781,393.8900146484375,371.77001953125,91448800,0.0,0.0,0.0
2022-05-25,392.30999755859375,399.45001220703125,391.8900146484375,397.3699951171875,375.0545654296875,91472900,0.0,0.0,0.0
2022-05-26,398.6700134277344,407.0400085449219,398.45001220703125,405.30999755859375,382.548583984375,82168300,0.0,0.0,0.0
2022-05-27,407.9100036621094,415.3800048828125,407.70001220703125,415.260009765625,391.9399108886719,84768700,0.0,0.0,0.0
2022-05-31,413.54998779296875,416.4599914550781,410.0299987792969,412.92999267578125,389.74072265625,95937000,0.0,0.0,0.0
2022-06-01,415.1700134277344,416.239990234375,406.92999267578125,409.5899963378906,386.58837890625,86585800,0.0,0.0,0.0
2022-06-02,409.4200134277344,417.44000244140625,407.0400085449219,417.3900146484375,393.9503173828125,79609600,0.0,0.0,0.0
2022-06-03,412.3999938964844,414.0400085449219,409.510009765625,410.5400085449219,387.4850158691406,71874300,0.0,0.0,0.0
2022-06-06,414.7799987792969,416.6099853515625,410.54998779296875,411.7900085449219,388.6647644042969,57508900,0.0,0.0,0.0
2022-06-07,408.1000061035156,416.2200012207031,407.6099853515625,415.739990234375,392.3929748535156,59272400,0.0,0.0,0.0
2022-06-08,413.92999267578125,415.82000732421875,410.3800048828125,411.2200012207031,388.12677001953125,64350000,0.0,0.0,0.0
2022-06-09,409.3399963378906,411.739990234375,401.44000244140625,401.44000244140625,378.89599609375,86289800,0.0,0.0,0.0
2022-06-10,394.8800048828125,395.7799987792969,389.75,389.79998779296875,367.9096984863281,132893900,0.0,0.0,0.0
2022-06-13,379.8500061035156,381.80999755859375,373.29998779296875,375.0,353.94085693359375,170004900,0.0,0.0,0.0
2022-06-14,376.8500061035156,377.94000244140625,370.5899963378906,373.8699951171875,352.8742980957031,104011800,0.0,0.0,0.0
2022-06-15,377.3599853515625,383.8999938964844,372.1199951171875,379.20001220703125,357.9049377441406,125666800,0.0,0.0,0.0
2022-06-16,370.510009765625,370.94000244140625,364.0799865722656,366.6499938964844,346.0596923828125,134473300,0.0,0.0,0.0
2022-06-17,365.510009765625,369.3800048828125,362.1700134277344,365.8599853515625,346.8057556152344,111113900,1.577,0.0,0.0
2022-06-21,371.8900146484375,376.5299987792969,371.80999755859375,375.07000732421875,355.5361022949219,76811900,0.0,0.0,0.0
2022-06-22,370.6199951171875,378.7200012207031,370.17999267578125,374.3900146484375,354.89154052734375,90059400,0.0,0.0,0.0
2022-06-23,376.6400146484375,378.8299865722656,372.8900146484375,378.05999755859375,358.3703308105469,79292100,0.0,0.0,0.0
2022-06-24,381.3999938964844,390.0899963378906,381.3699951171875,390.0799865722656,369.76434326171875,98050300,0.0,0.0,0.0
2022-06-27,391.04998779296875,391.3599853515625,387.44000244140625,388.5899963378906,368.3519287109375,66009600,0.0,0.0,0.0
2022-06-28,390.2300109863281,393.1600036621094,380.5299987792969,380.6499938964844,360.8254699707031,86548900,0.0,0.0,0.0
2022-06-29,381.2300109863281,382.2699890136719,378.4200134277344,380.3399963378906,360.5316162109375,65676000,0.0,0.0,0.0
2022-06-30,376.239990234375,380.6600036621094,372.55999755859375,377.25,357.6025085449219,112508300,0.0,0.0,0.0
2022-07-01,376.55999755859375,381.70001220703125,373.79998779296875,381.239990234375,361.384765625,74839700,0.0,0.0,0.0
2022-07-05,375.8800048828125,381.9800109863281,372.8999938964844,381.9599914550781,362.06719970703125,81438000,0.0,0.0,0.0
2022-07-06,382.1099853515625,385.8699951171875,379.6000061035156,383.25,363.2901306152344,70426200,0.0,0.0,0.0
2022-07-07,385.1199951171875,389.8299865722656,383.2699890136719,388.989990234375,368.73114013671875,64525900,0.0,0.0,0.0
2022-07-08,387.2699890136719,390.6400146484375,385.6600036621094,388.6700134277344,368.42779541015625,72397800,0.0,0.0,0.0
2022-07-11,385.8500061035156,386.8699951171875,383.5,384.2300109863281,364.21905517578125,58366900,0.0,0.0,0.0
2022-07-12,383.6499938964844,386.1600036621094,378.989990234375,380.8299865722656,360.99609375,62219200,0.0,0.0,0.0
2022-07-13,375.1000061035156,381.9200134277344,374.6600036621094,378.8299865722656,359.1001892089844,84224600,0.0,0.0,0.0
2022-07-14,373.6099853515625,379.04998779296875,371.0400085449219,377.9100036621094,358.2281799316406,89704800,0.0,0.0,0.0
2022-07-15,382.54998779296875,385.25,380.5400085449219,385.1300048828125,365.07208251953125,79060400,0.0,0.0,0.0
2022-07-18,388.3800048828125,389.0899963378906,380.6600036621094,381.95001220703125,362.05780029296875,63203600,0.0,0.0,0.0
2022-07-19,386.0799865722656,392.8699951171875,385.3900146484375,392.2699890136719,371.8403015136719,78506000,0.0,0.0,0.0
2022-07-20,392.4700012207031,396.260009765625,391.0299987792969,394.7699890136719,374.21014404296875,71843800,0.0,0.0,0.0
2022-07-21,394.1600036621094,398.8399963378906,391.6300048828125,398.7900085449219,378.020751953125,64903900,0.0,0.0,0.0
2022-07-22,398.9200134277344,400.17999267578125,392.75,395.0899963378906,374.513427734375,72197300,0.0,0.0,0.0
2022-07-25,395.75,396.4700012207031,393.2099914550781,395.57000732421875,374.96844482421875,53631500,0.0,0.0,0.0
2022-07-26,393.8399963378906,394.05999755859375,389.95001220703125,390.8900146484375,370.5322265625,52946400,0.0,0.0,0.0
2022-07-27,394.3599853515625,402.8800048828125,394.04998779296875,401.0400085449219,380.153564453125,82342100,0.0,0.0,0.0
2022-07-28,401.8900146484375,406.79998779296875,398.1499938964844,406.07000732421875,384.9216003417969,73966600,0.0,0.0,0.0
2022-07-29,407.5799865722656,413.0299987792969,406.7699890136719,411.989990234375,390.53326416015625,87003700,0.0,0.0,0.0
2022-08-01,409.1499938964844,413.4100036621094,408.3999938964844,410.7699890136719,389.3768310546875,69997500,0.0,0.0,0.0
2022-08-02,409.1199951171875,413.0,406.82000732421875,408.05999755859375,386.8079833984375,63435400,0.0,0.0,0.0
2022-08-03,410.29998779296875,415.67999267578125,410.0,414.45001220703125,392.86517333984375,67820600,0.0,0.0,0.0
2022-08-04,414.3699951171875,415.0899963378906,412.44000244140625,414.1700134277344,392.5997009277344,45656600,0.0,0.0,0.0
2022-08-05,409.6600036621094,414.1499938964844,409.6000061035156,413.4700012207031,391.9361572265625,56814900,0.0,0.0,0.0
2022-08-08,415.25,417.6199951171875,411.8299865722656,412.989990234375,391.48126220703125,53886100,0.0,0.0,0.0
2022-08-09,412.2200012207031,412.75,410.2200012207031,411.3500061035156,389.926513671875,44931800,0.0,0.0,0.0
2022-08-10,418.7799987792969,420.1400146484375,416.7200012207031,419.989990234375,398.1166076660156,68665700,0.0,0.0,0.0
2022-08-11,422.989990234375,424.95001220703125,419.2099914550781,419.989990234375,398.1166076660156,59489700,0.0,0.0,0.0
2022-08-12,422.0299987792969,427.2099914550781,421.0299987792969,427.1000061035156,404.8563537597656,61694500,0.0,0.0,0.0
2022-08-15,424.7699890136719,429.4100036621094,424.7099914550781,428.8599853515625,406.5246276855469,54048300,0.0,0.0,0.0
2022-08-16,427.7300109863281,431.7300109863281,426.8800048828125,429.70001220703125,407.3209533691406,59289000,0.0,0.0,0.0
2022-08-17,425.9100036621094,429.5,424.5400085449219,426.6499938964844,404.4296875,63563400,0.0,0.0,0.0
2022-08-18,426.8599853515625,428.6099853515625,425.5,427.8900146484375,405.6051330566406,49023200,0.0,0.0,0.0
2022-08-19,424.9800109863281,425.260009765625,421.2200012207031,422.1400146484375,400.1546630859375,68016900,0.0,0.0,0.0
2022-08-22,417.04998779296875,417.2300109863281,412.3999938964844,413.3500061035156,391.8224182128906,77695600,0.0,0.0,0.0
2022-08-23,412.8999938964844,415.4200134277344,411.7699890136719,412.3500061035156,390.87451171875,49105200,0.0,0.0,0.0
2022-08-24,412.1099853515625,415.1099853515625,411.3900146484375,413.6700134277344,392.1257629394531,49177800,0.0,0.0,0.0
2022-08-25,415.239990234375,419.55999755859375,414.0899963378906,419.510009765625,397.66156005859375,50942300,0.0,0.0,0.0
2022-08-26,419.3900146484375,419.9599914550781,405.25,405.30999755859375,384.201171875,103087000,0.0,0.0,0.0
2022-08-29,402.20001220703125,405.8399963378906,401.20001220703125,402.6300048828125,381.6607360839844,65370800,0.0,0.0,0.0
2022-08-30,403.8500061035156,404.1000061035156,396.0,398.2099914550781,377.4709167480469,85652400,0.0,0.0,0.0
2022-08-31,399.92999267578125,401.239990234375,395.0400085449219,395.17999267578125,374.5987548828125,76029700,0.0,0.0,0.0
2022-09-01,392.8900146484375,396.7799987792969,390.0400085449219,396.4200134277344,375.774169921875,78740100,0.0,0.0,0.0
2022-09-02,400.2799987792969,401.55999755859375,390.3299865722656,392.239990234375,371.8118896484375,99632100,0.0,0.0,0.0
2022-09-06,393.1300048828125,394.1199951171875,388.4200134277344,390.760009765625,370.4089660644531,76637400,0.0,0.0,0.0
2022-09-07,390.42999267578125,398.5899963378906,390.20001220703125,397.7799987792969,377.0633544921875,70964200,0.0,0.0,0.0
2022-09-08,395.3900146484375,400.8599853515625,394.1199951171875,400.3800048828125,379.5278625488281,80821700,0.0,0.0,0.0
2022-09-09,402.739990234375,407.510009765625,402.4599914550781,406.6000061035156,385.4239501953125,76706900,0.0,0.0,0.0
2022-09-12,408.7799987792969,411.7300109863281,408.4599914550781,410.9700012207031,389.5664367675781,69256300,0.0,0.0,0.0
2022-09-13,401.8299865722656,403.1000061035156,391.9200134277344,393.1000061035156,372.62713623046875,122947100,0.0,0.0,0.0
2022-09-14,394.4700012207031,396.20001220703125,391.1199951171875,394.6000061035156,374.0490417480469,85023700,0.0,0.0,0.0
2022-09-15,392.9599914550781,395.9599914550781,388.7799987792969,390.1199951171875,369.80224609375,87633800,0.0,0.0,0.0
2022-09-16,384.1400146484375,386.25,382.1099853515625,385.55999755859375,366.9810485839844,103084800,1.596,0.0,0.0
2022-09-19,382.260009765625,388.54998779296875,382.17999267578125,388.54998779296875,369.8269958496094,73278500,0.0,0.0,0.0
2022-09-20,385.05999755859375,386.1199951171875,381.20001220703125,384.0899963378906,365.5819396972656,77274900,0.0,0.0,0.0
2022-09-21,386.1099853515625,389.30999755859375,377.3800048828125,377.3900146484375,359.204833984375,106746600,0.0,0.0,0.0
2022-09-22,376.5799865722656,378.29998779296875,373.44000244140625,374.2200012207031,356.1875305175781,89472600,0.0,0.0,0.0
2022-09-23,370.5799865722656,370.6199951171875,363.2900085449219,367.95001220703125,350.21966552734375,122346900,0.0,0.0,0.0
2022-09-26,366.4100036621094,370.2099914550781,363.0299987792969,364.30999755859375,346.7550048828125,92581200,0.0,0.0,0.0
2022-09-27,368.0199890136719,370.3999938964844,360.8699951171875,363.3800048828125,345.869873046875,108294100,0.0,0.0,0.0
2022-09-28,364.3800048828125,372.29998779296875,362.6000061035156,370.5299987792969,352.67529296875,110802200,0.0,0.0,0.0
2022-09-29,366.80999755859375,367.1099853515625,359.70001220703125,362.7900085449219,345.3083190917969,112952300,0.0,0.0,0.0
2022-09-30,361.79998779296875,365.9100036621094,357.0400085449219,357.17999267578125,339.9686279296875,153711200,0.0,0.0,0.0
2022-10-03,361.0799865722656,368.54998779296875,359.2099914550781,366.6099853515625,348.9441833496094,89756500,0.0,0.0,0.0
2022-10-04,372.3999938964844,378.0,366.57000732421875,377.9700012207031,359.7568359375,103602800,0.0,0.0,0.0
2022-10-05,373.3900146484375,379.4599914550781,370.95001220703125,377.0899963378906,358.91925048828125,88065700,0.0,0.0,0.0
2022-10-06,375.6199951171875,378.7200012207031,372.67999267578125,373.20001220703125,355.21673583984375,82333500,0.0,0.0,0.0
2022-10-07,368.9700012207031,373.2900085449219,360.94000244140625,362.7900085449219,345.3083190917969,107789500,0.0,0.0,0.0
2022-10-10,363.9599914550781,364.2099914550781,357.6700134277344,360.0199890136719,342.6717834472656,76042800,0.0,0.0,0.0
2022-10-11,358.239990234375,363.0299987792969,355.7099914550781,357.739990234375,340.5016174316406,92482800,0.0,0.0,0.0
2022-10-12,358.1700134277344,359.82000732421875,356.29998779296875,356.55999755859375,339.3785095214844,76991800,0.0,0.0,0.0
2022-10-13,349.2099914550781,367.510009765625,348.1099853515625,365.9700012207031,348.3350830078125,147254500,0.0,0.0,0.0
2022-10-14,368.54998779296875,370.260009765625,356.9599914550781,357.6300048828125,340.39691162109375,123737000,0.0,0.0,0.0
2022-10-17,364.010009765625,367.9800109863281,357.2799987792969,366.82000732421875,349.1441345214844,93168200,0.0,0.0,0.0
2022-10-18,375.1300048828125,375.45001220703125,367.5199890136719,371.1300048828125,353.2464294433594,97162900,0.0,0.0,0.0
2022-10-19,368.989990234375,371.8500061035156,365.54998779296875,368.5,350.7431640625,79746900,0.0,0.0,0.0
2022-10-20,368.0299987792969,372.6700134277344,364.6099853515625,365.4100036621094,347.8020324707031,88283100,0.0,0.0,0.0
2022-10-21,365.1199951171875,374.79998779296875,363.5400085449219,374.2900085449219,356.2542419433594,131038400,0.0,0.0,0.0
2022-10-24,375.8900146484375,380.05999755859375,373.1099853515625,378.8699951171875,360.61346435546875,85436900,0.0,0.0,0.0
2022-10-25,378.7900085449219,385.25,378.6700134277344,384.9200134277344,366.3719787597656,78846300,0.0,0.0,0.0
2022-10-26,381.6199951171875,387.5799865722656,381.3500061035156,382.0199890136719,363.6116943359375,104087300,0.0,0.0,0.0
2022-10-27,383.07000732421875,385.0,379.3299865722656,379.9800109863281,361.66998291015625,81971800,0.0,0.0,0.0
2022-10-28,379.8699951171875,389.5199890136719,379.67999267578125,389.0199890136719,370.2743835449219,100302000,0.0,0.0,0.0
2022-10-31,386.44000244140625,388.3999938964844,385.260009765625,386.2099914550781,367.5997009277344,96631300,0.0,0.0,0.0
2022-11-01,390.1400146484375,390.3900146484375,383.2900085449219,384.5199890136719,365.9912414550781,85407600,0.0,0.0,0.0
2022-11-02,383.8999938964844,388.6300048828125,374.760009765625,374.8699951171875,356.80621337890625,126990400,0.0,0.0,0.0
2022-11-03,371.4700012207031,374.20001220703125,368.7900085449219,371.010009765625,353.1321716308594,87100100,0.0,0.0,0.0
2022-11-04,377.0,378.8699951171875,370.0,376.3500061035156,358.21490478515625,103505200,0.0,0.0,0.0
2022-11-07,377.7099914550781,380.57000732421875,375.5299987792969,379.95001220703125,361.64141845703125,68286900,0.0,0.0,0.0
2022-11-08,381.1099853515625,385.1199951171875,377.7200012207031,382.0,363.5926208496094,84641100,0.0,0.0,0.0
2022-11-09,379.92999267578125,381.1400146484375,373.6099853515625,374.1300048828125,356.1018981933594,78495500,0.0,0.0,0.0
2022-11-10,388.04998779296875,395.0400085449219,385.6400146484375,394.69000244140625,375.671142578125,141455800,0.0,0.0,0.0
2022-11-11,395.5899963378906,399.3500061035156,393.6099853515625,398.510009765625,379.3070983886719,93839900,0.0,0.0,0.0
2022-11-14,396.6600036621094,400.17999267578125,394.8299865722656,395.1199951171875,376.0804443359375,71903500,0.0,0.0,0.0
2022-11-15,401.1499938964844,402.30999755859375,394.489990234375,398.489990234375,379.28802490234375,93194500,0.0,0.0,0.0
2022-11-16,396.7799987792969,397.7799987792969,394.7900085449219,395.45001220703125,376.3945617675781,68508500,0.0,0.0,0.0
2022-11-17,390.4599914550781,394.95001220703125,390.1400146484375,394.239990234375,375.2427978515625,74496300,0.0,0.0,0.0
2022-11-18,397.739990234375,397.80999755859375,393.0400085449219,396.0299987792969,376.94659423828125,92922500,0.0,0.0,0.0
2022-11-21,394.6400146484375,395.82000732421875,392.6600036621094,394.5899963378906,375.5759582519531,51243200,0.0,0.0,0.0
2022-11-22,396.6300048828125,400.07000732421875,395.1499938964844,399.8999938964844,380.6300964355469,60429000,0.0,0.0,0.0
2022-11-23,399.54998779296875,402.92999267578125,399.30999755859375,402.4200134277344,383.0285949707031,68261600,0.0,0.0,0.0
2022-11-25,401.8299865722656,402.9100036621094,401.5400085449219,402.3299865722656,382.9429931640625,30545400,0.0,0.0,0.0
2022-11-28,399.0899963378906,400.80999755859375,395.1099853515625,395.9100036621094,376.83245849609375,67881600,0.0,0.0,0.0
2022-11-29,396.04998779296875,397.29998779296875,393.29998779296875,395.2300109863281,376.1850891113281,52310000,0.0,0.0,0.0
2022-11-30,395.489990234375,407.67999267578125,393.4800109863281,407.67999267578125,388.03521728515625,144566700,0.0,0.0,0.0
2022-12-01,408.7699890136719,410.0,404.75,407.3800048828125,387.7497253417969,76398200,0.0,0.0,0.0
2022-12-02,402.25,407.8599853515625,402.1400146484375,406.9100036621094,387.30230712890625,85342700,0.0,0.0,0.0
2022-12-05,403.95001220703125,404.92999267578125,398.1700134277344,399.5899963378906,380.33502197265625,77289800,0.0,0.0,0.0
2022-12-06,399.4200134277344,399.989990234375,391.6400146484375,393.8299865722656,374.85260009765625,77972200,0.0,0.0,0.0
2022-12-07,392.94000244140625,395.6400146484375,391.9700012207031,393.1600036621094,374.21484375,65927900,0.0,0.0,0.0
2022-12-08,395.1400146484375,397.3599853515625,393.2699890136719,396.239990234375,377.14642333984375,60737900,0.0,0.0,0.0
2022-12-09,394.94000244140625,397.6199951171875,393.1499938964844,393.2799987792969,374.32904052734375,81447700,0.0,0.0,0.0
2022-12-12,394.1099853515625,398.95001220703125,393.4100036621094,398.95001220703125,379.7259216308594,75405800,0.0,0.0,0.0
2022-12-13,410.2200012207031,410.489990234375,399.07000732421875,401.9700012207031,382.600341796875,123782500,0.0,0.0,0.0
2022-12-14,401.6099853515625,405.5,396.30999755859375,399.3999938964844,380.1541748046875,108111300,0.0,0.0,0.0
2022-12-15,394.29998779296875,395.25,387.8900146484375,389.6300048828125,370.8550109863281,117705900,0.0,0.0,0.0
2022-12-16,385.17999267578125,386.5799865722656,381.0400085449219,383.2699890136719,366.4765319824219,119858000,1.781,0.0,0.0
2022-12-19,383.4700012207031,383.82000732421875,378.2799987792969,380.0199890136719,363.3690185546875,79878100,0.0,0.0,0.0
2022-12-20,379.2300109863281,382.2300109863281,377.8500061035156,380.5400085449219,363.86627197265625,74427200,0.0,0.0,0.0
2022-12-21,383.25,387.4100036621094,382.69000244140625,386.2300109863281,369.30694580078125,78167400,0.0,0.0,0.0
2022-12-22,383.04998779296875,386.2099914550781,374.7699890136719,380.7200012207031,364.0383605957031,100120900,0.0,0.0,0.0
2022-12-23,379.6499938964844,383.05999755859375,378.0299987792969,382.9100036621094,366.13238525390625,59857300,0.0,0.0,0.0
2022-12-27,382.7900085449219,383.1499938964844,379.6499938964844,381.3999938964844,364.6885681152344,51638200,0.0,0.0,0.0
2022-12-28,381.3299865722656,383.3900146484375,376.4200134277344,376.6600036621094,360.1562194824219,70911500,0.0,0.0,0.0
2022-12-29,379.6300048828125,384.3500061035156,379.0799865722656,383.44000244140625,366.6391296386719,66970900,0.0,0.0,0.0
2022-12-30,380.6400146484375,382.5799865722656,378.42999267578125,382.42999267578125,365.67340087890625,84022200,0.0,0.0,0.0
2023-01-03,384.3699951171875,386.42999267578125,377.8299865722656,380.82000732421875,364.1339111328125,74850700,0.0,0.0,0.0
2023-01-04,383.17999267578125,385.8800048828125,380.0,383.760009765625,366.94512939453125,85934100,0.0,0.0,0.0
2023-01-05,381.7200012207031,381.8399963378906,378.760009765625,379.3800048828125,362.7570495605469,76970500,0.0,0.0,0.0
2023-01-06,382.6099853515625,389.25,379.4100036621094,388.0799865722656,371.0757751464844,104189600,0.0,0.0,0.0
2023-01-09,390.3699951171875,393.70001220703125,387.6700134277344,387.8599853515625,370.86553955078125,73978100,0.0,0.0,0.0
2023-01-10,387.25,390.6499938964844,386.2699890136719,390.5799865722656,373.46624755859375,65358100,0.0,0.0,0.0
2023-01-11,392.2300109863281,395.6000061035156,391.3800048828125,395.5199890136719,378.1898193359375,68881100,0.0,0.0,0.0
2023-01-12,396.6700134277344,398.489990234375,392.4200134277344,396.9599914550781,379.5667724609375,90157700,0.0,0.0,0.0
2023-01-13,393.6199951171875,399.1000061035156,393.3399963378906,398.5,381.039306640625,63903900,0.0,0.0,0.0
2023-01-17,398.4800109863281,400.2300109863281,397.05999755859375,397.7699890136719,380.34124755859375,62677300,0.0,0.0,0.0
2023-01-18,399.010009765625,400.1199951171875,391.2799987792969,391.489990234375,374.33642578125,99632300,0.0,0.0,0.0
2023-01-19,389.3599853515625,391.0799865722656,387.260009765625,388.6400146484375,371.6113586425781,86958900,0.0,0.0,0.0
2023-01-20,390.1000061035156,396.0400085449219,388.3800048828125,395.8800048828125,378.53411865234375,91806400,0.0,0.0,0.0
2023-01-23,396.7200012207031,402.6499938964844,395.7200012207031,400.6300048828125,383.0759582519531,84178800,0.0,0.0,0.0
2023-01-24,398.8800048828125,401.1499938964844,397.6400146484375,400.20001220703125,382.6647644042969,59524900,0.0,0.0,0.0
2023-01-25,395.95001220703125,400.70001220703125,393.55999755859375,400.3500061035156,382.8081970214844,84800300,0.0,0.0,0.0
2023-01-26,403.1300048828125,404.9200134277344,400.0299987792969,404.75,387.01544189453125,72287400,0.0,0.0,0.0
2023-01-27,403.6600036621094,408.1600036621094,403.44000244140625,405.67999267578125,387.90472412109375,68346200,0.0,0.0,0.0
2023-01-30,402.79998779296875,405.1300048828125,400.2799987792969,400.5899963378906,383.03765869140625,74202000,0.0,0.0,0.0
2023-01-31,401.1300048828125,406.5299987792969,400.7699890136719,406.4800109863281,388.6696472167969,86811800,0.0,0.0,0.0
2023-02-01,405.2099914550781,413.6700134277344,402.3500061035156,410.79998779296875,392.8003845214844,101459200,0.0,0.0,0.0
2023-02-02,414.8599853515625,418.30999755859375,412.8800048828125,416.7799987792969,398.5182800292969,101654500,0.0,0.0,0.0
2023-02-03,411.5899963378906,416.9700012207031,411.0899963378906,412.3500061035156,394.2825012207031,94736800,0.0,0.0,0.0
2023-02-06,409.7900085449219,411.2900085449219,408.1000061035156,409.8299865722656,391.87286376953125,60295300,0.0,0.0,0.0
2023-02-07,408.8699951171875,416.489990234375,407.57000732421875,415.19000244140625,396.9980163574219,90990700,0.0,0.0,0.0
2023-02-08,413.1300048828125,414.5299987792969,409.92999267578125,410.6499938964844,392.65692138671875,76227500,0.0,0.0,0.0
2023-02-09,414.4100036621094,414.57000732421875,405.80999755859375,407.0899963378906,389.2528991699219,78694900,0.0,0.0,0.0
2023-02-10,405.8599853515625,408.44000244140625,405.010009765625,408.0400085449219,390.16131591796875,70769700,0.0,0.0,0.0
2023-02-13,408.7200012207031,412.9700012207031,408.239990234375,412.8299865722656,394.7413635253906,64913500,0.0,0.0,0.0
2023-02-14,411.239990234375,415.04998779296875,408.510009765625,412.6400146484375,394.55975341796875,88389300,0.0,0.0,0.0
2023-02-15,410.3500061035156,414.05999755859375,409.4700012207031,413.9800109863281,395.84100341796875,61555700,0.0,0.0,0.0
2023-02-16,408.7900085449219,412.9100036621094,408.1400146484375,408.2799987792969,390.3907775878906,76431500,0.0,0.0,0.0
2023-02-17,406.05999755859375,407.510009765625,404.04998779296875,407.260009765625,389.4154968261719,89257800,0.0,0.0,0.0
2023-02-21,403.05999755859375,404.1600036621094,398.82000732421875,399.0899963378906,381.6034240722656,82655900,0.0,0.0,0.0
2023-02-22,399.5199890136719,401.1300048828125,397.0199890136719,398.5400085449219,381.07757568359375,83742300,0.0,0.0,0.0
2023-02-23,401.55999755859375,402.20001220703125,396.25,400.6600036621094,383.1046142578125,96242400,0.0,0.0,0.0
2023-02-24,395.4200134277344,397.25,393.6400146484375,396.3800048828125,379.0122375488281,108194400,0.0,0.0,0.0
2023-02-27,399.8699951171875,401.2900085449219,396.75,397.7300109863281,380.30303955078125,80444700,0.0,0.0,0.0
2023-02-28,397.2300109863281,399.2799987792969,396.1499938964844,396.260009765625,378.8974609375,96438600,0.0,0.0,0.0
2023-03-01,395.4100036621094,396.69000244140625,393.3800048828125,394.739990234375,377.4440612792969,99706800,0.0,0.0,0.0
2023-03-02,392.67999267578125,398.69000244140625,392.3299865722656,397.80999755859375,380.3794860839844,85127800,0.0,0.0,0.0
2023-03-03,399.7099914550781,404.45001220703125,399.0299987792969,404.19000244140625,386.4799499511719,90120000,0.0,0.0,0.0
2023-03-06,405.04998779296875,407.45001220703125,404.010009765625,404.4700012207031,386.7477722167969,72795900,0.0,0.0,0.0
2023-03-07,404.4200134277344,404.6700134277344,397.6300048828125,398.2699890136719,380.8193054199219,108310600,0.0,0.0,0.0
2023-03-08,398.3900146484375,399.7099914550781,396.5899963378906,398.9200134277344,381.44091796875,74746600,0.0,0.0,0.0
2023-03-09,399.739990234375,401.4800109863281,390.5299987792969,391.55999755859375,374.4033508300781,111945300,0.0,0.0,0.0
2023-03-10,390.989990234375,393.1600036621094,384.32000732421875,385.9100036621094,369.0008850097656,189253000,0.0,0.0,0.0
2023-03-13,381.80999755859375,390.3900146484375,380.6499938964844,385.3599853515625,368.4749755859375,157790000,0.0,0.0,0.0
2023-03-14,390.5,393.45001220703125,387.04998779296875,391.7300109863281,374.5659484863281,149752400,0.0,0.0,0.0
2023-03-15,385.8900146484375,389.489990234375,383.7099914550781,389.2799987792969,372.2232360839844,172996900,0.0,0.0,0.0
2023-03-16,386.82000732421875,396.4700012207031,386.2900085449219,396.1099853515625,378.7540283203125,143254200,0.0,0.0,0.0
2023-03-17,393.2200012207031,394.3999938964844,388.54998779296875,389.989990234375,374.3253479003906,140553400,1.506,0.0,0.0
2023-03-20,390.79998779296875,394.1700134277344,390.07000732421875,393.739990234375,377.92474365234375,93055800,0.0,0.0,0.0
2023-03-21,397.239990234375,399.4100036621094,395.5799865722656,398.9100036621094,382.8870544433594,91524200,0.0,0.0,0.0
2023-03-22,398.7300109863281,402.489990234375,392.07000732421875,392.1099853515625,376.36016845703125,111746600,0.0,0.0,0.0
2023-03-23,395.0899963378906,399.2900085449219,390.3500061035156,393.1700134277344,377.37762451171875,119351300,0.0,0.0,0.0
2023-03-24,391.8399963378906,395.8399963378906,389.3999938964844,395.75,379.8539733886719,107682400,0.0,0.0,0.0
2023-03-27,398.1199951171875,398.9200134277344,395.55999755859375,396.489990234375,380.56427001953125,74010400,0.0,0.0,0.0
2023-03-28,395.7699890136719,396.489990234375,393.69000244140625,395.6000061035156,379.7100524902344,62871700,0.0,0.0,0.0
2023-03-29,399.92999267578125,401.6000061035156,398.67999267578125,401.3500061035156,385.2290344238281,77497900,0.0,0.0,0.0
2023-03-30,404.0899963378906,404.3500061035156,401.760009765625,403.70001220703125,387.4847106933594,69840000,0.0,0.0,0.0
2023-03-31,404.6600036621094,409.70001220703125,404.54998779296875,409.3900146484375,392.9461364746094,112062600,0.0,0.0,0.0
2023-04-03,408.8500061035156,411.3699951171875,408.44000244140625,410.95001220703125,394.44342041015625,67391100,0.0,0.0,0.0
2023-04-04,411.6199951171875,411.9200134277344,407.239990234375,408.6700134277344,392.25506591796875,66601500,0.0,0.0,0.0
2023-04-05,407.9100036621094,408.70001220703125,405.8800048828125,407.6000061035156,391.2280578613281,65200200,0.0,0.0,0.0
2023-04-06,406.7699890136719,409.4800109863281,405.67999267578125,409.19000244140625,392.7541809082031,63743300,0.0,0.0,0.0
2023-04-10,406.6099853515625,409.69000244140625,405.9700012207031,409.6099853515625,393.1572570800781,63681000,0.0,0.0,0.0
2023-04-11,410.260009765625,411.17999267578125,408.9200134277344,409.7200012207031,393.2629089355469,59297900,0.0,0.0,0.0
2023-04-12,411.8699951171875,412.1700134277344,407.44000244140625,408.04998779296875,391.6598815917969,86420400,0.0,0.0,0.0
2023-04-13,409.17999267578125,413.8399963378906,407.989990234375,413.4700012207031,396.8623046875,85814800,0.0,0.0,0.0
2023-04-14,412.80999755859375,415.0899963378906,410.05999755859375,412.4599914550781,395.892822265625,78161500,0.0,0.0,0.0
2023-04-17,412.3699951171875,413.9599914550781,411.0899963378906,413.94000244140625,397.3133544921875,66436400,0.0,0.0,0.0
2023-04-18,415.5799865722656,415.7200012207031,412.7799987792969,414.2099914550781,397.572509765625,63560000,0.0,0.0,0.0
2023-04-19,412.2200012207031,415.0799865722656,412.1600036621094,414.1400146484375,397.5053405761719,55227300,0.0,0.0,0.0
2023-04-20,411.2099914550781,413.70001220703125,410.2699890136719,411.8800048828125,395.3361511230469,75840400,0.0,0.0,0.0
2023-04-21,412.19000244140625,412.67999267578125,410.1700134277344,412.20001220703125,395.6432800292969,73457400,0.0,0.0,0.0
2023-04-24,411.989990234375,413.07000732421875,410.6000061035156,412.6300048828125,396.0560302734375,64332100,0.0,0.0,0.0
2023-04-25,410.5799865722656,411.1600036621094,406.0199890136719,406.0799865722656,389.7690734863281,97766700,0.0,0.0,0.0
2023-04-26,406.7200012207031,407.8399963378906,403.7799987792969,404.3599853515625,388.1181640625,80447000,0.0,0.0,0.0
2023-04-27,407.0,412.69000244140625,406.739990234375,412.4100036621094,395.84478759765625,92968400,0.0,0.0,0.0
2023-04-28,411.489990234375,415.94000244140625,411.42999267578125,415.92999267578125,399.2233581542969,89433100,0.0,0.0,0.0
2023-05-01,415.4700012207031,417.6199951171875,415.2699890136719,415.510009765625,398.8203125,62122300,0.0,0.0,0.0
2023-05-02,414.7699890136719,414.82000732421875,407.82000732421875,410.8399963378906,394.33782958984375,103998500,0.0,0.0,0.0
2023-05-03,411.3599853515625,413.8699951171875,407.7699890136719,408.0199890136719,391.631103515625,91531800,0.0,0.0,0.0
2023-05-04,406.92999267578125,407.2699890136719,403.739990234375,405.1300048828125,388.85723876953125,94901900,0.0,0.0,0.0
2023-05-05,408.9100036621094,413.7200012207031,408.6400146484375,412.6300048828125,396.0560302734375,87891800,0.0,0.0,0.0
2023-05-08,412.9700012207031,413.239990234375,411.2799987792969,412.739990234375,396.1615295410156,50046800,0.0,0.0,0.0
2023-05-09,411.1300048828125,412.0899963378906,410.69000244140625,410.92999267578125,394.4242248535156,49220100,0.0,0.0,0.0
2023-05-10,413.8800048828125,414.5400085449219,408.8699951171875,412.8500061035156,396.2671203613281,96142900,0.0,0.0,0.0
2023-05-11,411.95001220703125,412.42999267578125,409.9700012207031,412.1300048828125,395.5760498046875,70157100,0.0,0.0,0.0
2023-05-12,413.4200134277344,413.6400146484375,409.07000732421875,411.5899963378906,395.0577392578125,70481500,0.0,0.0,0.0
2023-05-15,412.2200012207031,413.42999267578125,410.2300109863281,413.010009765625,396.42071533203125,54289400,0.0,0.0,0.0
2023-05-16,411.8599853515625,412.82000732421875,410.239990234375,410.25,393.7715759277344,57705500,0.0,0.0,0.0
2023-05-17,412.3500061035156,415.8599853515625,410.6400146484375,415.2300109863281,398.55157470703125,87287000,0.0,0.0,0.0
2023-05-18,414.8999938964844,419.6700134277344,414.6700134277344,419.2300109863281,402.3908996582031,97177200,0.0,0.0,0.0
2023-05-19,420.1700134277344,420.7200012207031,417.3500061035156,418.6199951171875,401.80535888671875,103793300,0.0,0.0,0.0
2023-05-22,418.6400146484375,420.3900146484375,417.3500061035156,418.7900085449219,401.9685363769531,60745400,0.0,0.0,0.0
2023-05-23,417.0799865722656,418.7200012207031,413.67999267578125,414.0899963378906,397.4573059082031,86383500,0.0,0.0,0.0
2023-05-24,412.4200134277344,412.82000732421875,409.8800048828125,411.0899963378906,394.57781982421875,89213700,0.0,0.0,0.0
2023-05-25,414.739990234375,416.1600036621094,412.4100036621094,414.6499938964844,397.99481201171875,90961600,0.0,0.0,0.0
2023-05-26,415.3299865722656,420.7699890136719,415.25,420.0199890136719,403.149169921875,93830000,0.0,0.0,0.0
2023-05-30,422.0299987792969,422.5799865722656,418.739990234375,420.17999267578125,403.3027038574219,72216000,0.0,0.0,0.0
2023-05-31,418.2799987792969,419.2200012207031,416.2200012207031,417.8500061035156,401.06640625,110811800,0.0,0.0,0.0
2023-06-01,418.0899963378906,422.9200134277344,416.7900085449219,421.82000732421875,404.87689208984375,88865000,0.0,0.0,0.0
2023-06-02,424.5,428.739990234375,423.95001220703125,427.9200134277344,410.7318420410156,91426200,0.0,0.0,0.0
2023-06-05,428.2799987792969,429.6199951171875,426.3699951171875,427.1000061035156,409.94476318359375,65460200,0.0,0.0,0.0
2023-06-06,426.6700134277344,428.5799865722656,425.989990234375,428.0299987792969,410.83740234375,64022200,0.0,0.0,0.0
2023-06-07,428.44000244140625,429.6199951171875,426.1099853515625,426.54998779296875,409.4168701171875,85373300,0.0,0.0,0.0
2023-06-08,426.6199951171875,429.6000061035156,425.82000732421875,429.1300048828125,411.8931884765625,61952800,0.0,0.0,0.0
2023-06-09,429.9599914550781,431.989990234375,428.8699951171875,429.8999938964844,412.63226318359375,85742800,0.0,0.0,0.0
2023-06-12,430.9200134277344,433.8800048828125,430.1700134277344,433.79998779296875,416.3756408691406,76104300,0.0,0.0,0.0
2023-06-13,435.32000732421875,437.3299865722656,434.6300048828125,436.6600036621094,419.12078857421875,95899700,0.0,0.0,0.0
2023-06-14,437.010009765625,439.05999755859375,433.5899963378906,437.17999267578125,419.6199035644531,100612100,0.0,0.0,0.0
2023-06-15,436.3299865722656,443.8999938964844,436.2300109863281,442.6000061035156,424.82220458984375,110303100,0.0,0.0,0.0
2023-06-16,443.0199890136719,443.6099853515625,438.9700012207031,439.4599914550781,423.3751525878906,114165800,1.638,0.0,0.0
2023-06-20,437.45001220703125,438.3699951171875,435.0299987792969,437.17999267578125,421.1786193847656,76160400,0.0,0.0,0.0
2023-06-21,436.1600036621094,436.989990234375,434.3299865722656,434.94000244140625,419.0205993652344,76982300,0.0,0.0,0.0
2023-06-22,433.95001220703125,436.6199951171875,433.6000061035156,436.510009765625,420.53314208984375,70637200,0.0,0.0,0.0
2023-06-23,432.92999267578125,435.05999755859375,432.4700012207031,433.2099914550781,417.3539123535156,92074500,0.0,0.0,0.0
2023-06-26,432.6199951171875,434.6099853515625,431.19000244140625,431.44000244140625,415.6487121582031,72823600,0.0,0.0,0.0
2023-06-27,432.3500061035156,436.80999755859375,431.8800048828125,436.1700134277344,420.20556640625,72813700,0.0,0.0,0.0
2023-06-28,435.04998779296875,437.44000244140625,434.4100036621094,436.3900146484375,420.4175720214844,75636000,0.0,0.0,0.0
2023-06-29,435.9599914550781,438.2799987792969,435.5400085449219,438.1099853515625,422.0745544433594,67882300,0.0,0.0,0.0
2023-06-30,441.44000244140625,444.29998779296875,441.1099853515625,443.2799987792969,427.0552673339844,104964000,0.0,0.0,0.0
2023-07-03,442.9200134277344,444.0799865722656,442.6300048828125,443.7900085449219,427.5466613769531,32793400,0.0,0.0,0.0
2023-07-05,441.9100036621094,443.8900146484375,441.8999938964844,443.1300048828125,426.91082763671875,58418400,0.0,0.0,0.0
2023-07-06,439.4200134277344,440.1000061035156,437.05999755859375,439.6600036621094,423.56787109375,80658300,0.0,0.0,0.0
2023-07-07,438.6300048828125,442.6400146484375,438.29998779296875,438.54998779296875,422.49847412109375,86134200,0.0,0.0,0.0
2023-07-10,438.17999267578125,439.8399963378906,437.5899963378906,439.6600036621094,423.56787109375,62443500,0.0,0.0,0.0
2023-07-11,440.45001220703125,442.9700012207031,439.44000244140625,442.4599914550781,426.26531982421875,64463800,0.0,0.0,0.0
2023-07-12,446.3900146484375,447.4800109863281,444.9100036621094,446.0199890136719,429.6950378417969,91924500,0.0,0.0,0.0
2023-07-13,447.8999938964844,450.3800048828125,447.45001220703125,449.55999755859375,433.1054992675781,72425200,0.0,0.0,0.0
2023-07-14,450.4800109863281,451.3599853515625,448.489990234375,449.2799987792969,432.8357238769531,69815800,0.0,0.0,0.0
2023-07-17,449.1300048828125,451.92999267578125,449.0799865722656,450.8399963378906,434.3386535644531,52680200,0.0,0.0,0.0
2023-07-18,450.5,454.8599853515625,450.04998779296875,454.19000244140625,437.5660400390625,80668200,0.0,0.0,0.0
2023-07-19,455.010009765625,456.42999267578125,454.1099853515625,455.20001220703125,438.5390625,65891700,0.0,0.0,0.0
2023-07-20,454.1700134277344,455.1000061035156,451.44000244140625,452.17999267578125,435.6295471191406,70591600,0.0,0.0,0.0
2023-07-21,453.9599914550781,454.1700134277344,452.1700134277344,452.17999267578125,435.6295471191406,71275600,0.0,0.0,0.0
2023-07-24,453.3699951171875,455.0400085449219,452.29998779296875,454.20001220703125,437.5757141113281,54023400,0.0,0.0,0.0
2023-07-25,453.9200134277344,456.739990234375,453.8699951171875,455.44000244140625,438.770263671875,55191200,0.0,0.0,0.0
2023-07-26,454.4700012207031,456.989990234375,453.3800048828125,455.510009765625,438.8377380371094,71052900,0.0,0.0,0.0
2023-07-27,459.0199890136719,459.44000244140625,451.54998779296875,452.489990234375,435.92828369140625,92194400,0.0,0.0,0.0
2023-07-28,455.8800048828125,457.7799987792969,452.489990234375,456.9200134277344,440.196044921875,80011800,0.0,0.0,0.0
2023-07-31,457.4100036621094,458.1600036621094,456.04998779296875,457.7900085449219,441.03424072265625,62040400,0.0,0.0,0.0
2023-08-01,456.2699890136719,457.25,455.489990234375,456.4800109863281,439.77215576171875,55291500,0.0,0.0,0.0
2023-08-02,453.25,453.5199890136719,449.3500061035156,450.1300048828125,433.6545715332031,93933400,0.0,0.0,0.0
2023-08-03,448.0400085449219,450.7900085449219,447.3699951171875,448.8399963378906,432.41180419921875,64276100,0.0,0.0,0.0
2023-08-04,450.7200012207031,452.8999938964844,446.2699890136719,446.80999755859375,430.4561462402344,100128900,0.0,0.0,0.0
2023-08-07,448.7099914550781,450.8699951171875,447.989990234375,450.7099914550781,434.2134094238281,58357500,0.0,0.0,0.0
2023-08-08,448.0799865722656,450.70001220703125,445.2699890136719,448.75,432.3251037597656,71361300,0.0,0.0,0.0
2023-08-09,449.0299987792969,449.20001220703125,444.9599914550781,445.75,429.4349060058594,78789600,0.0,0.0,0.0
2023-08-10,448.19000244140625,451.70001220703125,444.70001220703125,445.9100036621094,429.58905029296875,93005500,0.0,0.0,0.0
2023-08-11,443.9700012207031,446.70001220703125,443.3500061035156,445.6499938964844,429.3385314941406,68690900,0.0,0.0,0.0
2023-08-14,444.70001220703125,448.1099853515625,444.3800048828125,448.1099853515625,431.70855712890625,47867400,0.0,0.0,0.0
2023-08-15,446.2699890136719,446.6400146484375,442.29998779296875,442.8900146484375,426.67962646484375,75707500,0.0,0.0,0.0
2023-08-16,442.4599914550781,444.17999267578125,439.5299987792969,439.6400146484375,423.5485534667969,80107200,0.0,0.0,0.0
2023-08-17,441.1600036621094,441.42999267578125,435.75,436.2900085449219,420.3211669921875,95711300,0.0,0.0,0.0
2023-08-18,433.3699951171875,437.57000732421875,433.010009765625,436.5,420.5234680175781,98852000,0.0,0.0,0.0
2023-08-21,437.54998779296875,440.1099853515625,435.32000732421875,439.3399963378906,423.2594909667969,68719000,0.0,0.0,0.0
2023-08-22,441.17999267578125,441.17999267578125,437.57000732421875,438.1499938964844,422.11309814453125,64994200,0.0,0.0,0.0
2023-08-23,439.25,443.6700134277344,439.1000061035156,443.0299987792969,426.8144836425781,68441000,0.0,0.0,0.0
2023-08-24,444.69000244140625,445.2200012207031,436.8599853515625,436.8900146484375,420.89923095703125,88517300,0.0,0.0,0.0
2023-08-25,438.67999267578125,441.29998779296875,435.0,439.9700012207031,423.86651611328125,102325100,0.0,0.0,0.0
2023-08-28,442.239990234375,443.3999938964844,439.9700012207031,442.760009765625,426.55438232421875,61595400,0.0,0.0,0.0
2023-08-29,442.6499938964844,449.45001220703125,442.4599914550781,449.1600036621094,432.72015380859375,83081900,0.0,0.0,0.0
2023-08-30,449.510009765625,451.6700134277344,448.7799987792969,451.010009765625,434.50250244140625,69053900,0.0,0.0,0.0
2023-08-31,451.6499938964844,452.8299865722656,450.1600036621094,450.3500061035156,433.86651611328125,66084600,0.0,0.0,0.0
2023-09-01,453.1700134277344,453.6700134277344,449.67999267578125,451.19000244140625,434.67578125,58944100,0.0,0.0,0.0
2023-09-05,450.7300109863281,451.05999755859375,449.1700134277344,449.239990234375,432.7971496582031,55166200,0.0,0.0,0.0
2023-09-06,448.3999938964844,448.510009765625,443.80999755859375,446.2200012207031,429.88775634765625,70758500,0.0,0.0,0.0
2023-09-07,443.1099853515625,445.54998779296875,442.75,444.8500061035156,428.56787109375,70355400,0.0,0.0,0.0
2023-09-08,444.8999938964844,447.1099853515625,444.5299987792969,445.5199890136719,429.21337890625,61659700,0.0,0.0,0.0
2023-09-11,448.239990234375,448.7699890136719,446.4700012207031,448.45001220703125,432.0361328125,60180100,0.0,0.0,0.0
2023-09-12,446.95001220703125,448.5299987792969,445.3900146484375,445.989990234375,429.6661376953125,67565400,0.0,0.0,0.0
2023-09-13,446.2200012207031,447.7099914550781,445.0799865722656,446.510009765625,430.1671142578125,60199300,0.0,0.0,0.0
2023-09-14,449.07000732421875,451.0799865722656,447.7200012207031,450.3599853515625,433.8761291503906,83430800,0.0,0.0,0.0
2023-09-15,447.1400146484375,447.4800109863281,442.9200134277344,443.3699951171875,428.64874267578125,111848900,1.583,0.0,0.0
2023-09-18,443.04998779296875,444.9700012207031,442.55999755859375,443.6300048828125,428.90008544921875,55752200,0.0,0.0,0.0
2023-09-19,442.67999267578125,443.2900085449219,439.94000244140625,442.7099914550781,428.0106201171875,66514600,0.0,0.0,0.0
2023-09-20,444.010009765625,444.44000244140625,438.42999267578125,438.6400146484375,424.0757751464844,82562600,0.0,0.0,0.0
2023-09-21,435.70001220703125,435.9700012207031,431.2300109863281,431.3900146484375,417.0665283203125,104095800,0.0,0.0,0.0
2023-09-22,432.45001220703125,434.1000061035156,429.989990234375,430.4200134277344,416.1286926269531,100829700,0.0,0.0,0.0
2023-09-25,429.1700134277344,432.2699890136719,428.7200012207031,432.2300109863281,417.87860107421875,70874500,0.0,0.0,0.0
2023-09-26,429.0899963378906,429.82000732421875,425.0199890136719,425.8800048828125,411.7394104003906,96168400,0.0,0.0,0.0
2023-09-27,427.0899963378906,427.6700134277344,422.2900085449219,426.04998779296875,411.90380859375,104705800,0.0,0.0,0.0
2023-09-28,425.4800109863281,430.25,424.8699951171875,428.5199890136719,414.291748046875,92258300,0.0,0.0,0.0
2023-09-29,431.6700134277344,431.8500061035156,425.9100036621094,427.4800109863281,413.2863464355469,115111300,0.0,0.0,0.0
2023-10-02,426.6199951171875,428.6000061035156,424.4599914550781,427.30999755859375,413.1219787597656,83798600,0.0,0.0,0.0
2023-10-03,425.05999755859375,427.3699951171875,420.17999267578125,421.5899963378906,407.5918273925781,103760600,0.0,0.0,0.0
2023-10-04,422.07000732421875,425.42999267578125,420.55999755859375,424.6600036621094,410.5599060058594,87453000,0.0,0.0,0.0
2023-10-05,424.3599853515625,425.3699951171875,421.1700134277344,424.5,410.40521240234375,70142700,0.0,0.0,0.0
2023-10-06,421.9700012207031,431.1300048828125,420.6000061035156,429.5400085449219,415.27789306640625,113273300,0.0,0.0,0.0
2023-10-09,427.5799865722656,432.8800048828125,427.010009765625,432.2900085449219,417.93658447265625,80374400,0.0,0.0,0.0
2023-10-10,432.94000244140625,437.2200012207031,432.5299987792969,434.5400085449219,420.1119384765625,78607300,0.0,0.0,0.0
2023-10-11,435.6400146484375,436.5799865722656,433.17999267578125,436.32000732421875,421.8328552246094,62451700,0.0,0.0,0.0
2023-10-12,436.95001220703125,437.3399963378906,431.2300109863281,433.6600036621094,419.2611389160156,81154200,0.0,0.0,0.0
2023-10-13,435.2099914550781,436.45001220703125,429.8800048828125,431.5,417.1728515625,95143100,0.0,0.0,0.0
2023-10-16,433.82000732421875,437.1400146484375,433.57000732421875,436.0400085449219,421.56207275390625,75433200,0.0,0.0,0.0
2023-10-17,432.80999755859375,438.1400146484375,432.45001220703125,436.0199890136719,421.5427551269531,75324700,0.0,0.0,0.0
2023-10-18,434.19000244140625,435.17999267578125,429.0899963378906,430.2099914550781,415.9256896972656,93559800,0.0,0.0,0.0
2023-10-19,430.95001220703125,432.82000732421875,425.7300109863281,426.42999267578125,412.2711486816406,121323000,0.0,0.0,0.0
2023-10-20,425.9800109863281,426.5400085449219,421.0799865722656,421.19000244140625,407.2051696777344,123919900,0.0,0.0,0.0
2023-10-23,419.6099853515625,424.45001220703125,417.79998779296875,420.4599914550781,406.4993896484375,92035100,0.0,0.0,0.0
2023-10-24,422.6499938964844,424.82000732421875,420.739990234375,423.6300048828125,409.5641784667969,78564200,0.0,0.0,0.0
2023-10-25,421.8900146484375,421.9200134277344,417.0199890136719,417.54998779296875,403.6860046386719,94223200,0.0,0.0,0.0
2023-10-26,416.45001220703125,417.3299865722656,411.6000061035156,412.54998779296875,398.8520202636719,115156800,0.0,0.0,0.0
2023-10-27,414.19000244140625,414.6000061035156,409.2099914550781,410.67999267578125,397.04412841796875,107367700,0.0,0.0,0.0
2023-10-30,413.55999755859375,416.67999267578125,412.2200012207031,415.5899963378906,401.79107666015625,86562700,0.0,0.0,0.0
2023-10-31,416.17999267578125,418.5299987792969,414.2099914550781,418.20001220703125,404.3144226074219,79665200,0.0,0.0,0.0
2023-11-01,419.20001220703125,423.5,418.6499938964844,422.6600036621094,408.6263427734375,98068100,0.0,0.0,0.0
2023-11-02,426.5799865722656,430.9200134277344,426.55999755859375,430.760009765625,416.4574279785156,94938900,0.0,0.0,0.0
2023-11-03,433.1400146484375,436.2900085449219,433.010009765625,434.69000244140625,420.2569885253906,100167800,0.0,0.0,0.0
2023-11-06,435.4700012207031,436.1499938964844,433.67999267578125,435.69000244140625,421.22369384765625,67831700,0.0,0.0,0.0
2023-11-07,435.69000244140625,437.5899963378906,434.510009765625,436.92999267578125,422.42254638671875,64256100,0.0,0.0,0.0
2023-11-08,437.54998779296875,438.0899963378906,434.8699951171875,437.25,422.73193359375,61746000,0.0,0.0,0.0
2023-11-09,438.42999267578125,438.4700012207031,433.3999938964844,433.8399963378906,419.4351501464844,83174400,0.0,0.0,0.0
2023-11-10,435.9800109863281,440.92999267578125,433.8299865722656,440.6099853515625,425.9803161621094,89462200,0.0,0.0,0.0
2023-11-13,439.2300109863281,441.3299865722656,438.4200134277344,440.19000244140625,425.5743103027344,52236100,0.0,0.0,0.0
2023-11-14,446.32000732421875,450.05999755859375,446.0899963378906,448.7300109863281,433.83074951171875,97176900,0.0,0.0,0.0
2023-11-15,450.1099853515625,451.3800048828125,448.79998779296875,449.67999267578125,434.7491455078125,77327600,0.0,0.0,0.0
2023-11-16,449.2200012207031,450.55999755859375,448.1199951171875,450.2300109863281,435.28094482421875,66665800,0.0,0.0,0.0
2023-11-17,450.239990234375,451.4200134277344,449.2900085449219,450.7900085449219,435.8223571777344,83133200,0.0,0.0,0.0
2023-11-20,450.5299987792969,455.1300048828125,450.5199890136719,454.260009765625,439.1771545410156,69936200,0.0,0.0,0.0
2023-11-21,453.17999267578125,454.1300048828125,451.9599914550781,453.2699890136719,438.2199401855469,49244600,0.0,0.0,0.0
2023-11-22,454.9800109863281,456.3800048828125,453.8900146484375,455.0199890136719,439.911865234375,59394900,0.0,0.0,0.0
2023-11-24,455.07000732421875,455.5,454.7300109863281,455.29998779296875,440.1825866699219,29737400,0.0,0.0,0.0
2023-11-27,454.6499938964844,455.489990234375,454.0799865722656,454.4800109863281,439.3898010253906,50506000,0.0,0.0,0.0
2023-11-28,454.0799865722656,456.2699890136719,453.5,454.92999267578125,439.8248596191406,62115000,0.0,0.0,0.0
2023-11-29,457.1499938964844,458.32000732421875,454.20001220703125,454.6099853515625,439.5155334472656,63146000,0.0,0.0,0.0
2023-11-30,455.4800109863281,456.760009765625,453.3399963378906,456.3999938964844,441.2460632324219,79752700,0.0,0.0,0.0
2023-12-01,455.7699890136719,459.6499938964844,455.1600036621094,459.1000061035156,443.8564453125,89183400,0.0,0.0,0.0
2023-12-04,455.6000061035156,459.1199951171875,454.3399963378906,456.69000244140625,441.5265197753906,72430900,0.0,0.0,0.0
2023-12-05,455.260009765625,457.5899963378906,454.8699951171875,456.6000061035156,441.4394226074219,69793500,0.0,0.0,0.0
2023-12-06,458.80999755859375,458.8399963378906,454.30999755859375,454.760009765625,439.6605529785156,69124700,0.0,0.0,0.0
2023-12-07,456.9100036621094,458.8999938964844,456.2900085449219,458.2300109863281,443.0153503417969,66995400,0.0,0.0,0.0
2023-12-08,457.4599914550781,460.75,457.2099914550781,460.20001220703125,444.9199523925781,83194400,0.0,0.0,0.0
2023-12-11,459.69000244140625,462.1700134277344,459.4700012207031,461.989990234375,446.65045166015625,65002200,0.0,0.0,0.0
2023-12-12,461.6300048828125,464.20001220703125,460.6000061035156,464.1000061035156,448.6904296875,68327600,0.0,0.0,0.0
2023-12-13,464.489990234375,470.760009765625,464.1199951171875,470.5,454.8778991699219,93278000,0.0,0.0,0.0
2023-12-14,472.5,473.7300109863281,469.25,472.010009765625,456.3377990722656,119026000,0.0,0.0,0.0
2023-12-15,469.489990234375,470.70001220703125,467.42999267578125,469.3299865722656,455.5863952636719,141553700,1.906,0.0,0.0
2023-12-18,470.9800109863281,472.9800109863281,469.8900146484375,471.9700012207031,458.149169921875,70375300,0.0,0.0,0.0
2023-12-19,472.5299987792969,474.9200134277344,472.45001220703125,474.8399963378906,460.9350891113281,55761800,0.0,0.0,0.0
2023-12-20,473.9599914550781,475.8999938964844,467.82000732421875,468.260009765625,454.54779052734375,102921000,0.0,0.0,0.0
2023-12-21,471.3299865722656,472.9800109863281,468.8399963378906,472.70001220703125,458.8577575683594,86667500,0.0,0.0,0.0
2023-12-22,473.8599853515625,475.3800048828125,471.70001220703125,473.6499938964844,459.7799377441406,67160400,0.0,0.0,0.0
2023-12-26,474.07000732421875,476.5799865722656,473.989990234375,475.6499938964844,461.7213134765625,55387000,0.0,0.0,0.0
2023-12-27,475.44000244140625,476.6600036621094,474.8900146484375,476.510009765625,462.5561828613281,68000300,0.0,0.0,0.0
2023-12-28,476.8800048828125,477.54998779296875,476.260009765625,476.69000244140625,462.7309265136719,77158100,0.0,0.0,0.0
2023-12-29,476.489990234375,477.0299987792969,473.29998779296875,475.30999755859375,461.39129638671875,122283100,0.0,0.0,0.0
2024-01-02,472.1600036621094,473.6700134277344,470.489990234375,472.6499938964844,458.8092041015625,123623700,0.0,0.0,0.0
2024-01-03,470.42999267578125,471.19000244140625,468.1700134277344,468.7900085449219,455.0622253417969,103585900,0.0,0.0,0.0
2024-01-04,468.29998779296875,470.9599914550781,467.04998779296875,467.2799987792969,453.5964660644531,84232200,0.0,0.0,0.0
2024-01-05,467.489990234375,470.44000244140625,466.42999267578125,467.9200134277344,454.2177734375,86118900,0.0,0.0,0.0
2024-01-08,468.42999267578125,474.75,468.29998779296875,474.6000061035156,460.70208740234375,74879100,0.0,0.0,0.0
2024-01-09,471.8699951171875,474.92999267578125,471.3500061035156,473.8800048828125,460.0032043457031,65931400,0.0,0.0,0.0
2024-01-10,474.1600036621094,477.45001220703125,473.8699951171875,476.55999755859375,462.60467529296875,67310600,0.0,0.0,0.0
2024-01-11,477.5899963378906,478.1199951171875,472.260009765625,476.3500061035156,462.4008483886719,77940700,0.0,0.0,0.0
2024-01-12,477.8399963378906,478.6000061035156,475.2300109863281,476.67999267578125,462.7212219238281,58026400,0.0,0.0,0.0
2024-01-16,475.260009765625,476.6099853515625,473.05999755859375,474.92999267578125,461.0224304199219,85014900,0.0,0.0,0.0
2024-01-17,471.82000732421875,472.7900085449219,469.8699951171875,472.2900085449219,458.4596862792969,68843900,0.0,0.0,0.0
2024-01-18,474.010009765625,477.05999755859375,472.4200134277344,476.489990234375,462.5367736816406,91856200,0.0,0.0,0.0
2024-01-19,477.6499938964844,482.7200012207031,476.5400085449219,482.42999267578125,468.30279541015625,110834500,0.0,0.0,0.0
2024-01-22,484.010009765625,485.2200012207031,482.7799987792969,483.45001220703125,469.29302978515625,75844900,0.0,0.0,0.0
2024-01-23,484.010009765625,485.1099853515625,482.8900146484375,484.8599853515625,470.6616516113281,49945300,0.0,0.0,0.0
2024-01-24,487.80999755859375,488.7699890136719,484.8800048828125,485.3900146484375,471.1761474609375,81765000,0.0,0.0,0.0
2024-01-25,487.5799865722656,488.30999755859375,485.3900146484375,488.0299987792969,473.73883056640625,72525000,0.0,0.0,0.0
2024-01-26,487.5899963378906,489.1199951171875,486.5400085449219,487.4100036621094,473.1369934082031,76641600,0.0,0.0,0.0
2024-01-29,487.7300109863281,491.4200134277344,487.1700134277344,491.2699890136719,476.88397216796875,61322800,0.0,0.0,0.0
2024-01-30,490.55999755859375,491.6199951171875,490.1099853515625,490.8900146484375,476.51507568359375,58618400,0.0,0.0,0.0
2024-01-31,488.6199951171875,489.0799865722656,482.8599853515625,482.8800048828125,468.7396545410156,126011100,0.0,0.0,0.0
2024-02-01,484.6300048828125,489.2300109863281,483.79998779296875,489.20001220703125,474.87451171875,91891600,0.0,0.0,0.0
2024-02-02,489.6499938964844,496.04998779296875,489.29998779296875,494.3500061035156,479.8737487792969,99228200,0.0,0.0,0.0
2024-02-05,493.70001220703125,494.3800048828125,490.2300109863281,492.54998779296875,478.1264343261719,75757100,0.0,0.0,0.0
2024-02-06,493.5199890136719,494.32000732421875,492.04998779296875,493.9800109863281,479.51458740234375,55918600,0.0,0.0,0.0
2024-02-07,496.2900085449219,498.5299987792969,495.3599853515625,498.1000061035156,483.5139465332031,70556500,0.0,0.0,0.0
2024-02-08,498.1000061035156,498.7099914550781,497.260009765625,498.32000732421875,483.7275085449219,52343600,0.0,0.0,0.0
2024-02-09,498.8399963378906,501.6499938964844,498.489990234375,501.20001220703125,486.5231628417969,63979400,0.0,0.0,0.0
2024-02-12,501.1700134277344,503.5,500.239990234375,500.9800109863281,486.30963134765625,56502300,0.0,0.0,0.0
2024-02-13,494.5299987792969,497.0899963378906,490.7200012207031,494.0799865722656,479.61163330078125,113099200,0.0,0.0,0.0
2024-02-14,496.7900085449219,499.07000732421875,494.3999938964844,498.57000732421875,483.9701843261719,68387800,0.0,0.0,0.0
2024-02-15,499.2900085449219,502.20001220703125,498.79998779296875,502.010009765625,487.3094787597656,61683000,0.0,0.0,0.0
2024-02-16,501.70001220703125,502.8699951171875,498.75,499.510009765625,484.8825988769531,75532900,0.0,0.0,0.0
2024-02-20,497.7200012207031,498.4100036621094,494.45001220703125,496.760009765625,482.2131652832031,71736700,0.0,0.0,0.0
2024-02-21,495.4200134277344,497.3699951171875,493.55999755859375,497.2099914550781,482.6499938964844,59293400,0.0,0.0,0.0
2024-02-22,504.010009765625,508.489990234375,503.0199890136719,507.5,492.6387023925781,76402500,0.0,0.0,0.0
2024-02-23,509.2699890136719,510.1300048828125,507.1000061035156,507.8500061035156,492.9783935546875,61321800,0.0,0.0,0.0
2024-02-26,508.29998779296875,508.75,505.8599853515625,505.989990234375,491.1728820800781,50386700,0.0,0.0,0.0
2024-02-27,506.70001220703125,507.1600036621094,504.75,506.92999267578125,492.0853576660156,48854500,0.0,0.0,0.0
2024-02-28,505.3299865722656,506.8599853515625,504.9599914550781,506.260009765625,491.43499755859375,56506600,0.0,0.0,0.0
2024-02-29,508.07000732421875,509.739990234375,505.3500061035156,508.0799865722656,493.20166015625,83924800,0.0,0.0,0.0
2024-03-01,508.9800109863281,513.2899780273438,508.55999755859375,512.8499755859375,497.8320007324219,76844800,0.0,0.0,0.0
2024-03-04,512.030029296875,514.2000122070312,512.0,512.2999877929688,497.29815673828125,49799300,0.0,0.0,0.0
2024-03-05,510.239990234375,510.70001220703125,504.9100036621094,507.17999267578125,492.32806396484375,72855600,0.0,0.0,0.0
2024-03-06,510.54998779296875,512.0700073242188,508.4200134277344,509.75,494.8227844238281,68382400,0.0,0.0,0.0
2024-03-07,513.1400146484375,515.8900146484375,509.80999755859375,514.8099975585938,499.7345886230469,58652100,0.0,0.0,0.0
2024-03-08,515.4600219726562,518.219970703125,511.1300048828125,511.7200012207031,496.7351379394531,86532500,0.0,0.0,0.0
2024-03-11,510.4800109863281,511.8800048828125,508.5,511.2799987792969,496.3080139160156,62557200,0.0,0.0,0.0
2024-03-12,513.4500122070312,517.3800048828125,510.8599853515625,516.780029296875,501.64697265625,73114400,0.0,0.0,0.0
2024-03-13,517.1099853515625,517.2899780273438,514.489990234375,515.969970703125,500.860595703125,55104100,0.0,0.0,0.0
2024-03-14,516.969970703125,517.1300048828125,511.82000732421875,514.9500122070312,499.87054443359375,110171800,0.0,0.0,0.0
2024-03-15,510.2099914550781,511.70001220703125,508.1199951171875,509.8299865722656,496.4381408691406,107646300,1.595,0.0,0.0
2024-03-18,514.0,515.47998046875,512.4400024414062,512.8599853515625,499.38848876953125,88893300,0.0,0.0,0.0
2024-03-19,512.1500244140625,516.0,511.1199951171875,515.7100219726562,502.16363525390625,60755300,0.0,0.0,0.0
2024-03-20,515.77001953125,520.6199951171875,515.0800170898438,520.47998046875,506.80841064453125,69594600,0.0,0.0,0.0
2024-03-21,523.3900146484375,524.1099853515625,521.9099731445312,522.2000122070312,508.48309326171875,60256100,0.0,0.0,0.0
2024-03-22,522.1099853515625,522.6099853515625,520.969970703125,521.2100219726562,507.5191955566406,79070800,0.0,0.0,0.0
2024-03-25,519.7999877929688,520.9500122070312,519.6099853515625,519.77001953125,506.1170654296875,48512100,0.0,0.0,0.0
2024-03-26,521.22998046875,521.5800170898438,518.4000244140625,518.8099975585938,505.1822814941406,65463700,0.0,0.0,0.0
2024-03-27,521.7100219726562,523.2100219726562,519.489990234375,523.1699829101562,509.4277648925781,82999800,0.0,0.0,0.0
2024-03-28,523.2100219726562,524.6099853515625,522.780029296875,523.0700073242188,509.3304138183594,96294900,0.0,0.0,0.0
2024-04-01,523.8300170898438,524.3800048828125,520.969970703125,522.1599731445312,508.4441833496094,62477500,0.0,0.0,0.0
2024-04-02,518.239990234375,518.97998046875,516.47998046875,518.8400268554688,505.21148681640625,74230300,0.0,0.0,0.0
2024-04-03,517.719970703125,520.9500122070312,517.6699829101562,519.4099731445312,505.7664794921875,59155800,0.0,0.0,0.0
2024-04-04,523.52001953125,523.8699951171875,512.760009765625,513.0700073242188,499.593017578125,96858100,0.0,0.0,0.0
2024-04-05,514.4600219726562,520.4400024414062,514.010009765625,518.4299926757812,504.8121032714844,74546500,0.0,0.0,0.0
2024-04-08,519.1500244140625,520.1799926757812,517.8900146484375,518.719970703125,505.0945739746094,48401800,0.0,0.0,0.0
2024-04-09,520.5,520.75,514.3499755859375,519.3200073242188,505.6788330078125,68049200,0.0,0.0,0.0
2024-04-10,513.47998046875,516.1599731445312,512.0900268554688,514.1199951171875,500.615478515625,82652800,0.0,0.0,0.0
2024-04-11,515.6799926757812,519.47998046875,512.0800170898438,518.0,504.39349365234375,70099000,0.0,0.0,0.0
2024-04-12,514.3699951171875,515.8200073242188,509.0799865722656,510.8500061035156,497.43133544921875,92561100,0.0,0.0,0.0
2024-04-15,515.1300048828125,515.2999877929688,503.5799865722656,504.45001220703125,491.1994934082031,92101400,0.0,0.0,0.0
2024-04-16,504.94000244140625,506.5,502.2099914550781,503.5299987792969,490.3036193847656,73484000,0.0,0.0,0.0
2024-04-17,506.04998779296875,506.2200012207031,499.1199951171875,500.54998779296875,487.40185546875,75910300,0.0,0.0,0.0
2024-04-18,501.9800109863281,504.1300048828125,498.55999755859375,499.5199890136719,486.3988952636719,74548100,0.0,0.0,0.0
2024-04-19,499.44000244140625,500.4599914550781,493.8599853515625,495.1600036621094,482.1534118652344,102212600,0.0,0.0,0.0
2024-04-22,497.8299865722656,502.3800048828125,495.42999267578125,499.7200012207031,486.5937194824219,67961000,0.0,0.0,0.0
2024-04-23,501.7799987792969,506.0899963378906,499.5299987792969,505.6499938964844,492.367919921875,64633600,0.0,0.0,0.0
2024-04-24,506.55999755859375,507.3699951171875,503.1300048828125,505.4100036621094,492.13427734375,55928100,0.0,0.0,0.0
2024-04-25,499.17999267578125,504.2699890136719,497.489990234375,503.489990234375,490.2646789550781,69122400,0.0,0.0,0.0
2024-04-26,506.3500061035156,509.8800048828125,505.70001220703125,508.260009765625,494.9093933105469,64306100,0.0,0.0,0.0
2024-04-29,510.0899963378906,510.75,507.25,510.05999755859375,496.66204833984375,46415400,0.0,0.0,0.0
2024-04-30,508.55999755859375,509.55999755859375,501.9800109863281,501.9800109863281,488.7943420410156,77483600,0.0,0.0,0.0
2024-05-01,501.3800048828125,508.19000244140625,499.8699951171875,500.3500061035156,487.2071838378906,80242800,0.0,0.0,0.0
2024-05-02,504.1499938964844,505.8900146484375,499.54998779296875,505.0299987792969,491.76422119140625,62550200,0.0,0.0,0.0
2024-05-03,511.1600036621094,512.5499877929688,508.55999755859375,511.2900085449219,497.85980224609375,72756700,0.0,0.0,0.0
2024-05-06,513.75,516.6099853515625,513.2999877929688,516.5700073242188,503.0010681152344,47264700,0.0,0.0,0.0
2024-05-07,517.5599975585938,518.5700073242188,516.4500122070312,517.1400146484375,503.5561828613281,52561300,0.0,0.0,0.0
2024-05-08,515.260009765625,517.739990234375,515.1400146484375,517.1900024414062,503.604736328125,42047200,0.0,0.0,0.0
2024-05-09,517.3800048828125,520.2100219726562,516.7100219726562,520.1699829101562,506.5064697265625,43643700,0.0,0.0,0.0
2024-05-10,521.8099975585938,522.6400146484375,519.5900268554688,520.8400268554688,507.1589660644531,52233200,0.0,0.0,0.0
2024-05-13,522.5599975585938,522.6699829101562,519.739990234375,520.9099731445312,507.22705078125,36716400,0.0,0.0,0.0
2024-05-14,521.1099853515625,523.8300170898438,520.5599975585938,523.2999877929688,509.55426025390625,57535900,0.0,0.0,0.0
2024-05-15,525.8300170898438,530.0800170898438,525.1799926757812,529.780029296875,515.8641357421875,59504900,0.0,0.0,0.0
2024-05-16,529.8800048828125,531.52001953125,528.5399780273438,528.6900024414062,514.8026733398438,50244800,0.0,0.0,0.0
2024-05-17,528.8099975585938,529.52001953125,527.3200073242188,529.4500122070312,515.542724609375,59187600,0.0,0.0,0.0
2024-05-20,529.5700073242188,531.5599975585938,529.1699829101562,530.0599975585938,516.1367797851562,37764200,0.0,0.0,0.0
2024-05-21,529.280029296875,531.52001953125,529.0700073242188,531.3599853515625,517.4026489257812,33437000,0.0,0.0,0.0
2024-05-22,530.6500244140625,531.3800048828125,527.5999755859375,529.8300170898438,515.9129028320312,48390000,0.0,0.0,0.0
2024-05-23,532.9600219726562,533.0700073242188,524.719970703125,525.9600219726562,512.1444091796875,57211200,0.0,0.0,0.0
2024-05-24,527.8499755859375,530.27001953125,526.8800048828125,529.4400024414062,515.5330810546875,41291100,0.0,0.0,0.0
2024-05-28,530.27001953125,530.510009765625,527.1099853515625,529.8099975585938,515.8933715820312,36269600,0.0,0.0,0.0
2024-05-29,525.6799926757812,527.3099975585938,525.3699951171875,526.0999755859375,512.2806396484375,45190300,0.0,0.0,0.0
2024-05-30,524.52001953125,525.2000122070312,521.3300170898438,522.6099853515625,508.8824157714844,46377600,0.0,0.0,0.0
2024-05-31,523.5900268554688,527.5,518.3599853515625,527.3699951171875,513.5173950195312,90785800,0.0,0.0,0.0
2024-06-03,529.02001953125,529.3099975585938,522.5999755859375,527.7999877929688,513.9360961914062,46835700,0.0,0.0,0.0
2024-06-04,526.4600219726562,529.1500244140625,524.9600219726562,528.3900146484375,514.5106201171875,34632700,0.0,0.0,0.0
2024-06-05,530.77001953125,534.6900024414062,528.72998046875,534.6699829101562,520.6256103515625,47610400,0.0,0.0,0.0
2024-06-06,534.97998046875,535.4199829101562,532.6799926757812,534.6599731445312,520.6159057617188,30808500,0.0,0.0,0.0
2024-06-07,533.6599731445312,536.8900146484375,532.5399780273438,534.010009765625,519.9829711914062,43224500,0.0,0.0,0.0
2024-06-10,533.1799926757812,535.989990234375,532.5700073242188,535.6599731445312,521.589599609375,35686100,0.0,0.0,0.0
2024-06-11,534.0700073242188,537.010009765625,532.0499877929688,536.9500122070312,522.8458862304688,36383400,0.0,0.0,0.0
2024-06-12,541.6300048828125,544.1199951171875,540.2999877929688,541.3599853515625,527.139892578125,63251300,0.0,0.0,0.0
2024-06-13,543.1500244140625,543.3300170898438,539.5900268554688,542.4500122070312,528.2012939453125,44760900,0.0,0.0,0.0
2024-06-14,540.8800048828125,542.8099975585938,539.8499755859375,542.780029296875,528.5226440429688,40089900,0.0,0.0,0.0
2024-06-17,542.0800170898438,548.530029296875,541.6099853515625,547.0999755859375,532.7291259765625,55839500,0.0,0.0,0.0
2024-06-18,547.1599731445312,548.6199951171875,546.72998046875,548.489990234375,534.08251953125,41376400,0.0,0.0,0.0
2024-06-20,549.4400024414062,550.1199951171875,545.1799926757812,547.0,532.6317749023438,70328200,0.0,0.0,0.0
2024-06-21,544.4000244140625,545.6500244140625,543.02001953125,544.510009765625,531.9176635742188,64338600,1.759,0.0,0.0
2024-06-24,544.3300170898438,546.9500122070312,542.6199951171875,542.739990234375,530.1885986328125,45528700,0.0,0.0,0.0
2024-06-25,543.989990234375,545.2000122070312,542.4400024414062,544.8300170898438,532.2303466796875,37936200,0.0,0.0,0.0
2024-06-26,543.6900024414062,546.239990234375,543.030029296875,545.510009765625,532.8945922851562,38550600,0.0,0.0,0.0
2024-06-27,545.3699951171875,546.9600219726562,544.6099853515625,546.3699951171875,533.7345581054688,35041500,0.0,0.0,0.0
2024-06-28,547.1599731445312,550.280029296875,542.9500122070312,544.219970703125,531.6343383789062,76144500,0.0,0.0,0.0
2024-07-01,545.6300048828125,545.8800048828125,542.52001953125,545.3400268554688,532.728515625,40297800,0.0,0.0,0.0
2024-07-02,543.7000122070312,549.010009765625,543.6500244140625,549.010009765625,536.3136596679688,40434800,0.0,0.0,0.0
2024-07-03,548.6900024414062,551.8300170898438,548.6500244140625,551.4600219726562,538.7069702148438,32789900,0.0,0.0,0.0
2024-07-05,551.77001953125,555.0499877929688,551.1199951171875,554.6400146484375,541.8134155273438,41488400,0.0,0.0,0.0
2024-07-08,555.4400024414062,556.25,554.1900024414062,555.280029296875,542.4386596679688,36110500,0.0,0.0,0.0
2024-07-09,556.260009765625,557.1799926757812,555.52001953125,555.8200073242188,542.9661865234375,27289700,0.0,0.0,0.0
2024-07-10,557.0700073242188,561.6699829101562,556.77001953125,561.3200073242188,548.3389282226562,38701200,0.0,0.0,0.0
2024-07-11,561.4400024414062,562.3300170898438,555.8300170898438,556.47998046875,543.61083984375,53054200,0.0,0.0,0.0
2024-07-12,557.6300048828125,563.6699829101562,557.1500244140625,559.989990234375,547.0396728515625,53084400,0.0,0.0,0.0
2024-07-15,562.030029296875,564.8400268554688,559.6300048828125,561.530029296875,548.5441284179688,40584300,0.0,0.0,0.0
2024-07-16,562.8699951171875,565.1599731445312,562.0999755859375,564.8599853515625,551.7970581054688,36475300,0.0,0.0,0.0
2024-07-17,558.7999877929688,560.510009765625,556.6099853515625,556.9400024414062,544.0601806640625,57119000,0.0,0.0,0.0
2024-07-18,558.510009765625,559.52001953125,550.4299926757812,552.6599731445312,539.8790893554688,56270400,0.0,0.0,0.0
2024-07-19,552.4199829101562,554.0800170898438,547.9099731445312,548.989990234375,536.2941284179688,65509100,0.0,0.0,0.0
2024-07-22,553.0,555.27001953125,551.02001953125,554.6500244140625,541.8232421875,43346700,0.0,0.0,0.0
2024-07-23,554.5399780273438,556.739990234375,553.280029296875,553.780029296875,540.9732666015625,34439600,0.0,0.0,0.0
2024-07-24,548.8599853515625,549.1699829101562,540.2899780273438,541.22998046875,528.7135009765625,74515300,0.0,0.0,0.0
2024-07-25,541.3499755859375,547.4600219726562,537.4500122070312,538.4099731445312,525.958740234375,61158300,0.0,0.0,0.0
2024-07-26,542.280029296875,547.1900024414062,541.489990234375,544.4400024414062,531.8493041992188,53763800,0.0,0.0,0.0
2024-07-29,546.02001953125,547.0499877929688,542.719970703125,544.760009765625,532.1619262695312,39515800,0.0,0.0,0.0
2024-07-30,546.260009765625,547.3400268554688,538.52001953125,542.0,529.4656982421875,46853600,0.0,0.0,0.0
2024-07-31,548.97998046875,553.5,547.5800170898438,550.8099975585938,538.072021484375,65663400,0.0,0.0,0.0
2024-08-01,552.5700073242188,554.8699951171875,539.4299926757812,543.010009765625,530.4523315429688,76428700,0.0,0.0,0.0
2024-08-02,535.75,536.989990234375,528.5999755859375,532.9000244140625,520.5762329101562,82789100,0.0,0.0,0.0
2024-08-05,511.6400146484375,523.5800170898438,510.2699890136719,517.3800048828125,505.4151306152344,146267400,0.0,0.0,0.0
2024-08-06,519.219970703125,529.75,517.8699951171875,522.1500244140625,510.0747985839844,84826300,0.0,0.0,0.0
2024-08-07,528.469970703125,531.5900268554688,518.0499877929688,518.6599731445312,506.6654357910156,70698300,0.0,0.0,0.0
2024-08-08,523.9099731445312,531.2899780273438,521.8400268554688,530.6500244140625,518.3781127929688,63276600,0.0,0.0,0.0
2024-08-09,529.8099975585938,534.510009765625,528.5599975585938,532.989990234375,520.6641235351562,45619600,0.0,0.0,0.0
2024-08-12,534.2100219726562,535.72998046875,530.9500122070312,533.27001953125,520.9376831054688,42542100,0.0,0.0,0.0
2024-08-13,536.530029296875,542.280029296875,536.280029296875,542.0399780273438,529.5046997070312,52333100,0.0,0.0,0.0
2024-08-14,542.8499755859375,544.9600219726562,540.1199951171875,543.75,531.17529296875,42446900,0.0,0.0,0.0
2024-08-15,549.5,553.3599853515625,548.8800048828125,553.0700073242188,540.27978515625,60846800,0.0,0.0,0.0
2024-08-16,551.4199829101562,555.02001953125,551.260009765625,554.3099975585938,541.4911499023438,44430700,0.0,0.0,0.0
2024-08-19,554.72998046875,559.6099853515625,553.8599853515625,559.6099853515625,546.6685180664062,39121800,0.0,0.0,0.0
2024-08-20,559.1500244140625,560.8400268554688,557.3300170898438,558.7000122070312,545.779541015625,33732300,0.0,0.0,0.0
2024-08-21,559.77001953125,562.1099853515625,554.72998046875,560.6199951171875,547.6551513671875,41514600,0.0,0.0,0.0
2024-08-22,562.5599975585938,563.1799926757812,554.97998046875,556.219970703125,543.3568725585938,56121500,0.0,0.0,0.0
2024-08-23,559.530029296875,563.0900268554688,557.2899780273438,562.1300048828125,549.1301879882812,50639400,0.0,0.0,0.0
2024-08-26,563.1799926757812,563.9099731445312,559.0499877929688,560.7899780273438,547.8212280273438,35788600,0.0,0.0,0.0
2024-08-27,559.489990234375,562.0599975585938,558.3200073242188,561.5599975585938,548.5733642578125,32693900,0.0,0.0,0.0
2024-08-28,561.2100219726562,561.6500244140625,555.0399780273438,558.2999877929688,545.3887939453125,41066000,0.0,0.0,0.0
2024-08-29,560.3099975585938,563.6799926757812,557.1799926757812,558.3499755859375,545.4375610351562,38715200,0.0,0.0,0.0
2024-08-30,560.77001953125,564.2000122070312,557.1400146484375,563.6799926757812,550.6443481445312,62700100,0.0,0.0,0.0
2024-09-03,560.469970703125,560.8099975585938,549.510009765625,552.0800170898438,539.3126220703125,60600100,0.0,0.0,0.0
2024-09-04,550.2000122070312,554.4299926757812,549.4600219726562,550.9500122070312,538.208740234375,47224900,0.0,0.0,0.0
2024-09-05,550.8900146484375,553.7999877929688,547.0999755859375,549.6099853515625,536.899658203125,44264300,0.0,0.0,0.0
2024-09-06,549.9400024414062,551.5999755859375,539.4400024414062,540.3599853515625,527.8636474609375,68493800,0.0,0.0,0.0
2024-09-09,544.6500244140625,547.7100219726562,542.6799926757812,546.4099731445312,533.773681640625,40445800,0.0,0.0,0.0
2024-09-10,548.3599853515625,549.1500244140625,543.3800048828125,548.7899780273438,536.0986938476562,36394600,0.0,0.0,0.0
2024-09-11,548.7000122070312,555.3599853515625,539.9600219726562,554.4199829101562,541.5984497070312,75248600,0.0,0.0,0.0
2024-09-12,555.010009765625,559.4000244140625,552.739990234375,559.0900268554688,546.1605224609375,51819600,0.0,0.0,0.0
2024-09-13,559.7100219726562,563.030029296875,559.4500122070312,562.010009765625,549.0130004882812,39310500,0.0,0.0,0.0
2024-09-16,561.739990234375,563.1099853515625,559.9000244140625,562.8400268554688,549.8237915039062,36656100,0.0,0.0,0.0
2024-09-17,565.0999755859375,566.5800170898438,560.7899780273438,563.0700073242188,550.0485229492188,49321000,0.0,0.0,0.0
2024-09-18,563.739990234375,568.6900024414062,560.8300170898438,561.4000244140625,548.4170532226562,59044900,0.0,0.0,0.0
2024-09-19,571.010009765625,572.8800048828125,568.0800170898438,570.97998046875,557.7755737304688,75315500,0.0,0.0,0.0
2024-09-20,567.8400268554688,569.3099975585938,565.1699829101562,568.25,556.8114013671875,77503100,1.746,0.0,0.0
2024-09-23,569.3400268554688,570.3300170898438,568.0999755859375,569.6699829101562,558.2028198242188,44116900,0.0,0.0,0.0
2024-09-24,570.47998046875,571.3599853515625,567.5999755859375,571.2999877929688,559.7999267578125,46805700,0.0,0.0,0.0
2024-09-25,571.1400146484375,571.8900146484375,568.9099731445312,570.0399780273438,558.5653076171875,38428600,0.0,0.0,0.0
2024-09-26,574.3800048828125,574.7100219726562,569.9000244140625,572.2999877929688,560.7798461914062,48336000,0.0,0.0,0.0
2024-09-27,573.3900146484375,574.219970703125,570.4199829101562,571.469970703125,559.966552734375,42100900,0.0,0.0,0.0
2024-09-30,570.4199829101562,574.3800048828125,568.0800170898438,573.760009765625,562.2103881835938,63557400,0.0,0.0,0.0
2024-10-01,573.4000244140625,574.0599975585938,566.0,568.6199951171875,557.1739501953125,72668800,0.0,0.0,0.0
2024-10-02,567.7100219726562,569.9000244140625,565.27001953125,568.8599853515625,557.4089965820312,38097800,0.0,0.0,0.0
2024-10-03,567.3599853515625,569.7999877929688,565.489990234375,567.8200073242188,556.3900146484375,40846500,0.0,0.0,0.0
2024-10-04,572.3499755859375,573.3599853515625,568.0999755859375,572.97998046875,561.4461669921875,42939100,0.0,0.0,0.0
2024-10-07,571.2999877929688,571.9600219726562,566.6300048828125,567.7999877929688,556.370361328125,49964700,0.0,0.0,0.0
2024-10-08,570.4199829101562,573.780029296875,569.530029296875,573.1699829101562,561.6322631835938,37398700,0.0,0.0,0.0
2024-10-09,573.1599731445312,577.7100219726562,572.5499877929688,577.1400146484375,565.5223999023438,37912200,0.0,0.0,0.0
2024-10-10,575.77001953125,577.5800170898438,574.489990234375,576.1300048828125,564.53271484375,44138100,0.0,0.0,0.0
2024-10-11,576.0499877929688,580.3300170898438,575.9099731445312,579.5800170898438,567.913330078125,42268000,0.0,0.0,0.0
2024-10-14,581.219970703125,585.27001953125,580.72998046875,584.3200073242188,572.5578002929688,36217200,0.0,0.0,0.0
2024-10-15,584.5900268554688,584.9000244140625,578.5399780273438,579.780029296875,568.1093139648438,54203600,0.0,0.0,0.0
2024-10-16,579.780029296875,582.8300170898438,578.9600219726562,582.2999877929688,570.5785522460938,30725400,0.0,0.0,0.0
2024-10-17,585.9099731445312,586.1199951171875,582.1599731445312,582.3499755859375,570.6275024414062,34393700,0.0,0.0,0.0
2024-10-18,584.0700073242188,585.3900146484375,582.5800170898438,584.5900268554688,572.8224487304688,37416800,0.0,0.0,0.0
2024-10-21,583.8499755859375,584.8499755859375,580.5999755859375,583.6300048828125,571.8817749023438,36439000,0.0,0.0,0.0
2024-10-22,581.0499877929688,584.5,580.3800048828125,583.3200073242188,571.5780029296875,34183800,0.0,0.0,0.0
2024-10-23,581.260009765625,581.7100219726562,574.4199829101562,577.989990234375,566.355224609375,49314600,0.0,0.0,0.0
2024-10-24,579.97998046875,580.0599975585938,576.5700073242188,579.239990234375,567.5801391601562,34979900,0.0,0.0,0.0
2024-10-25,581.510009765625,584.4600219726562,578.0800170898438,579.0399780273438,567.3841552734375,47268200,0.0,0.0,0.0
2024-10-28,582.5800170898438,582.7100219726562,580.52001953125,580.8300170898438,569.1381225585938,30174700,0.0,0.0,0.0
2024-10-29,579.8499755859375,582.9099731445312,578.4299926757812,581.77001953125,570.0592651367188,42899700,0.0,0.0,0.0
2024-10-30,581.2899780273438,583.3200073242188,579.2899780273438,580.010009765625,568.3345947265625,41435800,0.0,0.0,0.0
2024-10-31,575.5599975585938,575.6300048828125,568.4400024414062,568.6400146484375,557.1935424804688,60182500,0.0,0.0,0.0
2024-11-01,571.3200073242188,575.5499877929688,570.6199951171875,571.0399780273438,559.5452270507812,45667500,0.0,0.0,0.0
2024-11-04,571.1799926757812,572.5,567.8900146484375,569.8099975585938,558.3399047851562,38217000,0.0,0.0,0.0
2024-11-05,570.739990234375,576.739990234375,570.52001953125,576.7000122070312,565.0911865234375,39478300,0.0,0.0,0.0
2024-11-06,589.2000122070312,591.9299926757812,585.3900146484375,591.0399780273438,579.1426391601562,68182000,0.0,0.0,0.0
2024-11-07,593.0800170898438,596.6500244140625,593.0,595.6099853515625,583.6205444335938,47233200,0.0,0.0,0.0
2024-11-08,596.1699829101562,599.6400146484375,596.1699829101562,598.1900024414062,586.148681640625,46444900,0.0,0.0,0.0
2024-11-11,599.8099975585938,600.1699829101562,597.0,598.760009765625,586.7071533203125,37586800,0.0,0.0,0.0
2024-11-12,598.6799926757812,599.2899780273438,594.3699951171875,596.9000244140625,584.8847045898438,43006100,0.0,0.0,0.0
2024-11-13,597.3699951171875,599.22998046875,594.9600219726562,597.1900024414062,585.1687622070312,47388600,0.0,0.0,0.0
2024-11-14,597.3200073242188,597.8099975585938,592.6500244140625,593.3499755859375,581.4061279296875,38904100,0.0,0.0,0.0
2024-11-15,589.719970703125,590.2000122070312,583.8599853515625,585.75,573.9590454101562,75988800,0.0,0.0,0.0
2024-11-18,586.219970703125,589.489990234375,585.3400268554688,588.1500244140625,576.310791015625,37001700,0.0,0.0,0.0
2024-11-19,584.7100219726562,591.0399780273438,584.030029296875,590.2999877929688,578.41748046875,49412000,0.0,0.0,0.0
2024-11-20,590.3800048828125,590.7899780273438,584.6300048828125,590.5,578.613525390625,50032600,0.0,0.0,0.0
2024-11-21,593.4000244140625,595.1199951171875,587.4500122070312,593.6699829101562,581.7196044921875,46750300,0.0,0.0,0.0
2024-11-22,593.6599731445312,596.1500244140625,593.1500244140625,595.510009765625,583.5225830078125,38226400,0.0,0.0,0.0
2024-11-25,599.52001953125,600.8599853515625,595.2000122070312,597.530029296875,585.5020751953125,42441400,0.0,0.0,0.0
2024-11-26,598.7999877929688,601.3300170898438,598.0700073242188,600.6500244140625,588.5592041015625,45621300,0.0,0.0,0.0
2024-11-27,600.4600219726562,600.8499755859375,597.280029296875,598.8300170898438,586.7758178710938,34000200,0.0,0.0,0.0
2024-11-29,599.6599731445312,603.3499755859375,599.3800048828125,602.5499877929688,590.4208984375,30177400,0.0,0.0,0.0
2024-12-02,602.969970703125,604.3200073242188,602.469970703125,603.6300048828125,591.479248046875,31746000,0.0,0.0,0.0
2024-12-03,603.3900146484375,604.1599731445312,602.3400268554688,603.9099731445312,591.7534790039062,26906600,0.0,0.0,0.0
2024-12-04,605.6300048828125,607.9099731445312,604.9500122070312,607.6599731445312,595.4279174804688,42787600,0.0,0.0,0.0
2024-12-05,607.6599731445312,608.47998046875,606.2999877929688,606.6599731445312,594.4481201171875,28762200,0.0,0.0,0.0
2024-12-06,607.4400024414062,609.0700073242188,607.02001953125,607.8099975585938,595.5750122070312,31241500,0.0,0.0,0.0
2024-12-09,607.6900024414062,607.8599853515625,604.0800170898438,604.6799926757812,592.5079956054688,34742700,0.0,0.0,0.0
2024-12-10,605.3699951171875,605.7999877929688,602.1300048828125,602.7999877929688,590.6658935546875,37234500,0.0,0.0,0.0
2024-12-11,605.780029296875,608.4299926757812,605.5,607.4600219726562,595.2321166992188,28677700,0.0,0.0,0.0
2024-12-12,606.5800170898438,607.1599731445312,604.3300170898438,604.3300170898438,592.1650390625,31543800,0.0,0.0,0.0
2024-12-13,606.4000244140625,607.1300048828125,602.8099975585938,604.2100219726562,592.0474853515625,35904700,0.0,0.0,0.0
2024-12-16,606.0,607.780029296875,605.2100219726562,606.7899780273438,594.5755004882812,43695200,0.0,0.0,0.0
2024-12-17,604.1900024414062,605.1699829101562,602.8900146484375,604.2899780273438,592.1258544921875,55773500,0.0,0.0,0.0
2024-12-18,603.97998046875,606.4099731445312,585.8900146484375,586.280029296875,574.478515625,108248700,0.0,0.0,0.0
2024-12-19,591.3599853515625,593.0,585.8499755859375,586.0999755859375,574.3019409179688,85919500,0.0,0.0,0.0
2024-12-20,581.77001953125,595.75,580.9099731445312,591.1500244140625,581.199951171875,125716700,1.966,0.0,0.0
2024-12-23,590.8900146484375,595.2999877929688,587.6599731445312,594.6900024414062,584.680419921875,57635800,0.0,0.0,0.0
2024-12-24,596.0599975585938,601.3400268554688,595.469970703125,601.2999877929688,591.1790771484375,33160100,0.0,0.0,0.0
2024-12-26,599.5,602.47998046875,598.0800170898438,601.3400268554688,591.218505859375,41219100,0.0,0.0,0.0
2024-12-27,597.5399780273438,597.780029296875,590.760009765625,595.010009765625,584.9949951171875,64969300,0.0,0.0,0.0
2024-12-30,587.8900146484375,591.739990234375,584.4099731445312,588.219970703125,578.3192749023438,56578800,0.0,0.0,0.0
2024-12-31,589.9099731445312,590.6400146484375,584.4199829101562,586.0800170898438,576.2152709960938,57052700,0.0,0.0,0.0
2025-01-02,589.3900146484375,591.1300048828125,580.5,584.6400146484375,574.7994995117188,50204000,0.0,0.0,0.0
2025-01-03,587.530029296875,592.5999755859375,586.4299926757812,591.9500122070312,581.9864501953125,37888500,0.0,0.0,0.0
2025-01-06,596.27001953125,599.7000122070312,593.5999755859375,595.3599853515625,585.3390502929688,47679400,0.0,0.0,0.0
2025-01-07,597.4199829101562,597.75,586.780029296875,588.6300048828125,578.722412109375,60393100,0.0,0.0,0.0
2025-01-08,588.7000122070312,590.5800170898438,585.2000122070312,589.489990234375,579.5679321289062,47304700,0.0,0.0,0.0
2025-01-10,585.8800048828125,585.9500122070312,578.5499877929688,580.489990234375,570.7193603515625,73105000,0.0,0.0,0.0
2025-01-13,575.77001953125,581.75,575.3499755859375,581.3900146484375,571.604248046875,47910100,0.0,0.0,0.0
2025-01-14,584.3599853515625,585.0,578.3499755859375,582.1900024414062,572.3906860351562,48420600,0.0,0.0,0.0
2025-01-15,590.3300170898438,593.9400024414062,589.2000122070312,592.780029296875,582.8024291992188,56900200,0.0,0.0,0.0
2025-01-16,594.1699829101562,594.3499755859375,590.9299926757812,591.6400146484375,581.6817016601562,43319700,0.0,0.0,0.0
2025-01-17,596.9600219726562,599.3599853515625,595.6099853515625,597.5800170898438,587.5216674804688,58070600,0.0,0.0,0.0
2025-01-21,600.6699829101562,603.0599975585938,598.6699829101562,603.0499877929688,592.8995971679688,42532900,0.0,0.0,0.0
2025-01-22,605.9199829101562,607.8200073242188,605.3599853515625,606.4400024414062,596.2324829101562,48196000,0.0,0.0,0.0
2025-01-23,605.7999877929688,609.75,605.52001953125,609.75,599.48681640625,41152100,0.0,0.0,0.0
2025-01-24,609.8099975585938,610.780029296875,606.7999877929688,607.969970703125,597.7367553710938,34604700,0.0,0.0,0.0
2025-01-27,594.8099975585938,599.6900024414062,594.6400146484375,599.3699951171875,589.2816162109375,70361100,0.0,0.0,0.0
2025-01-28,600.6199951171875,605.3699951171875,597.25,604.52001953125,594.3449096679688,44433300,0.0,0.0,0.0
2025-01-29,603.719970703125,604.1300048828125,599.219970703125,601.8099975585938,591.6804809570312,37177400,0.0,0.0,0.0
2025-01-30,603.9600219726562,606.5999755859375,600.719970703125,605.0399780273438,594.856201171875,39281300,0.0,0.0,0.0
2025-01-31,607.5,609.9600219726562,601.0499877929688,601.8200073242188,591.6903076171875,66566900,0.0,0.0,0.0
2025-02-03,592.6699829101562,600.2899780273438,590.489990234375,597.77001953125,587.70849609375,65857200,0.0,0.0,0.0
2025-02-04,597.8300170898438,602.2999877929688,597.280029296875,601.780029296875,591.6510009765625,33457800,0.0,0.0,0.0
2025-02-05,600.6400146484375,604.3699951171875,598.5800170898438,604.219970703125,594.0498657226562,30653100,0.0,0.0,0.0
2025-02-06,605.989990234375,606.4500122070312,602.6300048828125,606.3200073242188,596.1145629882812,35771500,0.0,0.0,0.0
2025-02-07,606.8900146484375,608.1300048828125,600.0499877929688,600.77001953125,590.6580200195312,50788500,0.0,0.0,0.0
2025-02-10,604.030029296875,605.5,602.739990234375,604.8499755859375,594.6693115234375,26048700,0.0,0.0,0.0
2025-02-11,602.5499877929688,605.8599853515625,602.4299926757812,605.3099975585938,595.1216430664062,30056700,0.0,0.0,0.0
2025-02-12,599.2000122070312,604.5499877929688,598.510009765625,603.3599853515625,593.2044067382812,45076100,0.0,0.0,0.0
2025-02-13,604.47998046875,609.9400024414062,603.2000122070312,609.72998046875,599.4671630859375,40921300,0.0,0.0,0.0
2025-02-14,609.9400024414062,610.989990234375,609.0700073242188,609.7000122070312,599.4376831054688,26910400,0.0,0.0,0.0
2025-02-18,610.8800048828125,611.489990234375,608.3800048828125,611.489990234375,601.197509765625,26749000,0.0,0.0,0.0
2025-02-19,610.0800170898438,613.22998046875,609.5599975585938,612.9299926757812,602.6133422851562,31011100,0.0,0.0,0.0
2025-02-20,611.5399780273438,611.6799926757812,607.02001953125,610.3800048828125,600.1062622070312,36554000,0.0,0.0,0.0
2025-02-21,610.1599731445312,610.2999877929688,599.469970703125,599.9400024414062,589.842041015625,76519800,0.0,0.0,0.0
2025-02-24,602.02001953125,603.030029296875,596.489990234375,597.2100219726562,587.1578979492188,50737200,0.0,0.0,0.0
2025-02-25,597.1500244140625,597.8900146484375,589.5599975585938,594.239990234375,584.2379150390625,58266500,0.0,0.0,0.0
2025-02-26,595.9299926757812,599.5800170898438,591.8599853515625,594.5399780273438,584.5328369140625,43321600,0.0,0.0,0.0
2025-02-27,596.8499755859375,598.02001953125,584.6500244140625,585.0499877929688,575.2025146484375,74196700,0.0,0.0,0.0
2025-02-28,585.5599975585938,594.719970703125,582.4400024414062,594.1799926757812,584.178955078125,88744100,0.0,0.0,0.0
2025-03-03,596.1799926757812,597.3400268554688,579.9000244140625,583.77001953125,573.9441528320312,74249200,0.0,0.0,0.0
2025-03-04,579.7100219726562,585.3900146484375,572.25,576.8599853515625,567.1504516601562,109648200,0.0,0.0,0.0
2025-03-05,576.6900024414062,584.8800048828125,573.0800170898438,583.0599975585938,573.24609375,71230500,0.0,0.0,0.0
2025-03-06,575.47998046875,580.1699829101562,570.1199951171875,572.7100219726562,563.0703125,80094900,0.0,0.0,0.0
2025-03-07,570.9000244140625,577.3900146484375,565.6300048828125,575.9199829101562,566.2261962890625,81158800,0.0,0.0,0.0
2025-03-10,567.5900268554688,569.5399780273438,555.5900268554688,560.5800170898438,551.1444702148438,99326600,0.0,0.0,0.0
2025-03-11,559.4000244140625,564.02001953125,552.02001953125,555.9199829101562,546.5628662109375,88102100,0.0,0.0,0.0
2025-03-12,562.1699829101562,563.1099853515625,553.6900024414062,558.8699951171875,549.4633178710938,69588200,0.0,0.0,0.0
2025-03-13,558.489990234375,559.1099853515625,549.6799926757812,551.4199829101562,542.138671875,74079400,0.0,0.0,0.0
2025-03-14,556.1099853515625,563.8300170898438,551.489990234375,562.8099975585938,553.3369750976562,62660300,0.0,0.0,0.0
2025-03-17,562.7899780273438,569.7100219726562,562.3499755859375,567.1500244140625,557.6039428710938,49008700,0.0,0.0,0.0
2025-03-18,564.7999877929688,565.02001953125,559.0599975585938,561.02001953125,551.5770263671875,66041400,0.0,0.0,0.0
2025-03-19,562.8300170898438,570.9500122070312,561.6300048828125,567.1300048828125,557.5842895507812,66556000,0.0,0.0,0.0
2025-03-20,563.3300170898438,570.5700073242188,562.5999755859375,565.489990234375,555.9718017578125,62958200,0.0,0.0,0.0
2025-03-21,559.280029296875,564.8900146484375,558.030029296875,563.97998046875,556.1553344726562,83763000,1.696,0.0,0.0
2025-03-24,570.7999877929688,575.1500244140625,570.2000122070312,574.0800170898438,566.1151733398438,58766800,0.0,0.0,0.0
2025-03-25,575.2999877929688,576.4099731445312,573.6900024414062,575.4600219726562,567.4760131835938,38355700,0.0,0.0,0.0
2025-03-26,575.1900024414062,576.3300170898438,567.1900024414062,568.5900268554688,560.7013549804688,51848300,0.0,0.0,0.0
2025-03-27,567.1799926757812,570.9000244140625,564.9400024414062,567.0800170898438,559.2123413085938,42164200,0.0,0.0,0.0
2025-03-28,565.530029296875,566.27001953125,555.0700073242188,555.6599731445312,547.95068359375,71662700,0.0,0.0,0.0
2025-03-31,549.8300170898438,560.7100219726562,546.8699951171875,559.3900146484375,551.6289672851562,95328200,0.0,0.0,0.0
2025-04-01,557.4500122070312,562.9400024414062,553.6799926757812,560.969970703125,553.18701171875,54609600,0.0,0.0,0.0
2025-04-02,555.0499877929688,567.4199829101562,554.8099975585938,564.52001953125,556.6878051757812,76014500,0.0,0.0,0.0
2025-04-03,545.1099853515625,547.969970703125,536.7000122070312,536.7000122070312,529.2537231445312,125986000,0.0,0.0,0.0
2025-04-04,523.6699829101562,525.8699951171875,505.05999755859375,505.2799987792969,498.26971435546875,217965100,0.0,0.0,0.0
2025-04-07,489.19000244140625,523.1699829101562,481.79998779296875,504.3800048828125,497.3821716308594,256611400,0.0,0.0,0.0
2025-04-08,521.8599853515625,524.97998046875,489.1600036621094,496.4800109863281,489.591796875,165816600,0.0,0.0,0.0
2025-04-09,493.44000244140625,548.6199951171875,493.04998779296875,548.6199951171875,541.0084228515625,241867300,0.0,0.0,0.0
2025-04-10,532.1699829101562,533.5,509.32000732421875,524.5800170898438,517.3018798828125,162331200,0.0,0.0,0.0
2025-04-11,523.010009765625,536.4299926757812,520.0700073242188,533.9400024414062,526.531982421875,97866300,0.0,0.0,0.0
2025-04-14,544.0499877929688,544.280029296875,533.8599853515625,539.1199951171875,531.64013671875,68034000,0.0,0.0,0.0
2025-04-15,539.6699829101562,543.22998046875,536.8099975585938,537.6099853515625,530.151123046875,56892900,0.0,0.0,0.0
2025-04-16,531.6799926757812,537.8900146484375,520.2899780273438,525.6599731445312,518.366943359375,83484800,0.0,0.0,0.0
2025-04-17,527.6400146484375,531.1699829101562,523.9099731445312,526.4099731445312,519.1064453125,79868100,0.0,0.0,0.0
2025-04-21,521.1599731445312,521.7000122070312,508.4599914550781,513.8800048828125,506.7503356933594,69368100,0.0,0.0,0.0
2025-04-22,520.1400146484375,529.2999877929688,519.1900024414062,527.25,519.9349365234375,75948100,0.0,0.0,0.0
2025-04-23,540.4299926757812,545.4299926757812,533.8800048828125,535.4199829101562,527.991455078125,90590700,0.0,0.0,0.0
2025-04-24,536.719970703125,547.4299926757812,535.4500122070312,546.6900024414062,539.1051635742188,64150400,0.0,0.0,0.0
2025-04-25,546.6500244140625,551.0499877929688,543.6900024414062,550.6400146484375,543.0003662109375,61119600,0.0,0.0,0.0
2025-04-28,551.3900146484375,553.5499877929688,545.02001953125,550.8499755859375,543.2074584960938,47613800,0.0,0.0,0.0
2025-04-29,548.9099731445312,555.4500122070312,548.5499877929688,554.3200073242188,546.6292724609375,47775100,0.0,0.0,0.0
2025-04-30,547.5700073242188,556.52001953125,541.52001953125,554.5399780273438,546.8462524414062,93101500,0.0,0.0,0.0
2025-05-01,560.3699951171875,564.0700073242188,557.8599853515625,558.469970703125,550.7216796875,63186100,0.0,0.0,0.0
2025-05-02,564.72998046875,568.3800048828125,562.3800048828125,566.760009765625,558.8966674804688,60717300,0.0,0.0,0.0
2025-05-05,562.5700073242188,566.6500244140625,561.7000122070312,563.510009765625,555.6918334960938,38659200,0.0,0.0,0.0
2025-05-06,557.9299926757812,563.3499755859375,556.9600219726562,558.7999877929688,551.047119140625,48264700,0.0,0.0,0.0
2025-05-07,560.1500244140625,563.8200073242188,556.0399780273438,561.1500244140625,553.3645629882812,55588000,0.0,0.0,0.0
2025-05-08,565.239990234375,570.3099975585938,561.7000122070312,565.0599975585938,557.2202758789062,65130800,0.0,0.0,0.0
2025-05-09,566.47998046875,567.5,562.760009765625,564.3400268554688,556.5103149414062,37603400,0.0,0.0,0.0
2025-05-12,581.469970703125,583.0,577.0399780273438,582.989990234375,574.9015502929688,78993600,0.0,0.0,0.0
2025-05-13,583.4099731445312,589.0800170898438,582.8400268554688,586.8400268554688,578.6982421875,67947200,0.0,0.0,0.0
2025-05-14,587.8099975585938,588.97998046875,585.5399780273438,587.5900268554688,579.437744140625,66283500,0.0,0.0,0.0
2025-05-15,585.5599975585938,590.969970703125,585.0999755859375,590.4600219726562,582.2678833007812,71268100,0.0,0.0,0.0
2025-05-16,591.25,594.5,589.280029296875,594.2000122070312,585.9559936523438,76052100,0.0,0.0,0.0
2025-05-19,588.0999755859375,595.5399780273438,588.0999755859375,594.8499755859375,586.596923828125,68168500,0.0,0.0,0.0
2025-05-20,593.0900268554688,594.0499877929688,589.5999755859375,592.8499755859375,584.6246948242188,60614500,0.0,0.0,0.0
2025-05-21,588.4400024414062,592.5800170898438,581.8200073242188,582.8599853515625,574.7733154296875,95197700,0.0,0.0,0.0
2025-05-22,582.6599731445312,586.6199951171875,581.4099731445312,583.0900268554688,575.0001831054688,70860400,0.0,0.0,0.0
2025-05-23,575.97998046875,581.8099975585938,575.5999755859375,579.1099853515625,571.0753784179688,76029000,0.0,0.0,0.0
2025-05-27,586.0700073242188,591.3099975585938,578.4299926757812,591.1500244140625,582.9483032226562,72588500,0.0,0.0,0.0
2025-05-28,591.5599975585938,592.77001953125,586.989990234375,587.72998046875,579.5757446289062,68445500,0.0,0.0,0.0
2025-05-29,593.0599975585938,593.2000122070312,586.0700073242188,590.0499877929688,581.8635864257812,69973300,0.0,0.0,0.0
2025-05-30,588.9299926757812,591.1300048828125,583.239990234375,589.3900146484375,581.2127685546875,90601200,0.0,0.0,0.0
2025-06-02,587.760009765625,592.7899780273438,585.0599975585938,592.7100219726562,584.4866943359375,61630500,0.0,0.0,0.0
2025-06-03,592.3400268554688,597.0800170898438,591.8499755859375,596.0900268554688,587.8197631835938,63606200,0.0,0.0,0.0
2025-06-04,596.9600219726562,597.9500122070312,595.489990234375,595.9299926757812,587.6619873046875,57314200,0.0,0.0,0.0
2025-06-05,597.6300048828125,599.0,591.0499877929688,593.0499877929688,584.8218994140625,92278700,0.0,0.0,0.0
2025-06-06,598.6599731445312,600.8300170898438,596.8599853515625,599.1400146484375,590.8275146484375,66588700,0.0,0.0,0.0
2025-06-09,599.719970703125,601.25,598.489990234375,599.6799926757812,591.3599243164062,53016400,0.0,0.0,0.0
2025-06-10,600.219970703125,603.469970703125,599.0900268554688,603.0800170898438,594.7127685546875,66247000,0.0,0.0,0.0
2025-06-11,604.1900024414062,605.0599975585938,599.27001953125,601.3599853515625,593.0167236328125,73658200,0.0,0.0,0.0
2025-06-12,600.010009765625,603.75,599.52001953125,603.75,595.3734741210938,64129000,0.0,0.0,0.0
2025-06-13,598.5,601.8499755859375,595.47998046875,597.0,588.7171020507812,89506000,0.0,0.0,0.0
2025-06-16,600.4000244140625,604.4500122070312,600.219970703125,602.6799926757812,594.318359375,79984100,0.0,0.0,0.0
2025-06-17,600.2100219726562,601.75,596.760009765625,597.530029296875,589.2398681640625,82209400,0.0,0.0,0.0
2025-06-18,598.4400024414062,601.219970703125,596.469970703125,597.4400024414062,589.1510620117188,76605000,0.0,0.0,0.0
2025-06-20,598.3800048828125,599.4600219726562,592.8599853515625,594.280029296875,587.7673950195312,94051400,1.761,0.0,0.0
2025-06-23,595.0399780273438,600.5399780273438,591.8900146484375,600.1500244140625,593.5730590820312,87426000,0.0,0.0,0.0
2025-06-24,604.3300170898438,607.8499755859375,603.4099731445312,606.780029296875,600.1304321289062,67735300,0.0,0.0,0.0
2025-06-25,607.9099731445312,608.6099853515625,605.5399780273438,607.1199951171875,600.4666748046875,62114800,0.0,0.0,0.0
2025-06-26,608.989990234375,612.3099975585938,608.3699951171875,611.8699951171875,605.16455078125,78548400,0.0,0.0,0.0
2025-06-27,612.8800048828125,616.3900146484375,610.8300170898438,614.9099731445312,608.1712646484375,86258400,0.0,0.0,0.0
2025-06-30,617.3800048828125,619.219970703125,615.0399780273438,617.8499755859375,611.0791015625,92502500,0.0,0.0,0.0
2025-07-01,616.3599853515625,618.8300170898438,615.52001953125,617.6500244140625,610.8812866210938,70030100,0.0,0.0,0.0
2025-07-02,617.239990234375,620.489990234375,616.6099853515625,620.4500122070312,613.650634765625,66510400,0.0,0.0,0.0
2025-07-03,622.4500122070312,626.280029296875,622.4299926757812,625.3400268554688,618.4869995117188,51065800,0.0,0.0,0.0
2025-07-07,623.3599853515625,624.030029296875,617.8699951171875,620.6799926757812,613.8780517578125,74814500,0.0,0.0,0.0
2025-07-08,621.3499755859375,622.1099853515625,619.52001953125,620.3400268554688,613.5418090820312,59024600,0.0,0.0,0.0
2025-07-09,622.77001953125,624.719970703125,620.9099731445312,624.0599975585938,617.2210693359375,66113300,0.0,0.0,0.0
2025-07-10,624.2000122070312,626.8699951171875,623.010009765625,625.8200073242188,618.9617309570312,57529000,0.0,0.0,0.0
2025-07-11,622.739990234375,624.8599853515625,621.530029296875,623.6199951171875,616.7858276367188,63670200,0.0,0.0,0.0
2025-07-14,623.1599731445312,625.1599731445312,621.7999877929688,624.8099975585938,617.9628295898438,51898500,0.0,0.0,0.0
2025-07-15,627.52001953125,627.8599853515625,622.0599975585938,622.1400146484375,615.3220825195312,74317300,0.0,0.0,0.0
2025-07-16,623.739990234375,624.72998046875,618.0499877929688,624.219970703125,617.3792724609375,88987500,0.0,0.0,0.0
2025-07-17,624.4000244140625,628.4000244140625,624.1799926757812,628.0399780273438,621.1573486328125,68885700,0.0,0.0,0.0
2025-07-18,629.2999877929688,629.469970703125,626.4600219726562,627.5800170898438,620.7024536132812,65621600,0.0,0.0,0.0
2025-07-21,628.77001953125,631.5399780273438,628.3400268554688,628.77001953125,621.87939453125,63375000,0.0,0.0,0.0
2025-07-22,629.0999755859375,629.72998046875,626.1900024414062,628.8599853515625,621.9683837890625,60046300,0.0,0.0,0.0
2025-07-23,631.5499877929688,634.2100219726562,629.72998046875,634.2100219726562,627.2598266601562,70511000,0.0,0.0,0.0
2025-07-24,634.5999755859375,636.1500244140625,633.989990234375,634.4199829101562,627.4674072265625,71307100,0.0,0.0,0.0
2025-07-25,635.0900268554688,637.5800170898438,634.8400268554688,637.0999755859375,630.1181030273438,56865400,0.0,0.0,0.0
2025-07-28,637.47998046875,638.0399780273438,635.5399780273438,636.9400024414062,629.9598388671875,54917100,0.0,0.0,0.0
2025-07-29,638.3499755859375,638.6699829101562,634.3400268554688,635.260009765625,628.29833984375,60556300,0.0,0.0,0.0
2025-07-30,635.9199829101562,637.6799926757812,631.5399780273438,634.4600219726562,627.5070190429688,80418900,0.0,0.0,0.0
2025-07-31,639.4600219726562,639.8499755859375,630.77001953125,632.0800170898438,625.1531372070312,103385200,0.0,0.0,0.0
2025-08-01,626.2999877929688,626.3400268554688,619.2899780273438,621.719970703125,614.9066772460938,140103600,0.0,0.0,0.0
2025-08-04,625.6699829101562,631.219970703125,625.5800170898438,631.1699829101562,624.2530517578125,73218000,0.0,0.0,0.0
2025-08-05,631.7899780273438,632.6099853515625,627.0399780273438,627.969970703125,621.088134765625,68051400,0.0,0.0,0.0
2025-08-06,629.0499877929688,633.4400024414062,628.1300048828125,632.780029296875,625.845458984375,64357500,0.0,0.0,0.0
2025-08-07,636.239990234375,636.97998046875,629.1099853515625,632.25,625.3212280273438,74205800,0.0,0.0,0.0
2025-08-08,634.0599975585938,637.6500244140625,633.739990234375,637.1799926757812,630.1972045898438,64051600,0.0,0.0,0.0
2025-08-11,637.4600219726562,638.9500122070312,634.6599731445312,635.9199829101562,628.9509887695312,58742300,0.0,0.0,0.0
2025-08-12,638.2899780273438,642.8499755859375,636.7899780273438,642.6900024414062,635.6468505859375,64730800,0.0,0.0,0.0
2025-08-13,644.9099731445312,646.1900024414062,642.6799926757812,644.8900146484375,637.82275390625,60092800,0.0,0.0,0.0
2025-08-14,642.7899780273438,645.6199951171875,642.3400268554688,644.9500122070312,637.882080078125,59327500,0.0,0.0,0.0
2025-08-15,645.989990234375,646.0900268554688,642.52001953125,643.4400024414062,636.388671875,68592500,0.0,0.0,0.0
2025-08-18,642.8599853515625,644.0,642.1799926757812,643.2999877929688,636.2501220703125,43804900,0.0,0.0,0.0
2025-08-19,643.1199951171875,644.1099853515625,638.47998046875,639.8099975585938,632.7984008789062,69750700,0.0,0.0,0.0
2025-08-20,639.4000244140625,639.6599731445312,632.9500122070312,638.1099853515625,631.1170043945312,88890300,0.0,0.0,0.0
2025-08-21,636.280029296875,637.969970703125,633.8099975585938,635.5499877929688,628.5851440429688,54805800,0.0,0.0,0.0
2025-08-22,637.760009765625,646.5,637.25,645.3099975585938,638.2380981445312,84083200,0.0,0.0,0.0
2025-08-25,644.0399780273438,645.2899780273438,642.3499755859375,642.469970703125,635.4292602539062,51274300,0.0,0.0,0.0
2025-08-26,642.2000122070312,645.510009765625,641.5700073242188,645.1599731445312,638.0897216796875,51581600,0.0,0.0,0.0
2025-08-27,644.5700073242188,647.3699951171875,644.4199829101562,646.6300048828125,639.543701171875,48341100,0.0,0.0,0.0
2025-08-28,647.239990234375,649.47998046875,645.3400268554688,648.9199829101562,641.8085327148438,61519500,0.0,0.0,0.0
2025-08-29,647.469970703125,647.8400268554688,643.1400146484375,645.0499877929688,637.9810180664062,74522200,0.0,0.0,0.0
2025-09-02,637.5,640.489990234375,634.9199829101562,640.27001953125,633.2533569335938,81983500,0.0,0.0,0.0
2025-09-03,642.6699829101562,644.2100219726562,640.4600219726562,643.739990234375,636.6853637695312,70820900,0.0,0.0,0.0
2025-09-04,644.4199829101562,649.1500244140625,643.510009765625,649.1199951171875,642.00634765625,65219200,0.0,0.0,0.0
2025-09-05,651.47998046875,652.2100219726562,643.3300170898438,647.239990234375,640.14697265625,85178900,0.0,0.0,0.0
2025-09-08,648.6199951171875,649.8400268554688,647.22998046875,648.8300170898438,641.7195434570312,63133100,0.0,0.0,0.0
2025-09-09,648.969970703125,650.8599853515625,647.219970703125,650.3300170898438,643.203125,66133900,0.0,0.0,0.0
2025-09-10,653.6199951171875,654.5499877929688,650.6300048828125,652.2100219726562,645.0625,78034500,0.0,0.0,0.0
2025-09-11,654.1799926757812,658.3300170898438,653.5900268554688,657.6300048828125,650.4232177734375,69934400,0.0,0.0,0.0
2025-09-12,657.5999755859375,659.1099853515625,656.9000244140625,657.4099731445312,650.2054443359375,72780100,0.0,0.0,0.0
2025-09-15,659.6400146484375,661.0399780273438,659.3400268554688,660.9099731445312,653.6671142578125,63772400,0.0,0.0,0.0
2025-09-16,661.469970703125,661.780029296875,659.2100219726562,660.0,652.7671508789062,61169000,0.0,0.0,0.0
2025-09-17,660.010009765625,661.719970703125,654.2999877929688,659.1799926757812,651.9561157226562,101952200,0.0,0.0,0.0
2025-09-18,661.8900146484375,664.8900146484375,660.27001953125,662.260009765625,655.0023803710938,90459200,0.0,0.0,0.0
2025-09-19,662.3300170898438,664.5499877929688,660.3699951171875,663.7000122070312,658.2465209960938,97945600,1.831,0.0,0.0
2025-09-22,662.2000122070312,667.2899780273438,662.1699829101562,666.8400268554688,661.3607177734375,69452200,0.0,0.0,0.0
2025-09-23,666.719970703125,667.3400268554688,661.97998046875,663.2100219726562,657.7606201171875,81708900,0.0,0.0,0.0
2025-09-24,664.510009765625,664.6099853515625,659.6699829101562,661.0999755859375,655.6678466796875,68082200,0.0,0.0,0.0
2025-09-25,657.9400024414062,659.4099731445312,654.4099731445312,658.0499877929688,652.6429443359375,89622100,0.0,0.0,0.0
2025-09-26,659.510009765625,662.3699951171875,657.8800048828125,661.8200073242188,656.3819580078125,69179200,0.0,0.0,0.0
2025-09-29,664.3599853515625,665.280029296875,661.8599853515625,663.6799926757812,658.2266845703125,73499000,0.0,0.0,0.0
2025-09-30,662.9299926757812,666.6500244140625,661.6099853515625,666.1799926757812,660.7061157226562,86288000,0.0,0.0,0.0
2025-10-01,663.1699829101562,669.3699951171875,663.0599975585938,668.4500122070312,662.95751953125,72545400,0.0,0.0,0.0
2025-10-02,670.4500122070312,670.5700073242188,666.780029296875,669.219970703125,663.7210693359375,56896000,0.0,0.0,0.0
2025-10-03,669.989990234375,672.6799926757812,668.1599731445312,669.2100219726562,663.7113037109375,70494400,0.0,0.0,0.0
2025-10-06,671.6199951171875,672.510009765625,669.4600219726562,671.6099853515625,666.0914916992188,54623300,0.0,0.0,0.0
2025-10-07,672.5399780273438,672.989990234375,667.6699829101562,669.1199951171875,663.6219482421875,72020100,0.0,0.0,0.0
2025-10-08,670.25,673.2100219726562,669.4199829101562,673.1099853515625,667.5791625976562,60702200,0.0,0.0,0.0
2025-10-09,673.530029296875,673.9400024414062,669.2100219726562,671.1599731445312,665.6452026367188,66501900,0.0,0.0,0.0
2025-10-10,672.1300048828125,673.9500122070312,652.8400268554688,653.02001953125,647.6542358398438,159422600,0.0,0.0,0.0
2025-10-13,660.6500244140625,665.1300048828125,659.77001953125,663.0399780273438,657.5919189453125,79560500,0.0,0.0,0.0
2025-10-14,657.1699829101562,665.8300170898438,653.1699829101562,662.22998046875,656.78857421875,88779600,0.0,0.0,0.0
2025-10-15,666.8200073242188,670.22998046875,658.9299926757812,665.1699829101562,659.7044067382812,81702600,0.0,0.0,0.0
2025-10-16,666.8200073242188,668.7100219726562,657.1099853515625,660.6400146484375,655.2116088867188,110563300,0.0,0.0,0.0
2025-10-17,659.5,665.760009765625,658.1400146484375,664.3900146484375,658.9308471679688,96500900,0.0,0.0,0.0
2025-10-20,667.3200073242188,672.2100219726562,667.27001953125,671.2999877929688,665.7840576171875,60493400,0.0,0.0,0.0
2025-10-21,671.4400024414062,672.989990234375,669.97998046875,671.2899780273438,665.7741088867188,56249000,0.0,0.0,0.0
2025-10-22,672.0,672.0,663.2999877929688,667.7999877929688,662.3128051757812,80564000,0.0,0.0,0.0
2025-10-23,668.1199951171875,672.7100219726562,667.7999877929688,671.760009765625,666.2402954101562,65604500,0.0,0.0,0.0
2025-10-24,676.4600219726562,678.469970703125,675.6500244140625,677.25,671.6851806640625,74356500,0.0,0.0,0.0
2025-10-27,682.72998046875,685.5399780273438,682.1199951171875,685.239990234375,679.6095581054688,63339800,0.0,0.0,0.0
2025-10-28,687.0499877929688,688.9099731445312,684.8300170898438,687.0599975585938,681.41455078125,61738100,0.0,0.0,0.0
2025-10-29,688.719970703125,689.7000122070312,682.8699951171875,687.3900146484375,681.7418823242188,85657100,0.0,0.0,0.0
2025-10-30,683.9000244140625,685.9400024414062,679.8300170898438,679.8300170898438,674.2440185546875,76335800,0.0,0.0,0.0
2025-10-31,685.0399780273438,685.0800170898438,679.239990234375,682.0599975585938,676.4556274414062,87164100,0.0,0.0,0.0
2025-11-03,685.6699829101562,685.7999877929688,679.9400024414062,683.3400268554688,677.72509765625,57315000,0.0,0.0,0.0
2025-11-04,676.1099853515625,679.9600219726562,674.5800170898438,675.239990234375,669.691650390625,78427000,0.0,0.0,0.0
2025-11-05,674.97998046875,680.8599853515625,674.1699829101562,677.5800170898438,672.012451171875,74402400,0.0,0.0,0.0
2025-11-06,676.469970703125,677.3800048828125,668.719970703125,670.3099975585938,664.8021850585938,85035300,0.0,0.0,0.0
2025-11-07,667.9099731445312,671.0800170898438,661.2100219726562,670.969970703125,665.4567260742188,100592400,0.0,0.0,0.0
2025-11-10,677.239990234375,682.1799926757812,675.030029296875,681.4400024414062,675.8406982421875,75842900,0.0,0.0,0.0
2025-11-11,679.9500122070312,683.5700073242188,678.72998046875,683.0,677.387939453125,58953400,0.0,0.0,0.0
2025-11-12,684.7899780273438,684.9600219726562,680.9500122070312,683.3800048828125,677.7648315429688,62312500,0.0,0.0,0.0
2025-11-13,680.5,680.8599853515625,670.52001953125,672.0399780273438,666.5180053710938,103457800,0.0,0.0,0.0
2025-11-14,665.3800048828125,675.6599731445312,663.27001953125,671.9299926757812,666.4088134765625,96846700,0.0,0.0,0.0
2025-11-17,669.7000122070312,673.7100219726562,662.1699829101562,665.6699829101562,660.2003173828125,90456100,0.0,0.0,0.0
2025-11-18,662.0999755859375,665.1199951171875,655.8599853515625,660.0800170898438,654.65625,114467500,0.0,0.0,0.0
2025-11-19,660.780029296875,667.3400268554688,658.75,662.6300048828125,657.185302734375,94703000,0.0,0.0,0.0
2025-11-20,672.9099731445312,675.5599975585938,651.8900146484375,652.530029296875,647.1683349609375,165293500,0.0,0.0,0.0
2025-11-21,655.0499877929688,664.5499877929688,650.8499755859375,659.030029296875,653.6148681640625,123956200,0.0,0.0,0.0
2025-11-24,662.6900024414062,670.0599975585938,661.5900268554688,668.72998046875,663.2351684570312,80437900,0.0,0.0,0.0
2025-11-25,668.6300048828125,676.2100219726562,664.47998046875,675.02001953125,669.4735717773438,81077100,0.0,0.0,0.0
2025-11-26,677.6300048828125,681.7000122070312,676.719970703125,679.6799926757812,674.09521484375,71879600,0.0,0.0,0.0
2025-11-28,680.8599853515625,683.6699829101562,680.5,683.3900146484375,677.7747192382812,49212000,0.0,0.0,0.0
2025-12-01,678.8099975585938,682.989990234375,678.739990234375,680.27001953125,674.6803588867188,61201200,0.0,0.0,0.0
2025-12-02,681.9199829101562,683.8200073242188,679.3300170898438,681.530029296875,675.9299926757812,62953800,0.0,0.0,0.0
2025-12-03,680.5700073242188,684.9099731445312,679.6900024414062,683.8900146484375,678.2706298828125,57238500,0.0,0.0,0.0
2025-12-04,685.2999877929688,685.3699951171875,681.3400268554688,684.3900146484375,678.7664794921875,61970300,0.0,0.0,0.0
2025-12-05,685.469970703125,688.3900146484375,684.5800170898438,685.6900024414062,680.0557861328125,79241000,0.0,0.0,0.0
2025-12-08,686.5900268554688,686.6400146484375,681.5700073242188,683.6300048828125,678.0126953125,55231500,0.0,0.0,0.0
2025-12-09,683.1500244140625,685.3900146484375,682.5900268554688,683.0399780273438,677.4276123046875,58310100,0.0,0.0,0.0
2025-12-10,682.5599975585938,688.969970703125,681.3099975585938,687.5700073242188,681.92041015625,85671300,0.0,0.0,0.0
2025-12-11,685.1400146484375,689.25,682.1699829101562,689.1699829101562,683.5072021484375,86173700,0.0,0.0,0.0
2025-12-12,688.1699829101562,688.8800048828125,679.1699829101562,681.760009765625,676.1581420898438,113160300,0.0,0.0,0.0
2025-12-15,685.739990234375,685.760009765625,679.25,680.72998046875,675.1365966796875,90811000,0.0,0.0,0.0
2025-12-16,679.22998046875,681.0800170898438,674.97998046875,678.8699951171875,673.2918701171875,122030600,0.0,0.0,0.0
2025-12-17,679.8900146484375,680.4400024414062,671.2000122070312,671.4000244140625,665.8832397460938,110625200,0.0,0.0,0.0
2025-12-18,677.5999755859375,680.739990234375,674.9000244140625,676.469970703125,670.9115600585938,108650100,0.0,0.0,0.0
2025-12-19,676.5900268554688,681.0900268554688,676.469970703125,680.5900268554688,676.9923095703125,103599500,1.993,0.0,0.0
2025-12-22,683.9400024414062,685.3599853515625,680.5900268554688,684.8300170898438,681.2098999023438,69556700,0.0,0.0,0.0
2025-12-23,683.9199829101562,688.2000122070312,683.8699951171875,687.9600219726562,684.3233032226562,64840000,0.0,0.0,0.0
2025-12-24,687.9500122070312,690.8300170898438,687.7999877929688,690.3800048828125,686.7305297851562,39445600,0.0,0.0,0.0
2025-12-26,690.6400146484375,691.6599731445312,689.27001953125,690.3099975585938,686.660888671875,41613300,0.0,0.0,0.0
2025-12-29,687.5399780273438,689.2000122070312,686.0700073242188,687.8499755859375,684.2138671875,62559500,0.0,0.0,0.0
2025-12-30,687.4500122070312,688.5599975585938,686.5800170898438,687.010009765625,683.3783569335938,47160700,0.0,0.0,0.0
2025-12-31,687.1400146484375,687.3599853515625,681.7100219726562,681.9199829101562,678.3152465820312,74144800,0.0,0.0,0.0
2026-01-02,685.7100219726562,686.8699951171875,679.8200073242188,683.1699829101562,679.55859375,89377200,0.0,0.0,0.0
2026-01-05,686.5399780273438,689.4299926757812,686.3800048828125,687.719970703125,684.0845336914062,71927200,0.0,0.0,0.0
2026-01-06,687.9299926757812,692.3200073242188,687.780029296875,691.8099975585938,688.1529541015625,69273800,0.0,0.0,0.0
2026-01-07,692.1900024414062,693.9600219726562,689.3200073242188,689.5800170898438,685.9347534179688,75588300,0.0,0.0,0.0
2026-01-08,688.8200073242188,690.6199951171875,687.489990234375,689.510009765625,685.8651123046875,64019200,0.0,0.0,0.0
2026-01-09,690.6300048828125,695.3099975585938,689.1799926757812,694.0700073242188,690.4010009765625,80125500,0.0,0.0,0.0
2026-01-12,690.6799926757812,696.0900268554688,690.6300048828125,695.1599731445312,691.4852294921875,63976000,0.0,0.0,0.0
2026-01-13,695.489990234375,696.0900268554688,691.3499755859375,693.77001953125,690.1026000976562,78309700,0.0,0.0,0.0
2026-01-14,691.0,691.719970703125,686.0399780273438,690.3599853515625,686.7106323242188,94676700,0.0,0.0,0.0
2026-01-15,694.5700073242188,695.4500122070312,691.25,692.239990234375,688.5806884765625,77862000,0.0,0.0,0.0
2026-01-16,693.6599731445312,694.25,690.0999755859375,691.6599731445312,688.0037231445312,79289200,0.0,0.0,0.0
2026-01-20,681.489990234375,684.77001953125,676.5700073242188,677.5800170898438,673.9981689453125,111623300,0.0,0.0,0.0
2026-01-21,679.6500244140625,688.739990234375,678.1300048828125,685.4000244140625,681.77685546875,127844500,0.0,0.0,0.0
2026-01-22,689.8499755859375,691.1300048828125,686.9199829101562,688.97998046875,685.3379516601562,77112200,0.0,0.0,0.0
2026-01-23,688.1500244140625,690.9600219726562,687.1599731445312,689.22998046875,685.5865478515625,63059600,0.0,0.0,0.0
2026-01-26,690.489990234375,694.1300048828125,689.9199829101562,692.72998046875,689.0680541992188,60473800,0.0,0.0,0.0
2026-01-27,694.1799926757812,696.530029296875,693.5700073242188,695.489990234375,691.8134765625,55506100,0.0,0.0,0.0
2026-01-28,697.0499877929688,697.8400268554688,693.9400024414062,695.4199829101562,691.7438354492188,61172200,0.0,0.0,0.0
2026-01-29,696.3900146484375,697.0599975585938,684.8300170898438,694.0399780273438,690.3711547851562,97486200,0.0,0.0,0.0
2026-01-30,691.7899780273438,694.2100219726562,687.1199951171875,691.969970703125,688.3120727539062,101835100,0.0,0.0,0.0
2026-02-02,689.5800170898438,696.9299926757812,689.4199829101562,695.4099731445312,691.7339477539062,79286500,0.0,0.0,0.0
2026-02-03,696.2100219726562,696.9600219726562,684.030029296875,689.530029296875,685.885009765625,107904600,0.0,0.0,0.0
2026-02-04,690.3499755859375,691.4500122070312,681.760009765625,686.1900024414062,682.5626831054688,105204600,0.0,0.0,0.0
2026-02-05,680.9400024414062,683.6900024414062,675.7899780273438,677.6199951171875,674.0379638671875,113610800,0.0,0.0,0.0
2026-02-06,681.4600219726562,692.3099975585938,680.8499755859375,690.6199951171875,686.96923828125,89127600,0.0,0.0,0.0
2026-02-09,689.4199829101562,695.8699951171875,688.3400268554688,693.9500122070312,690.2816772460938,73885200,0.0,0.0,0.0
2026-02-10,694.9500122070312,696.5399780273438,691.6599731445312,692.1199951171875,688.4613037109375,65185700,0.0,0.0,0.0
2026-02-11,696.3900146484375,697.1400146484375,689.1799926757812,691.9600219726562,688.3021850585938,76353900,0.0,0.0,0.0
2026-02-12,694.239990234375,695.3499755859375,680.3699951171875,681.27001953125,677.668701171875,118829000,0.0,0.0,0.0
2026-02-13,681.6900024414062,686.280029296875,677.52001953125,681.75,678.1461181640625,96267500,0.0,0.0,0.0
2026-02-17,680.1400146484375,684.9400024414062,675.780029296875,682.8499755859375,679.2402954101562,81354700,0.0,0.0,0.0
2026-02-18,684.02001953125,689.1500244140625,682.8300170898438,686.2899780273438,682.662109375,73570300,0.0,0.0,0.0
2026-02-19,683.8400268554688,686.1799926757812,681.5499877929688,684.47998046875,680.8616333007812,58649400,0.0,0.0,0.0
2026-02-20,682.3200073242188,690.0599975585938,681.72998046875,689.4299926757812,685.7855834960938,100034000,0.0,0.0,0.0
2026-02-23,687.8300170898438,690.0,680.3699951171875,682.3900146484375,678.7827758789062,90558100,0.0,0.0,0.0
2026-02-24,681.9000244140625,688.3499755859375,680.0,687.3499755859375,683.7164916992188,73798700,0.0,0.0,0.0
2026-02-25,690.1799926757812,693.6799926757812,690.0999755859375,693.1500244140625,689.4859008789062,56369500,0.0,0.0,0.0
2026-02-26,693.280029296875,693.2999877929688,684.3499755859375,689.2999877929688,685.6561889648438,71671000,0.0,0.0,0.0
2026-02-27,683.0900268554688,686.8599853515625,681.6400146484375,685.989990234375,682.3637084960938,83308900,0.0,0.0,0.0
2026-03-02,678.7000122070312,688.6199951171875,678.02001953125,686.3800048828125,682.751708984375,87477200,0.0,0.0,0.0
2026-03-03,675.0599975585938,682.6099853515625,669.6599731445312,680.3300170898438,676.7337036132812,105003100,0.0,0.0,0.0
2026-03-04,681.6300048828125,687.0900268554688,679.6199951171875,685.1300048828125,681.5082397460938,79182200,0.0,0.0,0.0
2026-03-05,682.0800170898438,685.530029296875,675.6099853515625,681.3099975585938,677.70849609375,106606500,0.0,0.0,0.0
2026-03-06,673.4099731445312,676.1099853515625,669.760009765625,672.3800048828125,668.82568359375,100687000,0.0,0.0,0.0
2026-03-09,666.3900146484375,679.9199829101562,662.3900146484375,678.27001953125,674.6845703125,102667700,0.0,0.0,0.0
2026-03-10,677.719970703125,683.3599853515625,674.760009765625,677.1799926757812,673.6002807617188,81505300,0.0,0.0,0.0
2026-03-11,677.5800170898438,680.0800170898438,673.3400268554688,676.3300170898438,672.7548217773438,68441700,0.0,0.0,0.0
2026-03-12,671.1599731445312,671.6500244140625,665.8699951171875,666.0599975585938,662.5390625,108882200,0.0,0.0,0.0
2026-03-13,669.27001953125,672.3400268554688,661.3599853515625,662.2899780273438,658.7890014648438,97200200,0.0,0.0,0.0
2026-03-16,668.3800048828125,672.0700073242188,667.1199951171875,669.030029296875,665.493408203125,82023100,0.0,0.0,0.0
2026-03-17,672.3900146484375,674.4400024414062,669.7000122070312,670.7899780273438,667.2440185546875,87128000,0.0,0.0,0.0
2026-03-18,668.3599853515625,669.719970703125,661.1900024414062,661.4299926757812,657.9335327148438,82062600,0.0,0.0,0.0
2026-03-19,656.969970703125,662.97998046875,655.1699829101562,659.7999877929688,656.3121948242188,111272500,0.0,0.0,0.0
2026-03-20,656.510009765625,656.6900024414062,644.719970703125,648.5700073242188,646.9034423828125,163617500,1.797,0.0,0.0
2026-03-23,658.0700073242188,662.6199951171875,653.9400024414062,655.3800048828125,653.6959228515625,134802700,0.0,0.0,0.0
2026-03-24,651.3200073242188,657.030029296875,649.8800048828125,653.1799926757812,651.5015869140625,96457500,0.0,0.0,0.0
2026-03-25,658.6699829101562,660.8900146484375,654.239990234375,656.8200073242188,655.1322021484375,90653800,0.0,0.0,0.0
2026-03-26,652.0599975585938,654.8499755859375,644.8200073242188,645.0900268554688,643.432373046875,96494400,0.0,0.0,0.0
2026-03-27,642.5,642.6599731445312,633.1099853515625,634.0900268554688,632.4606323242188,103649400,0.0,0.0,0.0
2026-03-30,640.1099853515625,640.3699951171875,629.280029296875,631.969970703125,630.3460693359375,99275900,0.0,0.0,0.0
2026-03-31,638.9400024414062,651.5399780273438,637.97998046875,650.3400268554688,648.6688842773438,152534100,0.0,0.0,0.0
2026-04-01,653.9000244140625,658.52001953125,653.0,655.239990234375,653.5562744140625,97841500,0.0,0.0,0.0
2026-04-02,646.4199829101562,658.2000122070312,645.1099853515625,655.8300170898438,654.144775390625,68358700,0.0,0.0,0.0
2026-04-06,655.8599853515625,659.719970703125,655.52001953125,658.9299926757812,657.23681640625,39105800,0.0,0.0,0.0
2026-04-07,656.6500244140625,659.6099853515625,651.0599975585938,659.219970703125,657.5260009765625,69980400,0.0,0.0,0.0
2026-04-08,676.3900146484375,677.0800170898438,671.4600219726562,676.010009765625,674.27294921875,93606100,0.0,0.0,0.0
2026-04-09,674.8400268554688,681.1599731445312,673.77001953125,679.9099731445312,678.162841796875,57134400,0.0,0.0,0.0
2026-04-10,681.3200073242188,682.030029296875,678.4500122070312,679.4600219726562,677.7140502929688,42253500,0.0,0.0,0.0
2026-04-13,677.4099731445312,686.2999877929688,676.5800170898438,686.0999755859375,684.3369750976562,54185800,0.0,0.0,0.0
2026-04-14,687.6900024414062,694.5800170898438,687.6599731445312,694.4600219726562,692.675537109375,63480500,0.0,0.0,0.0
2026-04-15,695.260009765625,700.280029296875,694.2000122070312,699.9400024414062,698.1414184570312,58240400,0.0,0.0,0.0
2026-04-16,701.0599975585938,702.780029296875,698.530029296875,701.6599731445312,699.8569946289062,49972400,0.0,0.0,0.0
2026-04-17,706.1400146484375,712.3900146484375,705.760009765625,710.1400146484375,708.3152465820312,70661900,0.0,0.0,0.0
2026-04-20,708.780029296875,709.9099731445312,706.1400146484375,708.719970703125,706.8988037109375,43546800,0.0,0.0,0.0
2026-04-21,710.280029296875,711.280029296875,702.6400146484375,704.0800170898438,702.2708129882812,58941400,0.0,0.0,0.0
2026-04-22,709.1500244140625,711.4500122070312,708.219970703125,711.2100219726562,709.3825073242188,42518500,0.0,0.0,0.0
2026-04-23,709.5,712.3599853515625,702.280029296875,708.4500122070312,706.6295776367188,56174000,0.0,0.0,0.0
2026-04-24,710.75,714.469970703125,709.010009765625,713.9400024414062,712.10546875,45182000,0.0,0.0,0.0
2026-04-27,713.1699829101562,715.6300048828125,712.2999877929688,715.1699829101562,713.332275390625,33135900,0.0,0.0,0.0
2026-04-28,711.8200073242188,712.8800048828125,709.25,711.6900024414062,709.8612060546875,43117400,0.0,0.0,0.0
2026-04-29,711.0,712.2000122070312,708.3699951171875,711.5800170898438,709.7515258789062,41859200,0.0,0.0,0.0
2026-04-30,714.6300048828125,719.7899780273438,710.4500122070312,718.6599731445312,716.8132934570312,67240900,0.0,0.0,0.0
2026-05-01,721.25,724.8699951171875,720.469970703125,720.6500244140625,718.7982177734375,43049800,0.0,0.0,0.0
2026-05-04,720.0700073242188,722.1199951171875,714.989990234375,718.010009765625,716.1649780273438,51950600,0.0,0.0,0.0
2026-05-05,721.77001953125,725.0399780273438,721.489990234375,723.77001953125,721.9102172851562,36933200,0.0,0.0,0.0
2026-05-06,728.1599731445312,734.5900268554688,727.8200073242188,733.8300170898438,731.9443359375,53288900,0.0,0.0,0.0
2026-05-07,735.0499877929688,736.1300048828125,729.75,731.5800170898438,729.7001342773438,51724600,0.0,0.0,0.0
2026-05-08,734.9299926757812,738.0800170898438,734.5700073242188,737.6199951171875,735.724609375,47227100,0.0,0.0,0.0
2026-05-11,736.4500122070312,740.7899780273438,736.4500122070312,739.2999877929688,737.4002685546875,44024000,0.0,0.0,0.0
2026-05-12,736.8900146484375,738.8400268554688,731.8300170898438,738.1799926757812,736.2831420898438,54185300,0.0,0.0,0.0
2026-05-13,738.469970703125,743.9099731445312,735.469970703125,742.3099975585938,740.4025268554688,44200200,0.0,0.0,0.0
2026-05-14,743.6500244140625,749.530029296875,743.5599975585938,748.1699829101562,746.2474975585938,45307600,0.0,0.0,0.0
2026-05-15,741.7899780273438,743.4600219726562,737.9600219726562,739.1699829101562,737.2706298828125,60410800,0.0,0.0,0.0
2026-05-18,739.8300170898438,741.4199829101562,733.3900146484375,738.6500244140625,736.751953125,47843900,0.0,0.0,0.0
2026-05-19,734.780029296875,737.6500244140625,731.530029296875,733.72998046875,731.8446044921875,54255900,0.0,0.0,0.0
2026-05-20,735.7100219726562,741.8699951171875,733.8900146484375,741.25,739.3452758789062,45768000,0.0,0.0,0.0
2026-05-21,738.6400146484375,744.8699951171875,737.030029296875,742.719970703125,740.8114624023438,43332200,0.0,0.0,0.0
2026-05-22,746.239990234375,748.9400024414062,744.47998046875,745.6400146484375,743.7239990234375,41762000,0.0,0.0,0.0
2026-05-26,750.010009765625,752.1300048828125,748.3699951171875,750.5900268554688,748.6613159179688,41123600,0.0,0.0,0.0
2026-05-27,750.8800048828125,751.3800048828125,748.219970703125,750.4600219726562,748.5316162109375,42106300,0.0,0.0,0.0
2026-05-28,750.25,755.1500244140625,749.22998046875,754.5999755859375,752.6609497070312,41562600,0.0,0.0,0.0
2026-05-29,755.9000244140625,758.0800170898438,754.6900024414062,756.47998046875,754.5361328125,55075700,0.0,0.0,0.0
2026-06-01,755.3599853515625,760.280029296875,754.6900024414062,758.5399780273438,756.5908203125,43634900,0.0,0.0,0.0
2026-06-02,757.030029296875,760.4000244140625,756.75,759.5700073242188,757.6182250976562,31581900,0.0,0.0,0.0
2026-06-03,758.1500244140625,758.7999877929688,753.5700073242188,754.239990234375,752.3018798828125,51402500,0.0,0.0,0.0
2026-06-04,752.0999755859375,758.3099975585938,751.469970703125,757.0900268554688,755.1445922851562,49923000,0.0,0.0,0.0
2026-06-05,752.3099975585938,752.8200073242188,735.530029296875,737.5499877929688,735.65478515625,93989400,0.0,0.0,0.0
2026-06-08,743.3599853515625,745.3400268554688,738.1900024414062,739.219970703125,737.3204345703125,49319100,0.0,0.0,0.0
2026-06-09,743.6300048828125,746.9000244140625,722.5900268554688,737.0499877929688,735.1560668945312,87683500,0.0,0.0,0.0
2026-06-10,733.3900146484375,738.3800048828125,725.3300170898438,725.4299926757812,723.56591796875,60341300,0.0,0.0,0.0
2026-06-11,728.760009765625,740.0,724.4099731445312,737.760009765625,735.8642578125,86330500,0.0,0.0,0.0
2026-06-12,740.7100219726562,744.4400024414062,735.030029296875,741.75,739.843994140625,57079500,0.0,0.0,0.0
2026-06-15,751.8499755859375,756.6799926757812,751.760009765625,754.8300170898438,752.890380859375,60176400,0.0,0.0,0.0
2026-06-16,754.5499877929688,755.4400024414062,749.8800048828125,750.3300170898438,748.4019775390625,67093100,0.0,0.0,0.0
2026-06-17,751.2899780273438,752.1500244140625,739.219970703125,740.9600219726562,739.0560302734375,85945200,0.0,0.0,0.0
2026-06-18,747.760009765625,748.22998046875,743.8599853515625,746.739990234375,746.739990234375,80875700,1.904,0.0,0.0
2026-06-22,747.7000122070312,750.1799926757812,743.1300048828125,744.3900146484375,744.3900146484375,46628100,0.0,0.0,0.0
2026-06-23,733.8099975585938,739.6300048828125,732.2999877929688,733.5800170898438,733.5800170898438,66846800,0.0,0.0,0.0
2026-06-24,735.1699829101562,739.9500122070312,730.8400268554688,733.239990234375,733.239990234375,57439500,0.0,0.0,0.0
2026-06-25,738.9099731445312,739.3699951171875,729.5999755859375,734.2999877929688,734.2999877929688,53934400,0.0,0.0,0.0
2026-06-26,728.9500122070312,736.530029296875,716.5800170898438,728.989990234375,728.989990234375,71034000,0.0,0.0,0.0
2026-06-29,736.530029296875,741.5599975585938,732.0900268554688,741.0,741.0,58035200,0.0,0.0,0.0
2026-06-30,741.2899780273438,748.02001953125,740.8900146484375,746.77001953125,746.77001953125,55626000,0.0,0.0,0.0
2026-07-01,745.0,749.4400024414062,742.3800048828125,745.760009765625,745.760009765625,47100900,0.0,0.0,0.0
2026-07-02,747.4000244140625,751.3099975585938,740.030029296875,744.780029296875,744.780029296875,57447800,0.0,0.0,0.0
2026-07-06,748.739990234375,752.4099731445312,747.4099731445312,751.280029296875,751.280029296875,50673300,0.0,0.0,0.0
2026-07-07,750.219970703125,750.9600219726562,745.2100219726562,747.7100219726562,747.7100219726562,43721500,0.0,0.0,0.0
2026-07-08,743.1599731445312,746.1500244140625,739.510009765625,745.4000244140625,745.4000244140625,43767400,0.0,0.0,0.0
2026-07-09,747.3499755859375,751.969970703125,745.5900268554688,751.7100219726562,751.7100219726562,41441700,0.0,0.0,0.0
2026-07-10,752.0499877929688,755.4199829101562,748.0999755859375,754.9500122070312,754.9500122070312,42191300,0.0,0.0,0.0
2026-07-13,752.469970703125,753.9099731445312,748.0,749.1699829101562,749.1699829101562,44013600,0.0,0.0,0.0
2026-07-14,750.9099731445312,753.3400268554688,748.6599731445312,751.8300170898438,751.8300170898438,35143100,0.0,0.0,0.0
2026-07-15,754.239990234375,755.5800170898438,750.2000122070312,754.8099975585938,754.8099975585938,43844800,0.0,0.0,0.0
2026-07-16,752.760009765625,754.5700073242188,747.8800048828125,750.719970703125,750.719970703125,46409800,0.0,0.0,0.0
2026-07-17,742.0800170898438,747.2899780273438,740.7999877929688,743.2899780273438,743.2899780273438,62651000,0.0,0.0,0.0
2026-07-20,747.0599975585938,748.72998046875,741.510009765625,742.0900268554688,742.0900268554688,50422300,0.0,0.0,0.0
2026-07-21,746.2899780273438,749.0399780273438,744.1799926757812,748.280029296875,748.280029296875,34324300,0.0,0.0,0.0
2026-07-22,746.6199951171875,750.02001953125,746.3699951171875,747.4099731445312,747.4099731445312,32836200,0.0,0.0,0.0
2026-07-23,739.3699951171875,742.5599975585938,735.2100219726562,738.1799926757812,738.1799926757812,55437300,0.0,0.0,0.0
2026-07-24,738.510009765625,743.719970703125,737.2899780273438,738.9299926757812,738.9299926757812,44782000,0.0,0.0,0.0
2026-07-27,744.9099731445312,745.530029296875,735.8699951171875,739.0900268554688,739.0900268554688,41461200,0.0,0.0,0.0
2026-07-28,739.1900024414062,742.7899780273438,735.97998046875,740.8599853515625,740.8599853515625,47322200,0.0,0.0,0.0
2026-07-29,739.969970703125,742.6799926757812,729.0999755859375,729.4600219726562,729.4600219726562,70697200,0.0,0.0,0.0
2026-07-30,736.0499877929688,742.4500122070312,734.5900268554688,741.6900024414062,741.6900024414062,66811300,0.0,0.0,0.0
2026-07-31,744.6799926757812,748.9000244140625,737.6799926757812,747.030029296875,747.030029296875,62445900,0.0,0.0,0.0
